user_id,month,plan,monthly_price,payment_status,amount_paid,is_active
1,1,basic,9.99,paid,9.99,True
2,1,premium,29.99,paid,29.99,True
3,1,pro,19.99,paid,19.99,True
4,1,pro,19.99,paid,19.99,True
5,1,basic,9.99,paid,9.99,True
6,1,basic,9.99,paid,9.99,True
7,1,basic,9.99,paid,9.99,True
8,1,premium,29.99,paid,29.99,True
9,1,pro,19.99,paid,19.99,True
10,1,pro,19.99,paid,19.99,True
11,1,basic,9.99,paid,9.99,True
12,1,premium,29.99,paid,29.99,True
13,1,pro,19.99,paid,19.99,True
14,1,basic,9.99,paid,9.99,True
15,1,basic,9.99,paid,9.99,True
16,1,basic,9.99,paid,9.99,True
17,1,basic,9.99,paid,9.99,True
18,1,pro,19.99,paid,19.99,True
19,1,basic,9.99,paid,9.99,True
20,1,basic,9.99,paid,9.99,True
21,1,pro,19.99,paid,19.99,True
22,1,basic,9.99,paid,9.99,True
23,1,basic,9.99,paid,9.99,True
24,1,basic,9.99,paid,9.99,True
25,1,basic,9.99,paid,9.99,True
26,1,pro,19.99,paid,19.99,True
27,1,basic,9.99,paid,9.99,True
28,1,pro,19.99,paid,19.99,True
29,1,pro,19.99,paid,19.99,True
30,1,basic,9.99,paid,9.99,True
31,1,pro,19.99,paid,19.99,True
32,1,basic,9.99,paid,9.99,True
33,1,basic,9.99,paid,9.99,True
34,1,premium,29.99,paid,29.99,True
35,1,premium,29.99,paid,29.99,True
36,1,pro,19.99,paid,19.99,True
37,1,basic,9.99,paid,9.99,True
38,1,basic,9.99,paid,9.99,True
39,1,pro,19.99,paid,19.99,True
40,1,basic,9.99,paid,9.99,True
41,1,basic,9.99,paid,9.99,True
42,1,basic,9.99,paid,9.99,True
43,1,basic,9.99,paid,9.99,True
44,1,premium,29.99,paid,29.99,True
45,1,basic,9.99,paid,9.99,True
46,1,pro,19.99,paid,19.99,True
47,1,basic,9.99,paid,9.99,True
48,1,pro,19.99,paid,19.99,True
49,1,pro,19.99,paid,19.99,True
50,1,basic,9.99,paid,9.99,True
51,1,premium,29.99,paid,29.99,True
52,1,pro,19.99,paid,19.99,True
53,1,premium,29.99,paid,29.99,True
54,1,premium,29.99,paid,29.99,True
55,1,pro,19.99,paid,19.99,True
56,1,premium,29.99,paid,29.99,True
57,1,basic,9.99,paid,9.99,True
58,1,basic,9.99,paid,9.99,True
59,1,basic,9.99,paid,9.99,True
60,1,basic,9.99,paid,9.99,True
61,1,basic,9.99,paid,9.99,True
62,1,basic,9.99,paid,9.99,True
63,1,pro,19.99,paid,19.99,True
64,1,basic,9.99,paid,9.99,True
65,1,basic,9.99,paid,9.99,True
66,1,pro,19.99,paid,19.99,True
67,1,basic,9.99,paid,9.99,True
68,1,pro,19.99,paid,19.99,True
69,1,basic,9.99,paid,9.99,True
70,1,premium,29.99,paid,29.99,True
71,1,pro,19.99,paid,19.99,True
72,1,basic,9.99,paid,9.99,True
73,1,basic,9.99,paid,9.99,True
74,1,pro,19.99,paid,19.99,True
75,1,pro,19.99,paid,19.99,True
76,1,pro,19.99,paid,19.99,True
77,1,pro,19.99,paid,19.99,True
78,1,basic,9.99,paid,9.99,True
79,1,basic,9.99,paid,9.99,True
80,1,basic,9.99,paid,9.99,True
81,1,premium,29.99,paid,29.99,True
82,1,pro,19.99,paid,19.99,True
83,1,basic,9.99,paid,9.99,True
84,1,basic,9.99,paid,9.99,True
85,1,basic,9.99,paid,9.99,True
86,1,basic,9.99,paid,9.99,True
87,1,pro,19.99,paid,19.99,True
88,1,pro,19.99,paid,19.99,True
89,1,premium,29.99,paid,29.99,True
90,1,basic,9.99,paid,9.99,True
91,1,basic,9.99,paid,9.99,True
92,1,pro,19.99,paid,19.99,True
93,1,pro,19.99,paid,19.99,True
94,1,pro,19.99,paid,19.99,True
95,1,pro,19.99,paid,19.99,True
96,1,basic,9.99,paid,9.99,True
97,1,pro,19.99,paid,19.99,True
98,1,basic,9.99,paid,9.99,True
99,1,basic,9.99,paid,9.99,True
100,1,basic,9.99,paid,9.99,True
101,1,basic,9.99,paid,9.99,True
102,1,pro,19.99,paid,19.99,True
103,1,basic,9.99,paid,9.99,True
104,1,pro,19.99,paid,19.99,True
105,1,premium,29.99,paid,29.99,True
106,1,basic,9.99,paid,9.99,True
107,1,basic,9.99,paid,9.99,True
108,1,pro,19.99,paid,19.99,True
109,1,basic,9.99,paid,9.99,True
110,1,basic,9.99,paid,9.99,True
111,1,basic,9.99,paid,9.99,True
112,1,basic,9.99,paid,9.99,True
113,1,premium,29.99,paid,29.99,True
114,1,pro,19.99,paid,19.99,True
115,1,pro,19.99,paid,19.99,True
116,1,premium,29.99,paid,29.99,True
117,1,pro,19.99,paid,19.99,True
118,1,basic,9.99,paid,9.99,True
119,1,premium,29.99,paid,29.99,True
120,1,pro,19.99,paid,19.99,True
121,1,pro,19.99,paid,19.99,True
122,1,premium,29.99,paid,29.99,True
123,1,basic,9.99,paid,9.99,True
124,1,basic,9.99,paid,9.99,True
125,1,basic,9.99,paid,9.99,True
126,1,basic,9.99,paid,9.99,True
127,1,pro,19.99,paid,19.99,True
128,1,premium,29.99,paid,29.99,True
129,1,basic,9.99,paid,9.99,True
130,1,pro,19.99,paid,19.99,True
131,1,basic,9.99,paid,9.99,True
132,1,basic,9.99,paid,9.99,True
133,1,basic,9.99,paid,9.99,True
134,1,basic,9.99,paid,9.99,True
135,1,premium,29.99,paid,29.99,True
136,1,basic,9.99,paid,9.99,True
137,1,pro,19.99,paid,19.99,True
138,1,pro,19.99,paid,19.99,True
139,1,basic,9.99,paid,9.99,True
140,1,premium,29.99,paid,29.99,True
141,1,premium,29.99,paid,29.99,True
142,1,basic,9.99,paid,9.99,True
143,1,basic,9.99,paid,9.99,True
144,1,basic,9.99,paid,9.99,True
145,1,basic,9.99,paid,9.99,True
146,1,basic,9.99,paid,9.99,True
147,1,pro,19.99,paid,19.99,True
148,1,pro,19.99,paid,19.99,True
149,1,basic,9.99,paid,9.99,True
150,1,basic,9.99,paid,9.99,True
151,1,premium,29.99,paid,29.99,True
152,1,basic,9.99,paid,9.99,True
153,1,basic,9.99,paid,9.99,True
154,1,basic,9.99,paid,9.99,True
155,1,premium,29.99,paid,29.99,True
156,1,basic,9.99,paid,9.99,True
157,1,pro,19.99,paid,19.99,True
158,1,pro,19.99,paid,19.99,True
159,1,basic,9.99,paid,9.99,True
160,1,pro,19.99,paid,19.99,True
161,1,basic,9.99,paid,9.99,True
162,1,pro,19.99,paid,19.99,True
163,1,pro,19.99,paid,19.99,True
164,1,pro,19.99,paid,19.99,True
165,1,basic,9.99,paid,9.99,True
166,1,pro,19.99,paid,19.99,True
167,1,basic,9.99,paid,9.99,True
168,1,basic,9.99,paid,9.99,True
169,1,basic,9.99,paid,9.99,True
170,1,pro,19.99,paid,19.99,True
171,1,pro,19.99,paid,19.99,True
172,1,basic,9.99,paid,9.99,True
173,1,pro,19.99,paid,19.99,True
174,1,basic,9.99,paid,9.99,True
175,1,pro,19.99,paid,19.99,True
176,1,basic,9.99,paid,9.99,True
177,1,pro,19.99,paid,19.99,True
178,1,basic,9.99,paid,9.99,True
179,1,premium,29.99,paid,29.99,True
180,1,basic,9.99,paid,9.99,True
181,1,basic,9.99,paid,9.99,True
182,1,basic,9.99,paid,9.99,True
183,1,premium,29.99,paid,29.99,True
184,1,premium,29.99,paid,29.99,True
185,1,basic,9.99,paid,9.99,True
186,1,pro,19.99,paid,19.99,True
187,1,pro,19.99,paid,19.99,True
188,1,pro,19.99,paid,19.99,True
189,1,pro,19.99,paid,19.99,True
190,1,basic,9.99,paid,9.99,True
191,1,basic,9.99,paid,9.99,True
192,1,premium,29.99,paid,29.99,True
193,1,premium,29.99,paid,29.99,True
194,1,pro,19.99,paid,19.99,True
195,1,basic,9.99,paid,9.99,True
196,1,basic,9.99,paid,9.99,True
197,1,pro,19.99,paid,19.99,True
198,1,premium,29.99,paid,29.99,True
199,1,premium,29.99,paid,29.99,True
200,1,pro,19.99,paid,19.99,True
201,1,pro,19.99,paid,19.99,True
202,1,basic,9.99,paid,9.99,True
203,1,basic,9.99,paid,9.99,True
204,1,premium,29.99,paid,29.99,True
205,1,pro,19.99,paid,19.99,True
206,1,basic,9.99,paid,9.99,True
207,1,basic,9.99,paid,9.99,True
208,1,pro,19.99,paid,19.99,True
209,1,basic,9.99,paid,9.99,True
210,1,basic,9.99,paid,9.99,True
211,1,pro,19.99,paid,19.99,True
212,1,pro,19.99,paid,19.99,True
213,1,pro,19.99,paid,19.99,True
214,1,basic,9.99,paid,9.99,True
215,1,pro,19.99,paid,19.99,True
216,1,basic,9.99,paid,9.99,True
217,1,basic,9.99,paid,9.99,True
218,1,pro,19.99,paid,19.99,True
219,1,pro,19.99,paid,19.99,True
220,1,pro,19.99,paid,19.99,True
221,1,pro,19.99,paid,19.99,True
222,1,pro,19.99,paid,19.99,True
223,1,basic,9.99,paid,9.99,True
224,1,basic,9.99,paid,9.99,True
225,1,basic,9.99,paid,9.99,True
226,1,basic,9.99,paid,9.99,True
227,1,premium,29.99,paid,29.99,True
228,1,basic,9.99,paid,9.99,True
229,1,premium,29.99,paid,29.99,True
230,1,pro,19.99,paid,19.99,True
231,1,pro,19.99,paid,19.99,True
232,1,pro,19.99,paid,19.99,True
233,1,pro,19.99,paid,19.99,True
234,1,basic,9.99,paid,9.99,True
235,1,basic,9.99,paid,9.99,True
236,1,pro,19.99,paid,19.99,True
237,1,basic,9.99,paid,9.99,True
238,1,basic,9.99,paid,9.99,True
239,1,pro,19.99,paid,19.99,True
240,1,basic,9.99,paid,9.99,True
241,1,premium,29.99,paid,29.99,True
242,1,premium,29.99,paid,29.99,True
243,1,premium,29.99,paid,29.99,True
244,1,basic,9.99,paid,9.99,True
245,1,basic,9.99,paid,9.99,True
246,1,premium,29.99,paid,29.99,True
247,1,basic,9.99,paid,9.99,True
248,1,premium,29.99,paid,29.99,True
249,1,premium,29.99,paid,29.99,True
250,1,premium,29.99,paid,29.99,True
251,1,basic,9.99,paid,9.99,True
252,1,basic,9.99,paid,9.99,True
253,1,premium,29.99,paid,29.99,True
254,1,basic,9.99,paid,9.99,True
255,1,basic,9.99,paid,9.99,True
256,1,pro,19.99,paid,19.99,True
257,1,premium,29.99,paid,29.99,True
258,1,pro,19.99,paid,19.99,True
259,1,pro,19.99,paid,19.99,True
260,1,basic,9.99,paid,9.99,True
261,1,pro,19.99,paid,19.99,True
262,1,premium,29.99,paid,29.99,True
263,1,basic,9.99,paid,9.99,True
264,1,pro,19.99,paid,19.99,True
265,1,premium,29.99,paid,29.99,True
266,1,pro,19.99,paid,19.99,True
267,1,pro,19.99,paid,19.99,True
268,1,pro,19.99,paid,19.99,True
269,1,basic,9.99,paid,9.99,True
270,1,basic,9.99,paid,9.99,True
271,1,pro,19.99,paid,19.99,True
272,1,pro,19.99,paid,19.99,True
273,1,premium,29.99,paid,29.99,True
274,1,premium,29.99,paid,29.99,True
275,1,pro,19.99,paid,19.99,True
276,1,pro,19.99,paid,19.99,True
277,1,pro,19.99,paid,19.99,True
278,1,pro,19.99,paid,19.99,True
279,1,pro,19.99,paid,19.99,True
280,1,pro,19.99,paid,19.99,True
281,1,premium,29.99,paid,29.99,True
282,1,basic,9.99,paid,9.99,True
283,1,basic,9.99,paid,9.99,True
284,1,basic,9.99,paid,9.99,True
285,1,pro,19.99,paid,19.99,True
286,1,basic,9.99,paid,9.99,True
287,1,basic,9.99,paid,9.99,True
288,1,pro,19.99,paid,19.99,True
289,1,basic,9.99,paid,9.99,True
290,1,pro,19.99,paid,19.99,True
291,1,basic,9.99,paid,9.99,True
292,1,basic,9.99,paid,9.99,True
293,1,pro,19.99,paid,19.99,True
294,1,basic,9.99,paid,9.99,True
295,1,basic,9.99,paid,9.99,True
296,1,pro,19.99,paid,19.99,True
297,1,pro,19.99,paid,19.99,True
298,1,basic,9.99,paid,9.99,True
299,1,pro,19.99,paid,19.99,True
300,1,basic,9.99,paid,9.99,True
301,1,basic,9.99,paid,9.99,True
302,1,pro,19.99,paid,19.99,True
303,1,pro,19.99,paid,19.99,True
304,1,pro,19.99,paid,19.99,True
305,1,pro,19.99,paid,19.99,True
306,1,premium,29.99,paid,29.99,True
307,1,pro,19.99,paid,19.99,True
308,1,basic,9.99,paid,9.99,True
309,1,pro,19.99,paid,19.99,True
310,1,basic,9.99,paid,9.99,True
311,1,basic,9.99,paid,9.99,True
312,1,basic,9.99,paid,9.99,True
313,1,basic,9.99,paid,9.99,True
314,1,premium,29.99,paid,29.99,True
315,1,pro,19.99,paid,19.99,True
316,1,pro,19.99,paid,19.99,True
317,1,basic,9.99,paid,9.99,True
318,1,basic,9.99,paid,9.99,True
319,1,basic,9.99,paid,9.99,True
320,1,basic,9.99,paid,9.99,True
321,1,pro,19.99,paid,19.99,True
322,1,pro,19.99,paid,19.99,True
323,1,pro,19.99,paid,19.99,True
324,1,basic,9.99,paid,9.99,True
325,1,premium,29.99,paid,29.99,True
326,1,pro,19.99,paid,19.99,True
327,1,pro,19.99,paid,19.99,True
328,1,pro,19.99,paid,19.99,True
329,1,basic,9.99,paid,9.99,True
330,1,basic,9.99,paid,9.99,True
331,1,basic,9.99,paid,9.99,True
332,1,pro,19.99,paid,19.99,True
333,1,basic,9.99,paid,9.99,True
334,1,basic,9.99,paid,9.99,True
335,1,basic,9.99,paid,9.99,True
336,1,basic,9.99,paid,9.99,True
337,1,premium,29.99,paid,29.99,True
338,1,pro,19.99,paid,19.99,True
339,1,basic,9.99,paid,9.99,True
340,1,basic,9.99,paid,9.99,True
341,1,basic,9.99,paid,9.99,True
342,1,basic,9.99,paid,9.99,True
343,1,basic,9.99,paid,9.99,True
344,1,basic,9.99,paid,9.99,True
345,1,basic,9.99,paid,9.99,True
346,1,pro,19.99,paid,19.99,True
347,1,pro,19.99,paid,19.99,True
348,1,basic,9.99,paid,9.99,True
349,1,basic,9.99,paid,9.99,True
350,1,pro,19.99,paid,19.99,True
351,1,pro,19.99,paid,19.99,True
352,1,premium,29.99,paid,29.99,True
353,1,pro,19.99,paid,19.99,True
354,1,basic,9.99,paid,9.99,True
355,1,basic,9.99,paid,9.99,True
356,1,pro,19.99,paid,19.99,True
357,1,basic,9.99,paid,9.99,True
358,1,pro,19.99,paid,19.99,True
359,1,premium,29.99,paid,29.99,True
360,1,pro,19.99,paid,19.99,True
361,1,basic,9.99,paid,9.99,True
362,1,pro,19.99,paid,19.99,True
363,1,basic,9.99,paid,9.99,True
364,1,pro,19.99,paid,19.99,True
365,1,premium,29.99,paid,29.99,True
366,1,basic,9.99,paid,9.99,True
367,1,premium,29.99,paid,29.99,True
368,1,premium,29.99,paid,29.99,True
369,1,basic,9.99,paid,9.99,True
370,1,basic,9.99,paid,9.99,True
371,1,basic,9.99,paid,9.99,True
372,1,basic,9.99,paid,9.99,True
373,1,basic,9.99,paid,9.99,True
374,1,pro,19.99,paid,19.99,True
375,1,basic,9.99,paid,9.99,True
376,1,basic,9.99,paid,9.99,True
377,1,pro,19.99,paid,19.99,True
378,1,basic,9.99,paid,9.99,True
379,1,pro,19.99,paid,19.99,True
380,1,basic,9.99,paid,9.99,True
381,1,basic,9.99,paid,9.99,True
382,1,pro,19.99,paid,19.99,True
383,1,pro,19.99,paid,19.99,True
384,1,premium,29.99,paid,29.99,True
385,1,pro,19.99,paid,19.99,True
386,1,pro,19.99,paid,19.99,True
387,1,basic,9.99,paid,9.99,True
388,1,basic,9.99,paid,9.99,True
389,1,pro,19.99,paid,19.99,True
390,1,pro,19.99,paid,19.99,True
391,1,premium,29.99,paid,29.99,True
392,1,basic,9.99,paid,9.99,True
393,1,basic,9.99,paid,9.99,True
394,1,pro,19.99,paid,19.99,True
395,1,basic,9.99,paid,9.99,True
396,1,premium,29.99,paid,29.99,True
397,1,premium,29.99,paid,29.99,True
398,1,basic,9.99,paid,9.99,True
399,1,pro,19.99,paid,19.99,True
400,1,pro,19.99,paid,19.99,True
401,1,basic,9.99,paid,9.99,True
402,1,premium,29.99,paid,29.99,True
403,1,pro,19.99,paid,19.99,True
404,1,pro,19.99,paid,19.99,True
405,1,basic,9.99,paid,9.99,True
406,1,premium,29.99,paid,29.99,True
407,1,basic,9.99,paid,9.99,True
408,1,basic,9.99,paid,9.99,True
409,1,premium,29.99,paid,29.99,True
410,1,basic,9.99,paid,9.99,True
411,1,basic,9.99,paid,9.99,True
412,1,premium,29.99,paid,29.99,True
413,1,premium,29.99,paid,29.99,True
414,1,pro,19.99,paid,19.99,True
415,1,pro,19.99,paid,19.99,True
416,1,basic,9.99,paid,9.99,True
417,1,basic,9.99,paid,9.99,True
418,1,basic,9.99,paid,9.99,True
419,1,pro,19.99,paid,19.99,True
420,1,pro,19.99,paid,19.99,True
421,1,pro,19.99,paid,19.99,True
422,1,pro,19.99,paid,19.99,True
423,1,basic,9.99,paid,9.99,True
424,1,basic,9.99,paid,9.99,True
425,1,basic,9.99,paid,9.99,True
426,1,pro,19.99,paid,19.99,True
427,1,basic,9.99,paid,9.99,True
428,1,premium,29.99,paid,29.99,True
429,1,basic,9.99,paid,9.99,True
430,1,basic,9.99,paid,9.99,True
431,1,basic,9.99,paid,9.99,True
432,1,pro,19.99,paid,19.99,True
433,1,pro,19.99,paid,19.99,True
434,1,basic,9.99,paid,9.99,True
435,1,basic,9.99,paid,9.99,True
436,1,pro,19.99,paid,19.99,True
437,1,basic,9.99,paid,9.99,True
438,1,pro,19.99,paid,19.99,True
439,1,pro,19.99,paid,19.99,True
440,1,basic,9.99,paid,9.99,True
441,1,basic,9.99,paid,9.99,True
442,1,premium,29.99,paid,29.99,True
443,1,basic,9.99,paid,9.99,True
444,1,basic,9.99,paid,9.99,True
445,1,pro,19.99,paid,19.99,True
446,1,premium,29.99,paid,29.99,True
447,1,premium,29.99,paid,29.99,True
448,1,pro,19.99,paid,19.99,True
449,1,basic,9.99,paid,9.99,True
450,1,basic,9.99,paid,9.99,True
451,1,pro,19.99,paid,19.99,True
452,1,pro,19.99,paid,19.99,True
453,1,basic,9.99,paid,9.99,True
454,1,premium,29.99,paid,29.99,True
455,1,basic,9.99,paid,9.99,True
456,1,basic,9.99,paid,9.99,True
457,1,basic,9.99,paid,9.99,True
458,1,basic,9.99,paid,9.99,True
459,1,basic,9.99,paid,9.99,True
460,1,basic,9.99,paid,9.99,True
461,1,basic,9.99,paid,9.99,True
462,1,pro,19.99,paid,19.99,True
463,1,pro,19.99,paid,19.99,True
464,1,pro,19.99,paid,19.99,True
465,1,premium,29.99,paid,29.99,True
466,1,basic,9.99,paid,9.99,True
467,1,basic,9.99,paid,9.99,True
468,1,premium,29.99,paid,29.99,True
469,1,basic,9.99,paid,9.99,True
470,1,premium,29.99,paid,29.99,True
471,1,basic,9.99,paid,9.99,True
472,1,premium,29.99,paid,29.99,True
473,1,basic,9.99,paid,9.99,True
474,1,premium,29.99,paid,29.99,True
475,1,pro,19.99,paid,19.99,True
476,1,premium,29.99,paid,29.99,True
477,1,basic,9.99,paid,9.99,True
478,1,pro,19.99,paid,19.99,True
479,1,premium,29.99,paid,29.99,True
480,1,pro,19.99,paid,19.99,True
481,1,pro,19.99,paid,19.99,True
482,1,pro,19.99,paid,19.99,True
483,1,basic,9.99,paid,9.99,True
484,1,pro,19.99,paid,19.99,True
485,1,pro,19.99,paid,19.99,True
486,1,premium,29.99,paid,29.99,True
487,1,basic,9.99,paid,9.99,True
488,1,basic,9.99,paid,9.99,True
489,1,premium,29.99,paid,29.99,True
490,1,premium,29.99,paid,29.99,True
491,1,basic,9.99,paid,9.99,True
492,1,pro,19.99,paid,19.99,True
493,1,basic,9.99,paid,9.99,True
494,1,basic,9.99,paid,9.99,True
495,1,basic,9.99,paid,9.99,True
496,1,basic,9.99,paid,9.99,True
497,1,pro,19.99,paid,19.99,True
498,1,basic,9.99,paid,9.99,True
499,1,premium,29.99,paid,29.99,True
500,1,premium,29.99,paid,29.99,True
501,1,pro,19.99,paid,19.99,True
502,1,pro,19.99,paid,19.99,True
503,1,basic,9.99,paid,9.99,True
504,1,pro,19.99,paid,19.99,True
505,1,pro,19.99,paid,19.99,True
506,1,basic,9.99,paid,9.99,True
507,1,premium,29.99,paid,29.99,True
508,1,pro,19.99,paid,19.99,True
509,1,premium,29.99,paid,29.99,True
510,1,pro,19.99,paid,19.99,True
511,1,pro,19.99,paid,19.99,True
512,1,basic,9.99,paid,9.99,True
513,1,premium,29.99,paid,29.99,True
514,1,premium,29.99,paid,29.99,True
515,1,basic,9.99,paid,9.99,True
516,1,basic,9.99,paid,9.99,True
517,1,basic,9.99,paid,9.99,True
518,1,pro,19.99,paid,19.99,True
519,1,premium,29.99,paid,29.99,True
520,1,basic,9.99,paid,9.99,True
521,1,pro,19.99,paid,19.99,True
522,1,basic,9.99,paid,9.99,True
523,1,premium,29.99,paid,29.99,True
524,1,pro,19.99,paid,19.99,True
525,1,pro,19.99,paid,19.99,True
526,1,basic,9.99,paid,9.99,True
527,1,basic,9.99,paid,9.99,True
528,1,basic,9.99,paid,9.99,True
529,1,basic,9.99,paid,9.99,True
530,1,premium,29.99,paid,29.99,True
531,1,pro,19.99,paid,19.99,True
532,1,premium,29.99,paid,29.99,True
533,1,premium,29.99,paid,29.99,True
534,1,pro,19.99,paid,19.99,True
535,1,pro,19.99,paid,19.99,True
536,1,premium,29.99,paid,29.99,True
537,1,pro,19.99,paid,19.99,True
538,1,basic,9.99,paid,9.99,True
539,1,basic,9.99,paid,9.99,True
540,1,basic,9.99,paid,9.99,True
541,1,premium,29.99,paid,29.99,True
542,1,pro,19.99,paid,19.99,True
543,1,basic,9.99,paid,9.99,True
544,1,pro,19.99,paid,19.99,True
545,1,pro,19.99,paid,19.99,True
546,1,basic,9.99,paid,9.99,True
547,1,basic,9.99,paid,9.99,True
548,1,pro,19.99,paid,19.99,True
549,1,pro,19.99,paid,19.99,True
550,1,pro,19.99,paid,19.99,True
551,1,pro,19.99,paid,19.99,True
552,1,premium,29.99,paid,29.99,True
553,1,pro,19.99,paid,19.99,True
554,1,pro,19.99,paid,19.99,True
555,1,premium,29.99,paid,29.99,True
556,1,basic,9.99,paid,9.99,True
557,1,basic,9.99,paid,9.99,True
558,1,basic,9.99,paid,9.99,True
559,1,pro,19.99,paid,19.99,True
560,1,pro,19.99,paid,19.99,True
561,1,pro,19.99,paid,19.99,True
562,1,basic,9.99,paid,9.99,True
563,1,basic,9.99,paid,9.99,True
564,1,basic,9.99,paid,9.99,True
565,1,basic,9.99,paid,9.99,True
566,1,pro,19.99,paid,19.99,True
567,1,basic,9.99,paid,9.99,True
568,1,basic,9.99,paid,9.99,True
569,1,premium,29.99,paid,29.99,True
570,1,basic,9.99,paid,9.99,True
571,1,pro,19.99,paid,19.99,True
572,1,pro,19.99,paid,19.99,True
573,1,basic,9.99,paid,9.99,True
574,1,pro,19.99,paid,19.99,True
575,1,premium,29.99,paid,29.99,True
576,1,premium,29.99,paid,29.99,True
577,1,basic,9.99,paid,9.99,True
578,1,premium,29.99,paid,29.99,True
579,1,basic,9.99,paid,9.99,True
580,1,basic,9.99,paid,9.99,True
581,1,basic,9.99,paid,9.99,True
582,1,premium,29.99,paid,29.99,True
583,1,basic,9.99,paid,9.99,True
584,1,basic,9.99,paid,9.99,True
585,1,pro,19.99,paid,19.99,True
586,1,basic,9.99,paid,9.99,True
587,1,basic,9.99,paid,9.99,True
588,1,basic,9.99,paid,9.99,True
589,1,basic,9.99,paid,9.99,True
590,1,basic,9.99,paid,9.99,True
591,1,basic,9.99,paid,9.99,True
592,1,pro,19.99,paid,19.99,True
593,1,basic,9.99,paid,9.99,True
594,1,basic,9.99,paid,9.99,True
595,1,premium,29.99,paid,29.99,True
596,1,basic,9.99,paid,9.99,True
597,1,pro,19.99,paid,19.99,True
598,1,basic,9.99,paid,9.99,True
599,1,basic,9.99,paid,9.99,True
600,1,basic,9.99,paid,9.99,True
601,1,basic,9.99,paid,9.99,True
602,1,basic,9.99,paid,9.99,True
603,1,basic,9.99,paid,9.99,True
604,1,basic,9.99,paid,9.99,True
605,1,basic,9.99,paid,9.99,True
606,1,basic,9.99,paid,9.99,True
607,1,basic,9.99,paid,9.99,True
608,1,basic,9.99,paid,9.99,True
609,1,pro,19.99,paid,19.99,True
610,1,pro,19.99,paid,19.99,True
611,1,basic,9.99,paid,9.99,True
612,1,pro,19.99,paid,19.99,True
613,1,pro,19.99,paid,19.99,True
614,1,basic,9.99,paid,9.99,True
615,1,premium,29.99,paid,29.99,True
616,1,premium,29.99,paid,29.99,True
617,1,basic,9.99,paid,9.99,True
618,1,basic,9.99,paid,9.99,True
619,1,pro,19.99,paid,19.99,True
620,1,pro,19.99,paid,19.99,True
621,1,basic,9.99,paid,9.99,True
622,1,basic,9.99,paid,9.99,True
623,1,basic,9.99,paid,9.99,True
624,1,basic,9.99,paid,9.99,True
625,1,pro,19.99,paid,19.99,True
626,1,basic,9.99,paid,9.99,True
627,1,basic,9.99,paid,9.99,True
628,1,pro,19.99,paid,19.99,True
629,1,basic,9.99,paid,9.99,True
630,1,basic,9.99,paid,9.99,True
631,1,pro,19.99,paid,19.99,True
632,1,premium,29.99,paid,29.99,True
633,1,pro,19.99,paid,19.99,True
634,1,pro,19.99,paid,19.99,True
635,1,basic,9.99,paid,9.99,True
636,1,basic,9.99,paid,9.99,True
637,1,pro,19.99,paid,19.99,True
638,1,basic,9.99,paid,9.99,True
639,1,basic,9.99,paid,9.99,True
640,1,basic,9.99,paid,9.99,True
641,1,basic,9.99,paid,9.99,True
642,1,basic,9.99,paid,9.99,True
643,1,basic,9.99,paid,9.99,True
644,1,basic,9.99,paid,9.99,True
645,1,basic,9.99,paid,9.99,True
646,1,premium,29.99,paid,29.99,True
647,1,pro,19.99,paid,19.99,True
648,1,pro,19.99,paid,19.99,True
649,1,pro,19.99,paid,19.99,True
650,1,basic,9.99,paid,9.99,True
651,1,basic,9.99,paid,9.99,True
652,1,pro,19.99,paid,19.99,True
653,1,pro,19.99,paid,19.99,True
654,1,pro,19.99,paid,19.99,True
655,1,basic,9.99,paid,9.99,True
656,1,basic,9.99,paid,9.99,True
657,1,basic,9.99,paid,9.99,True
658,1,basic,9.99,paid,9.99,True
659,1,pro,19.99,paid,19.99,True
660,1,pro,19.99,paid,19.99,True
661,1,basic,9.99,paid,9.99,True
662,1,premium,29.99,paid,29.99,True
663,1,pro,19.99,paid,19.99,True
664,1,basic,9.99,paid,9.99,True
665,1,basic,9.99,paid,9.99,True
666,1,basic,9.99,paid,9.99,True
667,1,basic,9.99,paid,9.99,True
668,1,basic,9.99,paid,9.99,True
669,1,basic,9.99,paid,9.99,True
670,1,basic,9.99,paid,9.99,True
671,1,basic,9.99,paid,9.99,True
672,1,premium,29.99,paid,29.99,True
673,1,basic,9.99,paid,9.99,True
674,1,pro,19.99,paid,19.99,True
675,1,basic,9.99,paid,9.99,True
676,1,premium,29.99,paid,29.99,True
677,1,basic,9.99,paid,9.99,True
678,1,basic,9.99,paid,9.99,True
679,1,premium,29.99,paid,29.99,True
680,1,premium,29.99,paid,29.99,True
681,1,pro,19.99,paid,19.99,True
682,1,basic,9.99,paid,9.99,True
683,1,basic,9.99,paid,9.99,True
684,1,pro,19.99,paid,19.99,True
685,1,premium,29.99,paid,29.99,True
686,1,pro,19.99,paid,19.99,True
687,1,pro,19.99,paid,19.99,True
688,1,basic,9.99,paid,9.99,True
689,1,pro,19.99,paid,19.99,True
690,1,basic,9.99,paid,9.99,True
691,1,basic,9.99,paid,9.99,True
692,1,basic,9.99,paid,9.99,True
693,1,pro,19.99,paid,19.99,True
694,1,basic,9.99,paid,9.99,True
695,1,basic,9.99,paid,9.99,True
696,1,pro,19.99,paid,19.99,True
697,1,basic,9.99,paid,9.99,True
698,1,pro,19.99,paid,19.99,True
699,1,basic,9.99,paid,9.99,True
700,1,basic,9.99,paid,9.99,True
701,1,pro,19.99,paid,19.99,True
702,1,basic,9.99,paid,9.99,True
703,1,basic,9.99,paid,9.99,True
704,1,basic,9.99,paid,9.99,True
705,1,basic,9.99,paid,9.99,True
706,1,premium,29.99,paid,29.99,True
707,1,basic,9.99,paid,9.99,True
708,1,pro,19.99,paid,19.99,True
709,1,basic,9.99,paid,9.99,True
710,1,pro,19.99,paid,19.99,True
711,1,pro,19.99,paid,19.99,True
712,1,pro,19.99,paid,19.99,True
713,1,basic,9.99,paid,9.99,True
714,1,basic,9.99,paid,9.99,True
715,1,basic,9.99,paid,9.99,True
716,1,premium,29.99,paid,29.99,True
717,1,pro,19.99,paid,19.99,True
718,1,premium,29.99,paid,29.99,True
719,1,basic,9.99,paid,9.99,True
720,1,pro,19.99,paid,19.99,True
721,1,premium,29.99,paid,29.99,True
722,1,basic,9.99,paid,9.99,True
723,1,basic,9.99,paid,9.99,True
724,1,pro,19.99,paid,19.99,True
725,1,pro,19.99,paid,19.99,True
726,1,pro,19.99,paid,19.99,True
727,1,basic,9.99,paid,9.99,True
728,1,pro,19.99,paid,19.99,True
729,1,basic,9.99,paid,9.99,True
730,1,basic,9.99,paid,9.99,True
731,1,basic,9.99,paid,9.99,True
732,1,pro,19.99,paid,19.99,True
733,1,pro,19.99,paid,19.99,True
734,1,pro,19.99,paid,19.99,True
735,1,basic,9.99,paid,9.99,True
736,1,premium,29.99,paid,29.99,True
737,1,basic,9.99,paid,9.99,True
738,1,pro,19.99,paid,19.99,True
739,1,basic,9.99,paid,9.99,True
740,1,basic,9.99,paid,9.99,True
741,1,basic,9.99,paid,9.99,True
742,1,basic,9.99,paid,9.99,True
743,1,pro,19.99,paid,19.99,True
744,1,pro,19.99,paid,19.99,True
745,1,basic,9.99,paid,9.99,True
746,1,premium,29.99,paid,29.99,True
747,1,basic,9.99,paid,9.99,True
748,1,pro,19.99,paid,19.99,True
749,1,premium,29.99,paid,29.99,True
750,1,pro,19.99,paid,19.99,True
751,1,basic,9.99,paid,9.99,True
752,1,premium,29.99,paid,29.99,True
753,1,pro,19.99,paid,19.99,True
754,1,basic,9.99,paid,9.99,True
755,1,basic,9.99,paid,9.99,True
756,1,pro,19.99,paid,19.99,True
757,1,pro,19.99,paid,19.99,True
758,1,pro,19.99,paid,19.99,True
759,1,premium,29.99,paid,29.99,True
760,1,pro,19.99,paid,19.99,True
761,1,basic,9.99,paid,9.99,True
762,1,basic,9.99,paid,9.99,True
763,1,basic,9.99,paid,9.99,True
764,1,pro,19.99,paid,19.99,True
765,1,basic,9.99,paid,9.99,True
766,1,pro,19.99,paid,19.99,True
767,1,pro,19.99,paid,19.99,True
768,1,premium,29.99,paid,29.99,True
769,1,basic,9.99,paid,9.99,True
770,1,pro,19.99,paid,19.99,True
771,1,basic,9.99,paid,9.99,True
772,1,pro,19.99,paid,19.99,True
773,1,basic,9.99,paid,9.99,True
774,1,basic,9.99,paid,9.99,True
775,1,pro,19.99,paid,19.99,True
776,1,basic,9.99,paid,9.99,True
777,1,basic,9.99,paid,9.99,True
778,1,pro,19.99,paid,19.99,True
779,1,pro,19.99,paid,19.99,True
780,1,pro,19.99,paid,19.99,True
781,1,pro,19.99,paid,19.99,True
782,1,pro,19.99,paid,19.99,True
783,1,basic,9.99,paid,9.99,True
784,1,basic,9.99,paid,9.99,True
785,1,basic,9.99,paid,9.99,True
786,1,premium,29.99,paid,29.99,True
787,1,pro,19.99,paid,19.99,True
788,1,basic,9.99,paid,9.99,True
789,1,basic,9.99,paid,9.99,True
790,1,premium,29.99,paid,29.99,True
791,1,basic,9.99,paid,9.99,True
792,1,pro,19.99,paid,19.99,True
793,1,pro,19.99,paid,19.99,True
794,1,pro,19.99,paid,19.99,True
795,1,basic,9.99,paid,9.99,True
796,1,premium,29.99,paid,29.99,True
797,1,premium,29.99,paid,29.99,True
798,1,pro,19.99,paid,19.99,True
799,1,pro,19.99,paid,19.99,True
800,1,premium,29.99,paid,29.99,True
801,1,pro,19.99,paid,19.99,True
802,1,basic,9.99,paid,9.99,True
803,1,pro,19.99,paid,19.99,True
804,1,pro,19.99,paid,19.99,True
805,1,basic,9.99,paid,9.99,True
806,1,pro,19.99,paid,19.99,True
807,1,premium,29.99,paid,29.99,True
808,1,premium,29.99,paid,29.99,True
809,1,basic,9.99,paid,9.99,True
810,1,basic,9.99,paid,9.99,True
811,1,premium,29.99,paid,29.99,True
812,1,pro,19.99,paid,19.99,True
813,1,basic,9.99,paid,9.99,True
814,1,premium,29.99,paid,29.99,True
815,1,premium,29.99,paid,29.99,True
816,1,pro,19.99,paid,19.99,True
817,1,pro,19.99,paid,19.99,True
818,1,basic,9.99,paid,9.99,True
819,1,basic,9.99,paid,9.99,True
820,1,basic,9.99,paid,9.99,True
821,1,pro,19.99,paid,19.99,True
822,1,basic,9.99,paid,9.99,True
823,1,basic,9.99,paid,9.99,True
824,1,basic,9.99,paid,9.99,True
825,1,pro,19.99,paid,19.99,True
826,1,premium,29.99,paid,29.99,True
827,1,basic,9.99,paid,9.99,True
828,1,basic,9.99,paid,9.99,True
829,1,pro,19.99,paid,19.99,True
830,1,basic,9.99,paid,9.99,True
831,1,basic,9.99,paid,9.99,True
832,1,basic,9.99,paid,9.99,True
833,1,basic,9.99,paid,9.99,True
834,1,basic,9.99,paid,9.99,True
835,1,basic,9.99,paid,9.99,True
836,1,basic,9.99,paid,9.99,True
837,1,premium,29.99,paid,29.99,True
838,1,basic,9.99,paid,9.99,True
839,1,pro,19.99,paid,19.99,True
840,1,pro,19.99,paid,19.99,True
841,1,basic,9.99,paid,9.99,True
842,1,pro,19.99,paid,19.99,True
843,1,basic,9.99,paid,9.99,True
844,1,premium,29.99,paid,29.99,True
845,1,basic,9.99,paid,9.99,True
846,1,basic,9.99,paid,9.99,True
847,1,basic,9.99,paid,9.99,True
848,1,premium,29.99,paid,29.99,True
849,1,pro,19.99,paid,19.99,True
850,1,pro,19.99,paid,19.99,True
851,1,basic,9.99,paid,9.99,True
852,1,pro,19.99,paid,19.99,True
853,1,basic,9.99,paid,9.99,True
854,1,premium,29.99,paid,29.99,True
855,1,basic,9.99,paid,9.99,True
856,1,basic,9.99,paid,9.99,True
857,1,basic,9.99,paid,9.99,True
858,1,basic,9.99,paid,9.99,True
859,1,pro,19.99,paid,19.99,True
860,1,basic,9.99,paid,9.99,True
861,1,pro,19.99,paid,19.99,True
862,1,basic,9.99,paid,9.99,True
863,1,pro,19.99,paid,19.99,True
864,1,basic,9.99,paid,9.99,True
865,1,basic,9.99,paid,9.99,True
866,1,pro,19.99,paid,19.99,True
867,1,basic,9.99,paid,9.99,True
868,1,basic,9.99,paid,9.99,True
869,1,premium,29.99,paid,29.99,True
870,1,premium,29.99,paid,29.99,True
871,1,basic,9.99,paid,9.99,True
872,1,basic,9.99,paid,9.99,True
873,1,pro,19.99,paid,19.99,True
874,1,basic,9.99,paid,9.99,True
875,1,basic,9.99,paid,9.99,True
876,1,basic,9.99,paid,9.99,True
877,1,pro,19.99,paid,19.99,True
878,1,pro,19.99,paid,19.99,True
879,1,basic,9.99,paid,9.99,True
880,1,basic,9.99,paid,9.99,True
881,1,basic,9.99,paid,9.99,True
882,1,pro,19.99,paid,19.99,True
883,1,basic,9.99,paid,9.99,True
884,1,basic,9.99,paid,9.99,True
885,1,pro,19.99,paid,19.99,True
886,1,basic,9.99,paid,9.99,True
887,1,pro,19.99,paid,19.99,True
888,1,basic,9.99,paid,9.99,True
889,1,basic,9.99,paid,9.99,True
890,1,basic,9.99,paid,9.99,True
891,1,pro,19.99,paid,19.99,True
892,1,premium,29.99,paid,29.99,True
893,1,pro,19.99,paid,19.99,True
894,1,basic,9.99,paid,9.99,True
895,1,pro,19.99,paid,19.99,True
896,1,basic,9.99,paid,9.99,True
897,1,basic,9.99,paid,9.99,True
898,1,premium,29.99,paid,29.99,True
899,1,basic,9.99,paid,9.99,True
900,1,basic,9.99,paid,9.99,True
901,1,basic,9.99,paid,9.99,True
902,1,basic,9.99,paid,9.99,True
903,1,basic,9.99,paid,9.99,True
904,1,pro,19.99,paid,19.99,True
905,1,basic,9.99,paid,9.99,True
906,1,premium,29.99,paid,29.99,True
907,1,pro,19.99,paid,19.99,True
908,1,basic,9.99,paid,9.99,True
909,1,basic,9.99,paid,9.99,True
910,1,basic,9.99,paid,9.99,True
911,1,pro,19.99,paid,19.99,True
912,1,basic,9.99,paid,9.99,True
913,1,pro,19.99,paid,19.99,True
914,1,basic,9.99,paid,9.99,True
915,1,pro,19.99,paid,19.99,True
916,1,basic,9.99,paid,9.99,True
917,1,basic,9.99,paid,9.99,True
918,1,premium,29.99,paid,29.99,True
919,1,pro,19.99,paid,19.99,True
920,1,basic,9.99,paid,9.99,True
921,1,premium,29.99,paid,29.99,True
922,1,basic,9.99,paid,9.99,True
923,1,premium,29.99,paid,29.99,True
924,1,pro,19.99,paid,19.99,True
925,1,basic,9.99,paid,9.99,True
926,1,basic,9.99,paid,9.99,True
927,1,basic,9.99,paid,9.99,True
928,1,pro,19.99,paid,19.99,True
929,1,pro,19.99,paid,19.99,True
930,1,basic,9.99,paid,9.99,True
931,1,basic,9.99,paid,9.99,True
932,1,pro,19.99,paid,19.99,True
933,1,premium,29.99,paid,29.99,True
934,1,pro,19.99,paid,19.99,True
935,1,basic,9.99,paid,9.99,True
936,1,basic,9.99,paid,9.99,True
937,1,basic,9.99,paid,9.99,True
938,1,premium,29.99,paid,29.99,True
939,1,basic,9.99,paid,9.99,True
940,1,pro,19.99,paid,19.99,True
941,1,basic,9.99,paid,9.99,True
942,1,pro,19.99,paid,19.99,True
943,1,pro,19.99,paid,19.99,True
944,1,pro,19.99,paid,19.99,True
945,1,basic,9.99,paid,9.99,True
946,1,basic,9.99,paid,9.99,True
947,1,basic,9.99,paid,9.99,True
948,1,premium,29.99,paid,29.99,True
949,1,premium,29.99,paid,29.99,True
950,1,pro,19.99,paid,19.99,True
951,1,pro,19.99,paid,19.99,True
952,1,pro,19.99,paid,19.99,True
953,1,basic,9.99,paid,9.99,True
954,1,premium,29.99,paid,29.99,True
955,1,basic,9.99,paid,9.99,True
956,1,basic,9.99,paid,9.99,True
957,1,pro,19.99,paid,19.99,True
958,1,basic,9.99,paid,9.99,True
959,1,basic,9.99,paid,9.99,True
960,1,pro,19.99,paid,19.99,True
961,1,basic,9.99,paid,9.99,True
962,1,pro,19.99,paid,19.99,True
963,1,basic,9.99,paid,9.99,True
964,1,basic,9.99,paid,9.99,True
965,1,basic,9.99,paid,9.99,True
966,1,basic,9.99,paid,9.99,True
967,1,pro,19.99,paid,19.99,True
968,1,basic,9.99,paid,9.99,True
969,1,pro,19.99,paid,19.99,True
970,1,basic,9.99,paid,9.99,True
971,1,pro,19.99,paid,19.99,True
972,1,premium,29.99,paid,29.99,True
973,1,pro,19.99,paid,19.99,True
974,1,basic,9.99,paid,9.99,True
975,1,basic,9.99,paid,9.99,True
976,1,basic,9.99,paid,9.99,True
977,1,pro,19.99,paid,19.99,True
978,1,basic,9.99,paid,9.99,True
979,1,basic,9.99,paid,9.99,True
980,1,pro,19.99,paid,19.99,True
981,1,basic,9.99,paid,9.99,True
982,1,pro,19.99,paid,19.99,True
983,1,basic,9.99,paid,9.99,True
984,1,basic,9.99,paid,9.99,True
985,1,pro,19.99,paid,19.99,True
986,1,basic,9.99,paid,9.99,True
987,1,pro,19.99,paid,19.99,True
988,1,basic,9.99,paid,9.99,True
989,1,basic,9.99,paid,9.99,True
990,1,pro,19.99,paid,19.99,True
991,1,pro,19.99,paid,19.99,True
992,1,pro,19.99,paid,19.99,True
993,1,basic,9.99,paid,9.99,True
994,1,pro,19.99,paid,19.99,True
995,1,basic,9.99,paid,9.99,True
996,1,basic,9.99,paid,9.99,True
997,1,premium,29.99,paid,29.99,True
998,1,basic,9.99,paid,9.99,True
999,1,premium,29.99,paid,29.99,True
1000,1,basic,9.99,paid,9.99,True
1,2,basic,9.99,paid,9.99,True
2,2,premium,29.99,paid,29.99,True
3,2,pro,19.99,paid,19.99,True
4,2,pro,19.99,paid,19.99,True
5,2,basic,9.99,paid,9.99,True
6,2,basic,9.99,paid,9.99,True
7,2,basic,9.99,paid,9.99,True
8,2,premium,29.99,paid,29.99,True
9,2,pro,19.99,paid,19.99,True
10,2,pro,19.99,paid,19.99,True
11,2,basic,9.99,paid,9.99,True
12,2,premium,29.99,paid,29.99,True
13,2,pro,19.99,paid,19.99,True
14,2,basic,9.99,paid,9.99,True
15,2,basic,9.99,paid,9.99,True
16,2,basic,9.99,paid,9.99,True
17,2,basic,9.99,paid,9.99,True
18,2,pro,19.99,paid,19.99,True
19,2,basic,9.99,paid,9.99,True
20,2,basic,9.99,paid,9.99,True
21,2,pro,19.99,paid,19.99,True
22,2,basic,9.99,paid,9.99,True
23,2,basic,9.99,paid,9.99,True
24,2,basic,9.99,paid,9.99,True
25,2,basic,9.99,paid,9.99,True
26,2,pro,19.99,paid,19.99,True
27,2,basic,9.99,paid,9.99,True
28,2,pro,19.99,paid,19.99,True
29,2,pro,19.99,paid,19.99,True
30,2,basic,9.99,paid,9.99,True
31,2,pro,19.99,failed,0.0,True
32,2,basic,9.99,paid,9.99,True
33,2,basic,9.99,paid,9.99,True
34,2,premium,29.99,paid,29.99,True
35,2,premium,29.99,paid,29.99,True
36,2,pro,19.99,paid,19.99,True
37,2,basic,9.99,paid,9.99,True
38,2,basic,9.99,paid,9.99,True
39,2,pro,19.99,failed,0.0,True
40,2,basic,9.99,paid,9.99,True
41,2,basic,9.99,paid,9.99,True
42,2,basic,9.99,paid,9.99,True
43,2,basic,9.99,paid,9.99,True
44,2,premium,29.99,paid,29.99,True
45,2,basic,9.99,paid,9.99,True
46,2,pro,19.99,paid,19.99,True
47,2,basic,9.99,paid,9.99,True
48,2,pro,19.99,paid,19.99,True
49,2,pro,19.99,paid,19.99,True
50,2,basic,9.99,paid,9.99,True
51,2,premium,29.99,failed,0.0,True
52,2,pro,19.99,paid,19.99,True
53,2,premium,29.99,paid,29.99,True
54,2,premium,29.99,paid,29.99,True
55,2,pro,19.99,paid,19.99,True
56,2,premium,29.99,paid,29.99,True
57,2,basic,9.99,paid,9.99,True
58,2,basic,9.99,paid,9.99,True
59,2,basic,9.99,paid,9.99,True
60,2,basic,9.99,paid,9.99,True
61,2,basic,9.99,paid,9.99,True
62,2,basic,9.99,paid,9.99,True
63,2,pro,19.99,paid,19.99,True
64,2,basic,9.99,paid,9.99,True
65,2,basic,9.99,paid,9.99,True
66,2,pro,19.99,paid,19.99,True
67,2,basic,9.99,paid,9.99,True
68,2,pro,19.99,paid,19.99,True
69,2,basic,9.99,paid,9.99,True
70,2,premium,29.99,paid,29.99,True
71,2,pro,19.99,paid,19.99,True
72,2,basic,9.99,paid,9.99,True
73,2,basic,9.99,paid,9.99,True
74,2,pro,19.99,paid,19.99,True
75,2,pro,19.99,paid,19.99,True
76,2,pro,19.99,failed,0.0,True
77,2,pro,19.99,paid,19.99,True
78,2,basic,9.99,paid,9.99,True
79,2,basic,9.99,paid,9.99,True
80,2,basic,9.99,paid,9.99,True
81,2,premium,29.99,paid,29.99,True
82,2,pro,19.99,paid,19.99,True
83,2,basic,9.99,paid,9.99,True
84,2,basic,9.99,paid,9.99,True
85,2,basic,9.99,paid,9.99,True
86,2,basic,9.99,paid,9.99,True
87,2,pro,19.99,paid,19.99,True
88,2,pro,19.99,paid,19.99,True
89,2,premium,29.99,paid,29.99,True
90,2,basic,9.99,paid,9.99,True
91,2,basic,9.99,paid,9.99,True
92,2,pro,19.99,paid,19.99,True
93,2,pro,19.99,paid,19.99,True
94,2,pro,19.99,paid,19.99,True
95,2,pro,19.99,paid,19.99,True
96,2,basic,9.99,failed,0.0,True
97,2,pro,19.99,paid,19.99,True
98,2,basic,9.99,failed,0.0,True
99,2,basic,9.99,paid,9.99,True
100,2,basic,9.99,paid,9.99,True
101,2,basic,9.99,failed,0.0,True
102,2,pro,19.99,paid,19.99,True
103,2,basic,9.99,paid,9.99,True
104,2,pro,19.99,paid,19.99,True
105,2,premium,29.99,paid,29.99,True
106,2,basic,9.99,paid,9.99,True
107,2,basic,9.99,paid,9.99,True
108,2,pro,19.99,paid,19.99,True
109,2,basic,9.99,paid,9.99,True
110,2,basic,9.99,paid,9.99,True
111,2,basic,9.99,paid,9.99,True
112,2,basic,9.99,paid,9.99,True
113,2,premium,29.99,paid,29.99,True
114,2,pro,19.99,paid,19.99,True
115,2,pro,19.99,paid,19.99,True
116,2,premium,29.99,paid,29.99,True
117,2,pro,19.99,failed,0.0,True
118,2,basic,9.99,paid,9.99,True
119,2,premium,29.99,paid,29.99,True
120,2,pro,19.99,paid,19.99,True
121,2,pro,19.99,paid,19.99,True
122,2,premium,29.99,paid,29.99,True
123,2,basic,9.99,paid,9.99,True
124,2,basic,9.99,failed,0.0,False
125,2,basic,9.99,paid,9.99,True
126,2,basic,9.99,paid,9.99,True
127,2,pro,19.99,paid,19.99,True
128,2,premium,29.99,failed,0.0,True
129,2,basic,9.99,paid,9.99,True
130,2,pro,19.99,paid,19.99,True
131,2,basic,9.99,paid,9.99,True
132,2,basic,9.99,paid,9.99,True
133,2,basic,9.99,paid,9.99,True
134,2,basic,9.99,failed,0.0,False
135,2,premium,29.99,paid,29.99,True
136,2,basic,9.99,paid,9.99,True
137,2,pro,19.99,paid,19.99,True
138,2,pro,19.99,paid,19.99,True
139,2,basic,9.99,paid,9.99,True
140,2,premium,29.99,paid,29.99,True
141,2,premium,29.99,paid,29.99,True
142,2,basic,9.99,paid,9.99,True
143,2,basic,9.99,paid,9.99,True
144,2,basic,9.99,paid,9.99,True
145,2,basic,9.99,paid,9.99,True
146,2,basic,9.99,paid,9.99,True
147,2,pro,19.99,paid,19.99,True
148,2,pro,19.99,paid,19.99,True
149,2,basic,9.99,paid,9.99,True
150,2,basic,9.99,paid,9.99,True
151,2,premium,29.99,paid,29.99,True
152,2,basic,9.99,failed,0.0,True
153,2,basic,9.99,paid,9.99,True
154,2,basic,9.99,paid,9.99,True
155,2,premium,29.99,paid,29.99,True
156,2,basic,9.99,paid,9.99,True
157,2,pro,19.99,paid,19.99,True
158,2,pro,19.99,paid,19.99,True
159,2,basic,9.99,paid,9.99,True
160,2,pro,19.99,paid,19.99,True
161,2,basic,9.99,failed,0.0,True
162,2,pro,19.99,paid,19.99,True
163,2,pro,19.99,paid,19.99,True
164,2,pro,19.99,paid,19.99,True
165,2,basic,9.99,paid,9.99,True
166,2,pro,19.99,paid,19.99,True
167,2,basic,9.99,paid,9.99,True
168,2,basic,9.99,paid,9.99,True
169,2,basic,9.99,paid,9.99,True
170,2,pro,19.99,paid,19.99,True
171,2,pro,19.99,paid,19.99,True
172,2,basic,9.99,paid,9.99,True
173,2,pro,19.99,paid,19.99,True
174,2,basic,9.99,paid,9.99,True
175,2,pro,19.99,failed,0.0,True
176,2,basic,9.99,paid,9.99,True
177,2,pro,19.99,failed,0.0,False
178,2,basic,9.99,paid,9.99,True
179,2,premium,29.99,paid,29.99,True
180,2,basic,9.99,paid,9.99,True
181,2,basic,9.99,paid,9.99,True
182,2,basic,9.99,paid,9.99,True
183,2,premium,29.99,paid,29.99,True
184,2,premium,29.99,paid,29.99,True
185,2,basic,9.99,paid,9.99,True
186,2,pro,19.99,paid,19.99,True
187,2,pro,19.99,paid,19.99,True
188,2,pro,19.99,paid,19.99,True
189,2,pro,19.99,paid,19.99,True
190,2,basic,9.99,paid,9.99,True
191,2,basic,9.99,failed,0.0,True
192,2,premium,29.99,paid,29.99,True
193,2,premium,29.99,paid,29.99,True
194,2,pro,19.99,paid,19.99,True
195,2,basic,9.99,paid,9.99,True
196,2,basic,9.99,paid,9.99,True
197,2,pro,19.99,paid,19.99,True
198,2,premium,29.99,paid,29.99,True
199,2,premium,29.99,paid,29.99,True
200,2,pro,19.99,paid,19.99,True
201,2,pro,19.99,paid,19.99,True
202,2,basic,9.99,paid,9.99,True
203,2,basic,9.99,paid,9.99,True
204,2,premium,29.99,paid,29.99,True
205,2,pro,19.99,paid,19.99,True
206,2,basic,9.99,failed,0.0,True
207,2,basic,9.99,paid,9.99,True
208,2,pro,19.99,paid,19.99,True
209,2,basic,9.99,paid,9.99,True
210,2,basic,9.99,paid,9.99,True
211,2,pro,19.99,paid,19.99,True
212,2,pro,19.99,paid,19.99,True
213,2,pro,19.99,paid,19.99,True
214,2,basic,9.99,paid,9.99,True
215,2,pro,19.99,paid,19.99,True
216,2,basic,9.99,paid,9.99,True
217,2,basic,9.99,paid,9.99,True
218,2,pro,19.99,paid,19.99,True
219,2,pro,19.99,paid,19.99,True
220,2,pro,19.99,paid,19.99,True
221,2,pro,19.99,paid,19.99,True
222,2,pro,19.99,paid,19.99,True
223,2,basic,9.99,paid,9.99,True
224,2,basic,9.99,paid,9.99,True
225,2,basic,9.99,paid,9.99,True
226,2,basic,9.99,paid,9.99,True
227,2,premium,29.99,paid,29.99,True
228,2,basic,9.99,paid,9.99,True
229,2,premium,29.99,failed,0.0,True
230,2,pro,19.99,paid,19.99,True
231,2,pro,19.99,paid,19.99,True
232,2,pro,19.99,paid,19.99,True
233,2,pro,19.99,paid,19.99,True
234,2,basic,9.99,paid,9.99,True
235,2,basic,9.99,paid,9.99,True
236,2,pro,19.99,paid,19.99,True
237,2,basic,9.99,paid,9.99,True
238,2,basic,9.99,paid,9.99,True
239,2,pro,19.99,paid,19.99,True
240,2,basic,9.99,paid,9.99,True
241,2,premium,29.99,paid,29.99,True
242,2,premium,29.99,paid,29.99,True
243,2,premium,29.99,paid,29.99,True
244,2,basic,9.99,failed,0.0,True
245,2,basic,9.99,paid,9.99,True
246,2,premium,29.99,paid,29.99,True
247,2,basic,9.99,paid,9.99,True
248,2,premium,29.99,paid,29.99,True
249,2,premium,29.99,paid,29.99,True
250,2,premium,29.99,paid,29.99,True
251,2,basic,9.99,paid,9.99,True
252,2,basic,9.99,paid,9.99,True
253,2,premium,29.99,paid,29.99,True
254,2,basic,9.99,paid,9.99,True
255,2,basic,9.99,paid,9.99,True
256,2,pro,19.99,paid,19.99,True
257,2,premium,29.99,paid,29.99,True
258,2,pro,19.99,paid,19.99,True
259,2,pro,19.99,paid,19.99,True
260,2,basic,9.99,paid,9.99,True
261,2,pro,19.99,paid,19.99,True
262,2,premium,29.99,failed,0.0,True
263,2,basic,9.99,paid,9.99,True
264,2,pro,19.99,paid,19.99,True
265,2,premium,29.99,failed,0.0,False
266,2,pro,19.99,paid,19.99,True
267,2,pro,19.99,paid,19.99,True
268,2,pro,19.99,paid,19.99,True
269,2,basic,9.99,paid,9.99,True
270,2,basic,9.99,paid,9.99,True
271,2,pro,19.99,paid,19.99,True
272,2,pro,19.99,paid,19.99,True
273,2,premium,29.99,paid,29.99,True
274,2,premium,29.99,paid,29.99,True
275,2,pro,19.99,paid,19.99,True
276,2,pro,19.99,paid,19.99,True
277,2,pro,19.99,paid,19.99,True
278,2,pro,19.99,paid,19.99,True
279,2,pro,19.99,paid,19.99,True
280,2,pro,19.99,paid,19.99,True
281,2,premium,29.99,paid,29.99,True
282,2,basic,9.99,paid,9.99,True
283,2,basic,9.99,paid,9.99,True
284,2,basic,9.99,paid,9.99,True
285,2,pro,19.99,paid,19.99,True
286,2,basic,9.99,paid,9.99,True
287,2,basic,9.99,paid,9.99,True
288,2,pro,19.99,paid,19.99,True
289,2,basic,9.99,paid,9.99,True
290,2,pro,19.99,paid,19.99,True
291,2,basic,9.99,paid,9.99,True
292,2,basic,9.99,paid,9.99,True
293,2,pro,19.99,paid,19.99,True
294,2,basic,9.99,paid,9.99,True
295,2,basic,9.99,paid,9.99,True
296,2,pro,19.99,paid,19.99,True
297,2,pro,19.99,paid,19.99,True
298,2,basic,9.99,paid,9.99,True
299,2,pro,19.99,paid,19.99,True
300,2,basic,9.99,paid,9.99,True
301,2,basic,9.99,paid,9.99,True
302,2,pro,19.99,paid,19.99,True
303,2,pro,19.99,paid,19.99,True
304,2,pro,19.99,paid,19.99,True
305,2,pro,19.99,paid,19.99,True
306,2,premium,29.99,paid,29.99,True
307,2,pro,19.99,paid,19.99,True
308,2,basic,9.99,paid,9.99,True
309,2,pro,19.99,paid,19.99,True
310,2,basic,9.99,paid,9.99,True
311,2,basic,9.99,paid,9.99,True
312,2,basic,9.99,paid,9.99,True
313,2,basic,9.99,paid,9.99,True
314,2,premium,29.99,paid,29.99,True
315,2,pro,19.99,paid,19.99,True
316,2,pro,19.99,paid,19.99,True
317,2,basic,9.99,paid,9.99,True
318,2,basic,9.99,paid,9.99,True
319,2,basic,9.99,paid,9.99,True
320,2,basic,9.99,paid,9.99,True
321,2,pro,19.99,paid,19.99,True
322,2,pro,19.99,paid,19.99,True
323,2,pro,19.99,paid,19.99,True
324,2,basic,9.99,paid,9.99,True
325,2,premium,29.99,paid,29.99,True
326,2,pro,19.99,paid,19.99,True
327,2,pro,19.99,paid,19.99,True
328,2,pro,19.99,paid,19.99,True
329,2,basic,9.99,paid,9.99,True
330,2,basic,9.99,paid,9.99,True
331,2,basic,9.99,paid,9.99,True
332,2,pro,19.99,paid,19.99,True
333,2,basic,9.99,paid,9.99,True
334,2,basic,9.99,paid,9.99,True
335,2,basic,9.99,paid,9.99,True
336,2,basic,9.99,paid,9.99,True
337,2,premium,29.99,failed,0.0,True
338,2,pro,19.99,paid,19.99,True
339,2,basic,9.99,paid,9.99,True
340,2,basic,9.99,paid,9.99,True
341,2,basic,9.99,paid,9.99,True
342,2,basic,9.99,paid,9.99,True
343,2,basic,9.99,paid,9.99,True
344,2,basic,9.99,paid,9.99,True
345,2,basic,9.99,paid,9.99,True
346,2,pro,19.99,paid,19.99,True
347,2,pro,19.99,paid,19.99,True
348,2,basic,9.99,failed,0.0,True
349,2,basic,9.99,paid,9.99,True
350,2,pro,19.99,failed,0.0,True
351,2,pro,19.99,paid,19.99,True
352,2,premium,29.99,paid,29.99,True
353,2,pro,19.99,paid,19.99,True
354,2,basic,9.99,paid,9.99,True
355,2,basic,9.99,paid,9.99,True
356,2,pro,19.99,paid,19.99,True
357,2,basic,9.99,paid,9.99,True
358,2,pro,19.99,paid,19.99,True
359,2,premium,29.99,paid,29.99,True
360,2,pro,19.99,paid,19.99,True
361,2,basic,9.99,paid,9.99,True
362,2,pro,19.99,paid,19.99,True
363,2,basic,9.99,paid,9.99,True
364,2,pro,19.99,paid,19.99,True
365,2,premium,29.99,paid,29.99,True
366,2,basic,9.99,paid,9.99,True
367,2,premium,29.99,failed,0.0,True
368,2,premium,29.99,paid,29.99,True
369,2,basic,9.99,paid,9.99,True
370,2,basic,9.99,paid,9.99,True
371,2,basic,9.99,paid,9.99,True
372,2,basic,9.99,paid,9.99,True
373,2,basic,9.99,paid,9.99,True
374,2,pro,19.99,paid,19.99,True
375,2,basic,9.99,paid,9.99,True
376,2,basic,9.99,paid,9.99,True
377,2,pro,19.99,paid,19.99,True
378,2,basic,9.99,paid,9.99,True
379,2,pro,19.99,paid,19.99,True
380,2,basic,9.99,paid,9.99,True
381,2,basic,9.99,paid,9.99,True
382,2,pro,19.99,paid,19.99,True
383,2,pro,19.99,paid,19.99,True
384,2,premium,29.99,paid,29.99,True
385,2,pro,19.99,paid,19.99,True
386,2,pro,19.99,paid,19.99,True
387,2,basic,9.99,paid,9.99,True
388,2,basic,9.99,paid,9.99,True
389,2,pro,19.99,paid,19.99,True
390,2,pro,19.99,paid,19.99,True
391,2,premium,29.99,paid,29.99,True
392,2,basic,9.99,paid,9.99,True
393,2,basic,9.99,failed,0.0,True
394,2,pro,19.99,paid,19.99,True
395,2,basic,9.99,paid,9.99,True
396,2,premium,29.99,paid,29.99,True
397,2,premium,29.99,paid,29.99,True
398,2,basic,9.99,paid,9.99,True
399,2,pro,19.99,paid,19.99,True
400,2,pro,19.99,paid,19.99,True
401,2,basic,9.99,failed,0.0,True
402,2,premium,29.99,paid,29.99,True
403,2,pro,19.99,paid,19.99,True
404,2,pro,19.99,paid,19.99,True
405,2,basic,9.99,paid,9.99,True
406,2,premium,29.99,paid,29.99,True
407,2,basic,9.99,paid,9.99,True
408,2,basic,9.99,paid,9.99,True
409,2,premium,29.99,paid,29.99,True
410,2,basic,9.99,paid,9.99,True
411,2,basic,9.99,paid,9.99,True
412,2,premium,29.99,paid,29.99,True
413,2,premium,29.99,paid,29.99,True
414,2,pro,19.99,failed,0.0,True
415,2,pro,19.99,paid,19.99,True
416,2,basic,9.99,paid,9.99,True
417,2,basic,9.99,paid,9.99,True
418,2,basic,9.99,paid,9.99,True
419,2,pro,19.99,paid,19.99,True
420,2,pro,19.99,paid,19.99,True
421,2,pro,19.99,paid,19.99,True
422,2,pro,19.99,paid,19.99,True
423,2,basic,9.99,paid,9.99,True
424,2,basic,9.99,paid,9.99,True
425,2,basic,9.99,failed,0.0,False
426,2,pro,19.99,paid,19.99,True
427,2,basic,9.99,paid,9.99,True
428,2,premium,29.99,paid,29.99,True
429,2,basic,9.99,paid,9.99,True
430,2,basic,9.99,failed,0.0,True
431,2,basic,9.99,paid,9.99,True
432,2,pro,19.99,paid,19.99,True
433,2,pro,19.99,paid,19.99,True
434,2,basic,9.99,paid,9.99,True
435,2,basic,9.99,paid,9.99,True
436,2,pro,19.99,paid,19.99,True
437,2,basic,9.99,paid,9.99,True
438,2,pro,19.99,paid,19.99,True
439,2,pro,19.99,paid,19.99,True
440,2,basic,9.99,paid,9.99,True
441,2,basic,9.99,failed,0.0,True
442,2,premium,29.99,paid,29.99,True
443,2,basic,9.99,paid,9.99,True
444,2,basic,9.99,paid,9.99,True
445,2,pro,19.99,paid,19.99,True
446,2,premium,29.99,paid,29.99,True
447,2,premium,29.99,paid,29.99,True
448,2,pro,19.99,paid,19.99,True
449,2,basic,9.99,paid,9.99,True
450,2,basic,9.99,paid,9.99,True
451,2,pro,19.99,paid,19.99,True
452,2,pro,19.99,paid,19.99,True
453,2,basic,9.99,paid,9.99,True
454,2,premium,29.99,paid,29.99,True
455,2,basic,9.99,paid,9.99,True
456,2,basic,9.99,paid,9.99,True
457,2,basic,9.99,paid,9.99,True
458,2,basic,9.99,paid,9.99,True
459,2,basic,9.99,paid,9.99,True
460,2,basic,9.99,paid,9.99,True
461,2,basic,9.99,paid,9.99,True
462,2,pro,19.99,paid,19.99,True
463,2,pro,19.99,paid,19.99,True
464,2,pro,19.99,paid,19.99,True
465,2,premium,29.99,paid,29.99,True
466,2,basic,9.99,paid,9.99,True
467,2,basic,9.99,failed,0.0,True
468,2,premium,29.99,paid,29.99,True
469,2,basic,9.99,paid,9.99,True
470,2,premium,29.99,paid,29.99,True
471,2,basic,9.99,paid,9.99,True
472,2,premium,29.99,paid,29.99,True
473,2,basic,9.99,paid,9.99,True
474,2,premium,29.99,paid,29.99,True
475,2,pro,19.99,paid,19.99,True
476,2,premium,29.99,paid,29.99,True
477,2,basic,9.99,paid,9.99,True
478,2,pro,19.99,paid,19.99,True
479,2,premium,29.99,paid,29.99,True
480,2,pro,19.99,paid,19.99,True
481,2,pro,19.99,paid,19.99,True
482,2,pro,19.99,paid,19.99,True
483,2,basic,9.99,paid,9.99,True
484,2,pro,19.99,failed,0.0,True
485,2,pro,19.99,paid,19.99,True
486,2,premium,29.99,paid,29.99,True
487,2,basic,9.99,paid,9.99,True
488,2,basic,9.99,paid,9.99,True
489,2,premium,29.99,paid,29.99,True
490,2,premium,29.99,paid,29.99,True
491,2,basic,9.99,paid,9.99,True
492,2,pro,19.99,paid,19.99,True
493,2,basic,9.99,paid,9.99,True
494,2,basic,9.99,paid,9.99,True
495,2,basic,9.99,paid,9.99,True
496,2,basic,9.99,paid,9.99,True
497,2,pro,19.99,paid,19.99,True
498,2,basic,9.99,paid,9.99,True
499,2,premium,29.99,paid,29.99,True
500,2,premium,29.99,paid,29.99,True
501,2,pro,19.99,paid,19.99,True
502,2,pro,19.99,paid,19.99,True
503,2,basic,9.99,paid,9.99,True
504,2,pro,19.99,paid,19.99,True
505,2,pro,19.99,paid,19.99,True
506,2,basic,9.99,paid,9.99,True
507,2,premium,29.99,paid,29.99,True
508,2,pro,19.99,paid,19.99,True
509,2,premium,29.99,paid,29.99,True
510,2,pro,19.99,paid,19.99,True
511,2,pro,19.99,paid,19.99,True
512,2,basic,9.99,paid,9.99,True
513,2,premium,29.99,paid,29.99,True
514,2,premium,29.99,paid,29.99,True
515,2,basic,9.99,paid,9.99,True
516,2,basic,9.99,paid,9.99,True
517,2,basic,9.99,paid,9.99,True
518,2,pro,19.99,paid,19.99,True
519,2,premium,29.99,paid,29.99,True
520,2,basic,9.99,paid,9.99,True
521,2,pro,19.99,paid,19.99,True
522,2,basic,9.99,paid,9.99,True
523,2,premium,29.99,paid,29.99,True
524,2,pro,19.99,paid,19.99,True
525,2,pro,19.99,paid,19.99,True
526,2,basic,9.99,paid,9.99,True
527,2,basic,9.99,paid,9.99,True
528,2,basic,9.99,paid,9.99,True
529,2,basic,9.99,paid,9.99,True
530,2,premium,29.99,paid,29.99,True
531,2,pro,19.99,paid,19.99,True
532,2,premium,29.99,paid,29.99,True
533,2,premium,29.99,paid,29.99,True
534,2,pro,19.99,paid,19.99,True
535,2,pro,19.99,paid,19.99,True
536,2,premium,29.99,paid,29.99,True
537,2,pro,19.99,paid,19.99,True
538,2,basic,9.99,paid,9.99,True
539,2,basic,9.99,paid,9.99,True
540,2,basic,9.99,paid,9.99,True
541,2,premium,29.99,paid,29.99,True
542,2,pro,19.99,paid,19.99,True
543,2,basic,9.99,paid,9.99,True
544,2,pro,19.99,paid,19.99,True
545,2,pro,19.99,paid,19.99,True
546,2,basic,9.99,paid,9.99,True
547,2,basic,9.99,paid,9.99,True
548,2,pro,19.99,paid,19.99,True
549,2,pro,19.99,paid,19.99,True
550,2,pro,19.99,paid,19.99,True
551,2,pro,19.99,paid,19.99,True
552,2,premium,29.99,paid,29.99,True
553,2,pro,19.99,paid,19.99,True
554,2,pro,19.99,paid,19.99,True
555,2,premium,29.99,paid,29.99,True
556,2,basic,9.99,paid,9.99,True
557,2,basic,9.99,paid,9.99,True
558,2,basic,9.99,paid,9.99,True
559,2,pro,19.99,paid,19.99,True
560,2,pro,19.99,paid,19.99,True
561,2,pro,19.99,paid,19.99,True
562,2,basic,9.99,paid,9.99,True
563,2,basic,9.99,paid,9.99,True
564,2,basic,9.99,paid,9.99,True
565,2,basic,9.99,paid,9.99,True
566,2,pro,19.99,paid,19.99,True
567,2,basic,9.99,paid,9.99,True
568,2,basic,9.99,paid,9.99,True
569,2,premium,29.99,paid,29.99,True
570,2,basic,9.99,paid,9.99,True
571,2,pro,19.99,paid,19.99,True
572,2,pro,19.99,paid,19.99,True
573,2,basic,9.99,paid,9.99,True
574,2,pro,19.99,paid,19.99,True
575,2,premium,29.99,paid,29.99,True
576,2,premium,29.99,paid,29.99,True
577,2,basic,9.99,failed,0.0,True
578,2,premium,29.99,paid,29.99,True
579,2,basic,9.99,paid,9.99,True
580,2,basic,9.99,paid,9.99,True
581,2,basic,9.99,paid,9.99,True
582,2,premium,29.99,failed,0.0,False
583,2,basic,9.99,paid,9.99,True
584,2,basic,9.99,failed,0.0,True
585,2,pro,19.99,paid,19.99,True
586,2,basic,9.99,paid,9.99,True
587,2,basic,9.99,paid,9.99,True
588,2,basic,9.99,failed,0.0,True
589,2,basic,9.99,paid,9.99,True
590,2,basic,9.99,paid,9.99,True
591,2,basic,9.99,paid,9.99,True
592,2,pro,19.99,paid,19.99,True
593,2,basic,9.99,paid,9.99,True
594,2,basic,9.99,failed,0.0,True
595,2,premium,29.99,paid,29.99,True
596,2,basic,9.99,paid,9.99,True
597,2,pro,19.99,paid,19.99,True
598,2,basic,9.99,paid,9.99,True
599,2,basic,9.99,paid,9.99,True
600,2,basic,9.99,paid,9.99,True
601,2,basic,9.99,paid,9.99,True
602,2,basic,9.99,paid,9.99,True
603,2,basic,9.99,failed,0.0,True
604,2,basic,9.99,paid,9.99,True
605,2,basic,9.99,paid,9.99,True
606,2,basic,9.99,paid,9.99,True
607,2,basic,9.99,paid,9.99,True
608,2,basic,9.99,paid,9.99,True
609,2,pro,19.99,paid,19.99,True
610,2,pro,19.99,paid,19.99,True
611,2,basic,9.99,paid,9.99,True
612,2,pro,19.99,paid,19.99,True
613,2,pro,19.99,paid,19.99,True
614,2,basic,9.99,paid,9.99,True
615,2,premium,29.99,paid,29.99,True
616,2,premium,29.99,failed,0.0,True
617,2,basic,9.99,paid,9.99,True
618,2,basic,9.99,paid,9.99,True
619,2,pro,19.99,paid,19.99,True
620,2,pro,19.99,paid,19.99,True
621,2,basic,9.99,paid,9.99,True
622,2,basic,9.99,paid,9.99,True
623,2,basic,9.99,paid,9.99,True
624,2,basic,9.99,paid,9.99,True
625,2,pro,19.99,paid,19.99,True
626,2,basic,9.99,paid,9.99,True
627,2,basic,9.99,paid,9.99,True
628,2,pro,19.99,paid,19.99,True
629,2,basic,9.99,paid,9.99,True
630,2,basic,9.99,paid,9.99,True
631,2,pro,19.99,paid,19.99,True
632,2,premium,29.99,paid,29.99,True
633,2,pro,19.99,paid,19.99,True
634,2,pro,19.99,paid,19.99,True
635,2,basic,9.99,paid,9.99,True
636,2,basic,9.99,failed,0.0,True
637,2,pro,19.99,paid,19.99,True
638,2,basic,9.99,paid,9.99,True
639,2,basic,9.99,paid,9.99,True
640,2,basic,9.99,paid,9.99,True
641,2,basic,9.99,paid,9.99,True
642,2,basic,9.99,paid,9.99,True
643,2,basic,9.99,paid,9.99,True
644,2,basic,9.99,paid,9.99,True
645,2,basic,9.99,paid,9.99,True
646,2,premium,29.99,paid,29.99,True
647,2,pro,19.99,paid,19.99,True
648,2,pro,19.99,paid,19.99,True
649,2,pro,19.99,paid,19.99,True
650,2,basic,9.99,paid,9.99,True
651,2,basic,9.99,paid,9.99,True
652,2,pro,19.99,paid,19.99,True
653,2,pro,19.99,paid,19.99,True
654,2,pro,19.99,failed,0.0,False
655,2,basic,9.99,paid,9.99,True
656,2,basic,9.99,paid,9.99,True
657,2,basic,9.99,paid,9.99,True
658,2,basic,9.99,paid,9.99,True
659,2,pro,19.99,paid,19.99,True
660,2,pro,19.99,paid,19.99,True
661,2,basic,9.99,failed,0.0,True
662,2,premium,29.99,paid,29.99,True
663,2,pro,19.99,paid,19.99,True
664,2,basic,9.99,paid,9.99,True
665,2,basic,9.99,paid,9.99,True
666,2,basic,9.99,paid,9.99,True
667,2,basic,9.99,paid,9.99,True
668,2,basic,9.99,paid,9.99,True
669,2,basic,9.99,paid,9.99,True
670,2,basic,9.99,paid,9.99,True
671,2,basic,9.99,paid,9.99,True
672,2,premium,29.99,paid,29.99,True
673,2,basic,9.99,paid,9.99,True
674,2,pro,19.99,paid,19.99,True
675,2,basic,9.99,paid,9.99,True
676,2,premium,29.99,paid,29.99,True
677,2,basic,9.99,paid,9.99,True
678,2,basic,9.99,paid,9.99,True
679,2,premium,29.99,paid,29.99,True
680,2,premium,29.99,paid,29.99,True
681,2,pro,19.99,paid,19.99,True
682,2,basic,9.99,paid,9.99,True
683,2,basic,9.99,paid,9.99,True
684,2,pro,19.99,paid,19.99,True
685,2,premium,29.99,failed,0.0,True
686,2,pro,19.99,paid,19.99,True
687,2,pro,19.99,paid,19.99,True
688,2,basic,9.99,paid,9.99,True
689,2,pro,19.99,paid,19.99,True
690,2,basic,9.99,paid,9.99,True
691,2,basic,9.99,paid,9.99,True
692,2,basic,9.99,paid,9.99,True
693,2,pro,19.99,paid,19.99,True
694,2,basic,9.99,paid,9.99,True
695,2,basic,9.99,paid,9.99,True
696,2,pro,19.99,paid,19.99,True
697,2,basic,9.99,paid,9.99,True
698,2,pro,19.99,paid,19.99,True
699,2,basic,9.99,paid,9.99,True
700,2,basic,9.99,paid,9.99,True
701,2,pro,19.99,paid,19.99,True
702,2,basic,9.99,paid,9.99,True
703,2,basic,9.99,paid,9.99,True
704,2,basic,9.99,paid,9.99,True
705,2,basic,9.99,paid,9.99,True
706,2,premium,29.99,paid,29.99,True
707,2,basic,9.99,paid,9.99,True
708,2,pro,19.99,paid,19.99,True
709,2,basic,9.99,paid,9.99,True
710,2,pro,19.99,paid,19.99,True
711,2,pro,19.99,paid,19.99,True
712,2,pro,19.99,paid,19.99,True
713,2,basic,9.99,paid,9.99,True
714,2,basic,9.99,paid,9.99,True
715,2,basic,9.99,paid,9.99,True
716,2,premium,29.99,paid,29.99,True
717,2,pro,19.99,paid,19.99,True
718,2,premium,29.99,paid,29.99,True
719,2,basic,9.99,failed,0.0,True
720,2,pro,19.99,paid,19.99,True
721,2,premium,29.99,paid,29.99,True
722,2,basic,9.99,paid,9.99,True
723,2,basic,9.99,paid,9.99,True
724,2,pro,19.99,paid,19.99,True
725,2,pro,19.99,paid,19.99,True
726,2,pro,19.99,paid,19.99,True
727,2,basic,9.99,paid,9.99,True
728,2,pro,19.99,paid,19.99,True
729,2,basic,9.99,paid,9.99,True
730,2,basic,9.99,paid,9.99,True
731,2,basic,9.99,paid,9.99,True
732,2,pro,19.99,paid,19.99,True
733,2,pro,19.99,paid,19.99,True
734,2,pro,19.99,paid,19.99,True
735,2,basic,9.99,paid,9.99,True
736,2,premium,29.99,paid,29.99,True
737,2,basic,9.99,paid,9.99,True
738,2,pro,19.99,paid,19.99,True
739,2,basic,9.99,paid,9.99,True
740,2,basic,9.99,paid,9.99,True
741,2,basic,9.99,paid,9.99,True
742,2,basic,9.99,paid,9.99,True
743,2,pro,19.99,paid,19.99,True
744,2,pro,19.99,paid,19.99,True
745,2,basic,9.99,paid,9.99,True
746,2,premium,29.99,paid,29.99,True
747,2,basic,9.99,paid,9.99,True
748,2,pro,19.99,paid,19.99,True
749,2,premium,29.99,paid,29.99,True
750,2,pro,19.99,paid,19.99,True
751,2,basic,9.99,paid,9.99,True
752,2,premium,29.99,paid,29.99,True
753,2,pro,19.99,paid,19.99,True
754,2,basic,9.99,paid,9.99,True
755,2,basic,9.99,paid,9.99,True
756,2,pro,19.99,paid,19.99,True
757,2,pro,19.99,paid,19.99,True
758,2,pro,19.99,paid,19.99,True
759,2,premium,29.99,paid,29.99,True
760,2,pro,19.99,paid,19.99,True
761,2,basic,9.99,paid,9.99,True
762,2,basic,9.99,paid,9.99,True
763,2,basic,9.99,paid,9.99,True
764,2,pro,19.99,paid,19.99,True
765,2,basic,9.99,paid,9.99,True
766,2,pro,19.99,paid,19.99,True
767,2,pro,19.99,paid,19.99,True
768,2,premium,29.99,paid,29.99,True
769,2,basic,9.99,paid,9.99,True
770,2,pro,19.99,paid,19.99,True
771,2,basic,9.99,paid,9.99,True
772,2,pro,19.99,paid,19.99,True
773,2,basic,9.99,paid,9.99,True
774,2,basic,9.99,paid,9.99,True
775,2,pro,19.99,paid,19.99,True
776,2,basic,9.99,paid,9.99,True
777,2,basic,9.99,paid,9.99,True
778,2,pro,19.99,paid,19.99,True
779,2,pro,19.99,paid,19.99,True
780,2,pro,19.99,paid,19.99,True
781,2,pro,19.99,paid,19.99,True
782,2,pro,19.99,paid,19.99,True
783,2,basic,9.99,paid,9.99,True
784,2,basic,9.99,paid,9.99,True
785,2,basic,9.99,paid,9.99,True
786,2,premium,29.99,paid,29.99,True
787,2,pro,19.99,paid,19.99,True
788,2,basic,9.99,paid,9.99,True
789,2,basic,9.99,paid,9.99,True
790,2,premium,29.99,paid,29.99,True
791,2,basic,9.99,paid,9.99,True
792,2,pro,19.99,paid,19.99,True
793,2,pro,19.99,paid,19.99,True
794,2,pro,19.99,paid,19.99,True
795,2,basic,9.99,paid,9.99,True
796,2,premium,29.99,paid,29.99,True
797,2,premium,29.99,paid,29.99,True
798,2,pro,19.99,paid,19.99,True
799,2,pro,19.99,paid,19.99,True
800,2,premium,29.99,paid,29.99,True
801,2,pro,19.99,paid,19.99,True
802,2,basic,9.99,paid,9.99,True
803,2,pro,19.99,paid,19.99,True
804,2,pro,19.99,paid,19.99,True
805,2,basic,9.99,paid,9.99,True
806,2,pro,19.99,paid,19.99,True
807,2,premium,29.99,paid,29.99,True
808,2,premium,29.99,paid,29.99,True
809,2,basic,9.99,paid,9.99,True
810,2,basic,9.99,paid,9.99,True
811,2,premium,29.99,paid,29.99,True
812,2,pro,19.99,paid,19.99,True
813,2,basic,9.99,paid,9.99,True
814,2,premium,29.99,paid,29.99,True
815,2,premium,29.99,paid,29.99,True
816,2,pro,19.99,paid,19.99,True
817,2,pro,19.99,paid,19.99,True
818,2,basic,9.99,failed,0.0,True
819,2,basic,9.99,paid,9.99,True
820,2,basic,9.99,paid,9.99,True
821,2,pro,19.99,failed,0.0,False
822,2,basic,9.99,paid,9.99,True
823,2,basic,9.99,paid,9.99,True
824,2,basic,9.99,paid,9.99,True
825,2,pro,19.99,paid,19.99,True
826,2,premium,29.99,paid,29.99,True
827,2,basic,9.99,paid,9.99,True
828,2,basic,9.99,paid,9.99,True
829,2,pro,19.99,paid,19.99,True
830,2,basic,9.99,paid,9.99,True
831,2,basic,9.99,paid,9.99,True
832,2,basic,9.99,paid,9.99,True
833,2,basic,9.99,paid,9.99,True
834,2,basic,9.99,paid,9.99,True
835,2,basic,9.99,paid,9.99,True
836,2,basic,9.99,paid,9.99,True
837,2,premium,29.99,paid,29.99,True
838,2,basic,9.99,failed,0.0,False
839,2,pro,19.99,paid,19.99,True
840,2,pro,19.99,paid,19.99,True
841,2,basic,9.99,paid,9.99,True
842,2,pro,19.99,failed,0.0,True
843,2,basic,9.99,paid,9.99,True
844,2,premium,29.99,paid,29.99,True
845,2,basic,9.99,paid,9.99,True
846,2,basic,9.99,paid,9.99,True
847,2,basic,9.99,paid,9.99,True
848,2,premium,29.99,paid,29.99,True
849,2,pro,19.99,paid,19.99,True
850,2,pro,19.99,paid,19.99,True
851,2,basic,9.99,paid,9.99,True
852,2,pro,19.99,paid,19.99,True
853,2,basic,9.99,paid,9.99,True
854,2,premium,29.99,failed,0.0,True
855,2,basic,9.99,paid,9.99,True
856,2,basic,9.99,paid,9.99,True
857,2,basic,9.99,paid,9.99,True
858,2,basic,9.99,paid,9.99,True
859,2,pro,19.99,paid,19.99,True
860,2,basic,9.99,paid,9.99,True
861,2,pro,19.99,paid,19.99,True
862,2,basic,9.99,paid,9.99,True
863,2,pro,19.99,paid,19.99,True
864,2,basic,9.99,failed,0.0,True
865,2,basic,9.99,paid,9.99,True
866,2,pro,19.99,paid,19.99,True
867,2,basic,9.99,paid,9.99,True
868,2,basic,9.99,paid,9.99,True
869,2,premium,29.99,paid,29.99,True
870,2,premium,29.99,paid,29.99,True
871,2,basic,9.99,paid,9.99,True
872,2,basic,9.99,paid,9.99,True
873,2,pro,19.99,paid,19.99,True
874,2,basic,9.99,paid,9.99,True
875,2,basic,9.99,paid,9.99,True
876,2,basic,9.99,paid,9.99,True
877,2,pro,19.99,paid,19.99,True
878,2,pro,19.99,paid,19.99,True
879,2,basic,9.99,paid,9.99,True
880,2,basic,9.99,paid,9.99,True
881,2,basic,9.99,paid,9.99,True
882,2,pro,19.99,paid,19.99,True
883,2,basic,9.99,paid,9.99,True
884,2,basic,9.99,paid,9.99,True
885,2,pro,19.99,paid,19.99,True
886,2,basic,9.99,paid,9.99,True
887,2,pro,19.99,paid,19.99,True
888,2,basic,9.99,paid,9.99,True
889,2,basic,9.99,paid,9.99,True
890,2,basic,9.99,paid,9.99,True
891,2,pro,19.99,paid,19.99,True
892,2,premium,29.99,paid,29.99,True
893,2,pro,19.99,paid,19.99,True
894,2,basic,9.99,paid,9.99,True
895,2,pro,19.99,paid,19.99,True
896,2,basic,9.99,paid,9.99,True
897,2,basic,9.99,paid,9.99,True
898,2,premium,29.99,paid,29.99,True
899,2,basic,9.99,paid,9.99,True
900,2,basic,9.99,failed,0.0,True
901,2,basic,9.99,paid,9.99,True
902,2,basic,9.99,paid,9.99,True
903,2,basic,9.99,paid,9.99,True
904,2,pro,19.99,paid,19.99,True
905,2,basic,9.99,paid,9.99,True
906,2,premium,29.99,paid,29.99,True
907,2,pro,19.99,paid,19.99,True
908,2,basic,9.99,paid,9.99,True
909,2,basic,9.99,paid,9.99,True
910,2,basic,9.99,failed,0.0,True
911,2,pro,19.99,paid,19.99,True
912,2,basic,9.99,paid,9.99,True
913,2,pro,19.99,paid,19.99,True
914,2,basic,9.99,paid,9.99,True
915,2,pro,19.99,paid,19.99,True
916,2,basic,9.99,paid,9.99,True
917,2,basic,9.99,paid,9.99,True
918,2,premium,29.99,paid,29.99,True
919,2,pro,19.99,paid,19.99,True
920,2,basic,9.99,paid,9.99,True
921,2,premium,29.99,paid,29.99,True
922,2,basic,9.99,paid,9.99,True
923,2,premium,29.99,paid,29.99,True
924,2,pro,19.99,paid,19.99,True
925,2,basic,9.99,paid,9.99,True
926,2,basic,9.99,paid,9.99,True
927,2,basic,9.99,paid,9.99,True
928,2,pro,19.99,paid,19.99,True
929,2,pro,19.99,paid,19.99,True
930,2,basic,9.99,paid,9.99,True
931,2,basic,9.99,paid,9.99,True
932,2,pro,19.99,paid,19.99,True
933,2,premium,29.99,paid,29.99,True
934,2,pro,19.99,failed,0.0,True
935,2,basic,9.99,paid,9.99,True
936,2,basic,9.99,paid,9.99,True
937,2,basic,9.99,paid,9.99,True
938,2,premium,29.99,paid,29.99,True
939,2,basic,9.99,paid,9.99,True
940,2,pro,19.99,paid,19.99,True
941,2,basic,9.99,paid,9.99,True
942,2,pro,19.99,paid,19.99,True
943,2,pro,19.99,paid,19.99,True
944,2,pro,19.99,paid,19.99,True
945,2,basic,9.99,paid,9.99,True
946,2,basic,9.99,paid,9.99,True
947,2,basic,9.99,paid,9.99,True
948,2,premium,29.99,paid,29.99,True
949,2,premium,29.99,paid,29.99,True
950,2,pro,19.99,failed,0.0,True
951,2,pro,19.99,paid,19.99,True
952,2,pro,19.99,paid,19.99,True
953,2,basic,9.99,paid,9.99,True
954,2,premium,29.99,paid,29.99,True
955,2,basic,9.99,paid,9.99,True
956,2,basic,9.99,paid,9.99,True
957,2,pro,19.99,paid,19.99,True
958,2,basic,9.99,paid,9.99,True
959,2,basic,9.99,paid,9.99,True
960,2,pro,19.99,paid,19.99,True
961,2,basic,9.99,paid,9.99,True
962,2,pro,19.99,failed,0.0,True
963,2,basic,9.99,paid,9.99,True
964,2,basic,9.99,paid,9.99,True
965,2,basic,9.99,paid,9.99,True
966,2,basic,9.99,paid,9.99,True
967,2,pro,19.99,paid,19.99,True
968,2,basic,9.99,paid,9.99,True
969,2,pro,19.99,paid,19.99,True
970,2,basic,9.99,paid,9.99,True
971,2,pro,19.99,paid,19.99,True
972,2,premium,29.99,paid,29.99,True
973,2,pro,19.99,paid,19.99,True
974,2,basic,9.99,paid,9.99,True
975,2,basic,9.99,paid,9.99,True
976,2,basic,9.99,paid,9.99,True
977,2,pro,19.99,paid,19.99,True
978,2,basic,9.99,failed,0.0,True
979,2,basic,9.99,paid,9.99,True
980,2,pro,19.99,paid,19.99,True
981,2,basic,9.99,paid,9.99,True
982,2,pro,19.99,paid,19.99,True
983,2,basic,9.99,paid,9.99,True
984,2,basic,9.99,paid,9.99,True
985,2,pro,19.99,paid,19.99,True
986,2,basic,9.99,paid,9.99,True
987,2,pro,19.99,paid,19.99,True
988,2,basic,9.99,paid,9.99,True
989,2,basic,9.99,paid,9.99,True
990,2,pro,19.99,paid,19.99,True
991,2,pro,19.99,paid,19.99,True
992,2,pro,19.99,paid,19.99,True
993,2,basic,9.99,paid,9.99,True
994,2,pro,19.99,failed,0.0,False
995,2,basic,9.99,paid,9.99,True
996,2,basic,9.99,paid,9.99,True
997,2,premium,29.99,paid,29.99,True
998,2,basic,9.99,paid,9.99,True
999,2,premium,29.99,paid,29.99,True
1000,2,basic,9.99,paid,9.99,True
1,3,basic,9.99,paid,9.99,True
2,3,premium,29.99,paid,29.99,True
3,3,pro,19.99,paid,19.99,True
4,3,pro,19.99,paid,19.99,True
5,3,basic,9.99,paid,9.99,True
6,3,basic,9.99,failed,0.0,False
7,3,basic,9.99,paid,9.99,True
8,3,premium,29.99,paid,29.99,True
9,3,pro,19.99,paid,19.99,True
10,3,pro,19.99,paid,19.99,True
11,3,basic,9.99,paid,9.99,True
12,3,premium,29.99,paid,29.99,True
13,3,pro,19.99,paid,19.99,True
14,3,basic,9.99,paid,9.99,True
15,3,basic,9.99,paid,9.99,True
16,3,basic,9.99,paid,9.99,True
17,3,basic,9.99,paid,9.99,True
18,3,pro,19.99,paid,19.99,True
19,3,basic,9.99,paid,9.99,True
20,3,basic,9.99,paid,9.99,True
21,3,pro,19.99,paid,19.99,True
22,3,basic,9.99,paid,9.99,True
23,3,basic,9.99,paid,9.99,True
24,3,basic,9.99,failed,0.0,True
25,3,basic,9.99,paid,9.99,True
26,3,pro,19.99,paid,19.99,True
27,3,basic,9.99,paid,9.99,True
28,3,pro,19.99,paid,19.99,True
29,3,pro,19.99,paid,19.99,True
30,3,basic,9.99,paid,9.99,True
31,3,pro,19.99,paid,19.99,True
32,3,basic,9.99,paid,9.99,True
33,3,basic,9.99,paid,9.99,True
34,3,premium,29.99,paid,29.99,True
35,3,premium,29.99,paid,29.99,True
36,3,pro,19.99,paid,19.99,True
37,3,basic,9.99,paid,9.99,True
38,3,basic,9.99,paid,9.99,True
39,3,pro,19.99,paid,19.99,True
40,3,basic,9.99,paid,9.99,True
41,3,basic,9.99,paid,9.99,True
42,3,basic,9.99,paid,9.99,True
43,3,basic,9.99,paid,9.99,True
44,3,premium,29.99,paid,29.99,True
45,3,basic,9.99,paid,9.99,True
46,3,pro,19.99,failed,0.0,True
47,3,basic,9.99,paid,9.99,True
48,3,pro,19.99,paid,19.99,True
49,3,pro,19.99,paid,19.99,True
50,3,basic,9.99,paid,9.99,True
51,3,premium,29.99,paid,29.99,True
52,3,pro,19.99,paid,19.99,True
53,3,premium,29.99,paid,29.99,True
54,3,premium,29.99,paid,29.99,True
55,3,pro,19.99,paid,19.99,True
56,3,premium,29.99,paid,29.99,True
57,3,basic,9.99,paid,9.99,True
58,3,basic,9.99,paid,9.99,True
59,3,basic,9.99,paid,9.99,True
60,3,basic,9.99,paid,9.99,True
61,3,basic,9.99,paid,9.99,True
62,3,basic,9.99,paid,9.99,True
63,3,pro,19.99,paid,19.99,True
64,3,basic,9.99,paid,9.99,True
65,3,basic,9.99,failed,0.0,True
66,3,pro,19.99,paid,19.99,True
67,3,basic,9.99,failed,0.0,True
68,3,pro,19.99,paid,19.99,True
69,3,basic,9.99,failed,0.0,False
70,3,premium,29.99,paid,29.99,True
71,3,pro,19.99,paid,19.99,True
72,3,basic,9.99,paid,9.99,True
73,3,basic,9.99,paid,9.99,True
74,3,pro,19.99,paid,19.99,True
75,3,pro,19.99,paid,19.99,True
76,3,pro,19.99,paid,19.99,True
77,3,pro,19.99,paid,19.99,True
78,3,basic,9.99,paid,9.99,True
79,3,basic,9.99,paid,9.99,True
80,3,basic,9.99,paid,9.99,True
81,3,premium,29.99,paid,29.99,True
82,3,pro,19.99,paid,19.99,True
83,3,basic,9.99,paid,9.99,True
84,3,basic,9.99,paid,9.99,True
85,3,basic,9.99,paid,9.99,True
86,3,basic,9.99,paid,9.99,True
87,3,pro,19.99,paid,19.99,True
88,3,pro,19.99,paid,19.99,True
89,3,premium,29.99,paid,29.99,True
90,3,basic,9.99,paid,9.99,True
91,3,basic,9.99,paid,9.99,True
92,3,pro,19.99,paid,19.99,True
93,3,pro,19.99,paid,19.99,True
94,3,pro,19.99,paid,19.99,True
95,3,pro,19.99,paid,19.99,True
96,3,basic,9.99,paid,9.99,True
97,3,pro,19.99,paid,19.99,True
98,3,basic,9.99,paid,9.99,True
99,3,basic,9.99,paid,9.99,True
100,3,basic,9.99,failed,0.0,False
101,3,basic,9.99,paid,9.99,True
102,3,pro,19.99,paid,19.99,True
103,3,basic,9.99,failed,0.0,False
104,3,pro,19.99,paid,19.99,True
105,3,premium,29.99,paid,29.99,True
106,3,basic,9.99,paid,9.99,True
107,3,basic,9.99,failed,0.0,False
108,3,pro,19.99,paid,19.99,True
109,3,basic,9.99,paid,9.99,True
110,3,basic,9.99,paid,9.99,True
111,3,basic,9.99,paid,9.99,True
112,3,basic,9.99,paid,9.99,True
113,3,premium,29.99,paid,29.99,True
114,3,pro,19.99,paid,19.99,True
115,3,pro,19.99,paid,19.99,True
116,3,premium,29.99,paid,29.99,True
117,3,pro,19.99,paid,19.99,True
118,3,basic,9.99,paid,9.99,True
119,3,premium,29.99,paid,29.99,True
120,3,pro,19.99,paid,19.99,True
121,3,pro,19.99,paid,19.99,True
122,3,premium,29.99,paid,29.99,True
123,3,basic,9.99,paid,9.99,True
124,3,basic,9.99,failed,0.0,False
125,3,basic,9.99,paid,9.99,True
126,3,basic,9.99,paid,9.99,True
127,3,pro,19.99,paid,19.99,True
128,3,premium,29.99,paid,29.99,True
129,3,basic,9.99,paid,9.99,True
130,3,pro,19.99,paid,19.99,True
131,3,basic,9.99,paid,9.99,True
132,3,basic,9.99,paid,9.99,True
133,3,basic,9.99,paid,9.99,True
134,3,basic,9.99,failed,0.0,False
135,3,premium,29.99,paid,29.99,True
136,3,basic,9.99,paid,9.99,True
137,3,pro,19.99,paid,19.99,True
138,3,pro,19.99,paid,19.99,True
139,3,basic,9.99,paid,9.99,True
140,3,premium,29.99,paid,29.99,True
141,3,premium,29.99,paid,29.99,True
142,3,basic,9.99,paid,9.99,True
143,3,basic,9.99,failed,0.0,False
144,3,basic,9.99,paid,9.99,True
145,3,basic,9.99,paid,9.99,True
146,3,basic,9.99,paid,9.99,True
147,3,pro,19.99,failed,0.0,False
148,3,pro,19.99,paid,19.99,True
149,3,basic,9.99,paid,9.99,True
150,3,basic,9.99,paid,9.99,True
151,3,premium,29.99,paid,29.99,True
152,3,basic,9.99,paid,9.99,True
153,3,basic,9.99,paid,9.99,True
154,3,basic,9.99,paid,9.99,True
155,3,premium,29.99,paid,29.99,True
156,3,basic,9.99,paid,9.99,True
157,3,pro,19.99,paid,19.99,True
158,3,pro,19.99,paid,19.99,True
159,3,basic,9.99,paid,9.99,True
160,3,pro,19.99,paid,19.99,True
161,3,basic,9.99,paid,9.99,True
162,3,pro,19.99,paid,19.99,True
163,3,pro,19.99,paid,19.99,True
164,3,pro,19.99,paid,19.99,True
165,3,basic,9.99,failed,0.0,True
166,3,pro,19.99,paid,19.99,True
167,3,basic,9.99,paid,9.99,True
168,3,basic,9.99,paid,9.99,True
169,3,basic,9.99,paid,9.99,True
170,3,pro,19.99,failed,0.0,False
171,3,pro,19.99,paid,19.99,True
172,3,basic,9.99,paid,9.99,True
173,3,pro,19.99,paid,19.99,True
174,3,basic,9.99,paid,9.99,True
175,3,pro,19.99,paid,19.99,True
176,3,basic,9.99,paid,9.99,True
177,3,pro,19.99,failed,0.0,False
178,3,basic,9.99,paid,9.99,True
179,3,premium,29.99,paid,29.99,True
180,3,basic,9.99,paid,9.99,True
181,3,basic,9.99,paid,9.99,True
182,3,basic,9.99,paid,9.99,True
183,3,premium,29.99,paid,29.99,True
184,3,premium,29.99,paid,29.99,True
185,3,basic,9.99,paid,9.99,True
186,3,pro,19.99,paid,19.99,True
187,3,pro,19.99,paid,19.99,True
188,3,pro,19.99,paid,19.99,True
189,3,pro,19.99,failed,0.0,True
190,3,basic,9.99,paid,9.99,True
191,3,basic,9.99,paid,9.99,True
192,3,premium,29.99,paid,29.99,True
193,3,premium,29.99,paid,29.99,True
194,3,pro,19.99,paid,19.99,True
195,3,basic,9.99,paid,9.99,True
196,3,basic,9.99,paid,9.99,True
197,3,pro,19.99,paid,19.99,True
198,3,premium,29.99,paid,29.99,True
199,3,premium,29.99,failed,0.0,True
200,3,pro,19.99,paid,19.99,True
201,3,pro,19.99,paid,19.99,True
202,3,basic,9.99,paid,9.99,True
203,3,basic,9.99,paid,9.99,True
204,3,premium,29.99,paid,29.99,True
205,3,pro,19.99,paid,19.99,True
206,3,basic,9.99,paid,9.99,True
207,3,basic,9.99,paid,9.99,True
208,3,pro,19.99,paid,19.99,True
209,3,basic,9.99,paid,9.99,True
210,3,basic,9.99,paid,9.99,True
211,3,pro,19.99,paid,19.99,True
212,3,pro,19.99,paid,19.99,True
213,3,pro,19.99,paid,19.99,True
214,3,basic,9.99,paid,9.99,True
215,3,pro,19.99,paid,19.99,True
216,3,basic,9.99,paid,9.99,True
217,3,basic,9.99,paid,9.99,True
218,3,pro,19.99,paid,19.99,True
219,3,pro,19.99,paid,19.99,True
220,3,pro,19.99,paid,19.99,True
221,3,pro,19.99,paid,19.99,True
222,3,pro,19.99,paid,19.99,True
223,3,basic,9.99,paid,9.99,True
224,3,basic,9.99,paid,9.99,True
225,3,basic,9.99,paid,9.99,True
226,3,basic,9.99,paid,9.99,True
227,3,premium,29.99,paid,29.99,True
228,3,basic,9.99,paid,9.99,True
229,3,premium,29.99,paid,29.99,True
230,3,pro,19.99,paid,19.99,True
231,3,pro,19.99,paid,19.99,True
232,3,pro,19.99,paid,19.99,True
233,3,pro,19.99,paid,19.99,True
234,3,basic,9.99,failed,0.0,True
235,3,basic,9.99,paid,9.99,True
236,3,pro,19.99,paid,19.99,True
237,3,basic,9.99,paid,9.99,True
238,3,basic,9.99,failed,0.0,False
239,3,pro,19.99,paid,19.99,True
240,3,basic,9.99,paid,9.99,True
241,3,premium,29.99,paid,29.99,True
242,3,premium,29.99,paid,29.99,True
243,3,premium,29.99,paid,29.99,True
244,3,basic,9.99,paid,9.99,True
245,3,basic,9.99,paid,9.99,True
246,3,premium,29.99,paid,29.99,True
247,3,basic,9.99,paid,9.99,True
248,3,premium,29.99,paid,29.99,True
249,3,premium,29.99,paid,29.99,True
250,3,premium,29.99,paid,29.99,True
251,3,basic,9.99,paid,9.99,True
252,3,basic,9.99,paid,9.99,True
253,3,premium,29.99,paid,29.99,True
254,3,basic,9.99,paid,9.99,True
255,3,basic,9.99,paid,9.99,True
256,3,pro,19.99,paid,19.99,True
257,3,premium,29.99,paid,29.99,True
258,3,pro,19.99,paid,19.99,True
259,3,pro,19.99,paid,19.99,True
260,3,basic,9.99,paid,9.99,True
261,3,pro,19.99,failed,0.0,True
262,3,premium,29.99,paid,29.99,True
263,3,basic,9.99,paid,9.99,True
264,3,pro,19.99,paid,19.99,True
265,3,premium,29.99,failed,0.0,False
266,3,pro,19.99,failed,0.0,True
267,3,pro,19.99,paid,19.99,True
268,3,pro,19.99,paid,19.99,True
269,3,basic,9.99,paid,9.99,True
270,3,basic,9.99,paid,9.99,True
271,3,pro,19.99,paid,19.99,True
272,3,pro,19.99,paid,19.99,True
273,3,premium,29.99,paid,29.99,True
274,3,premium,29.99,paid,29.99,True
275,3,pro,19.99,paid,19.99,True
276,3,pro,19.99,paid,19.99,True
277,3,pro,19.99,paid,19.99,True
278,3,pro,19.99,paid,19.99,True
279,3,pro,19.99,paid,19.99,True
280,3,pro,19.99,paid,19.99,True
281,3,premium,29.99,paid,29.99,True
282,3,basic,9.99,paid,9.99,True
283,3,basic,9.99,paid,9.99,True
284,3,basic,9.99,failed,0.0,True
285,3,pro,19.99,paid,19.99,True
286,3,basic,9.99,paid,9.99,True
287,3,basic,9.99,paid,9.99,True
288,3,pro,19.99,paid,19.99,True
289,3,basic,9.99,paid,9.99,True
290,3,pro,19.99,paid,19.99,True
291,3,basic,9.99,paid,9.99,True
292,3,basic,9.99,paid,9.99,True
293,3,pro,19.99,paid,19.99,True
294,3,basic,9.99,paid,9.99,True
295,3,basic,9.99,paid,9.99,True
296,3,pro,19.99,paid,19.99,True
297,3,pro,19.99,paid,19.99,True
298,3,basic,9.99,paid,9.99,True
299,3,pro,19.99,paid,19.99,True
300,3,basic,9.99,paid,9.99,True
301,3,basic,9.99,paid,9.99,True
302,3,pro,19.99,paid,19.99,True
303,3,pro,19.99,paid,19.99,True
304,3,pro,19.99,paid,19.99,True
305,3,pro,19.99,paid,19.99,True
306,3,premium,29.99,failed,0.0,False
307,3,pro,19.99,paid,19.99,True
308,3,basic,9.99,paid,9.99,True
309,3,pro,19.99,paid,19.99,True
310,3,basic,9.99,paid,9.99,True
311,3,basic,9.99,paid,9.99,True
312,3,basic,9.99,paid,9.99,True
313,3,basic,9.99,paid,9.99,True
314,3,premium,29.99,paid,29.99,True
315,3,pro,19.99,paid,19.99,True
316,3,pro,19.99,paid,19.99,True
317,3,basic,9.99,paid,9.99,True
318,3,basic,9.99,paid,9.99,True
319,3,basic,9.99,paid,9.99,True
320,3,basic,9.99,paid,9.99,True
321,3,pro,19.99,paid,19.99,True
322,3,pro,19.99,paid,19.99,True
323,3,pro,19.99,paid,19.99,True
324,3,basic,9.99,paid,9.99,True
325,3,premium,29.99,paid,29.99,True
326,3,pro,19.99,paid,19.99,True
327,3,pro,19.99,paid,19.99,True
328,3,pro,19.99,paid,19.99,True
329,3,basic,9.99,paid,9.99,True
330,3,basic,9.99,paid,9.99,True
331,3,basic,9.99,paid,9.99,True
332,3,pro,19.99,paid,19.99,True
333,3,basic,9.99,paid,9.99,True
334,3,basic,9.99,paid,9.99,True
335,3,basic,9.99,paid,9.99,True
336,3,basic,9.99,paid,9.99,True
337,3,premium,29.99,paid,29.99,True
338,3,pro,19.99,paid,19.99,True
339,3,basic,9.99,paid,9.99,True
340,3,basic,9.99,paid,9.99,True
341,3,basic,9.99,paid,9.99,True
342,3,basic,9.99,paid,9.99,True
343,3,basic,9.99,paid,9.99,True
344,3,basic,9.99,paid,9.99,True
345,3,basic,9.99,paid,9.99,True
346,3,pro,19.99,paid,19.99,True
347,3,pro,19.99,paid,19.99,True
348,3,basic,9.99,paid,9.99,True
349,3,basic,9.99,failed,0.0,False
350,3,pro,19.99,paid,19.99,True
351,3,pro,19.99,paid,19.99,True
352,3,premium,29.99,paid,29.99,True
353,3,pro,19.99,paid,19.99,True
354,3,basic,9.99,paid,9.99,True
355,3,basic,9.99,paid,9.99,True
356,3,pro,19.99,paid,19.99,True
357,3,basic,9.99,failed,0.0,True
358,3,pro,19.99,paid,19.99,True
359,3,premium,29.99,paid,29.99,True
360,3,pro,19.99,paid,19.99,True
361,3,basic,9.99,paid,9.99,True
362,3,pro,19.99,paid,19.99,True
363,3,basic,9.99,paid,9.99,True
364,3,pro,19.99,paid,19.99,True
365,3,premium,29.99,paid,29.99,True
366,3,basic,9.99,failed,0.0,False
367,3,premium,29.99,paid,29.99,True
368,3,premium,29.99,paid,29.99,True
369,3,basic,9.99,paid,9.99,True
370,3,basic,9.99,paid,9.99,True
371,3,basic,9.99,paid,9.99,True
372,3,basic,9.99,paid,9.99,True
373,3,basic,9.99,paid,9.99,True
374,3,pro,19.99,paid,19.99,True
375,3,basic,9.99,paid,9.99,True
376,3,basic,9.99,paid,9.99,True
377,3,pro,19.99,paid,19.99,True
378,3,basic,9.99,paid,9.99,True
379,3,pro,19.99,paid,19.99,True
380,3,basic,9.99,paid,9.99,True
381,3,basic,9.99,paid,9.99,True
382,3,pro,19.99,paid,19.99,True
383,3,pro,19.99,paid,19.99,True
384,3,premium,29.99,paid,29.99,True
385,3,pro,19.99,paid,19.99,True
386,3,pro,19.99,paid,19.99,True
387,3,basic,9.99,paid,9.99,True
388,3,basic,9.99,paid,9.99,True
389,3,pro,19.99,failed,0.0,True
390,3,pro,19.99,paid,19.99,True
391,3,premium,29.99,paid,29.99,True
392,3,basic,9.99,paid,9.99,True
393,3,basic,9.99,paid,9.99,True
394,3,pro,19.99,paid,19.99,True
395,3,basic,9.99,paid,9.99,True
396,3,premium,29.99,paid,29.99,True
397,3,premium,29.99,paid,29.99,True
398,3,basic,9.99,paid,9.99,True
399,3,pro,19.99,paid,19.99,True
400,3,pro,19.99,paid,19.99,True
401,3,basic,9.99,paid,9.99,True
402,3,premium,29.99,paid,29.99,True
403,3,pro,19.99,paid,19.99,True
404,3,pro,19.99,paid,19.99,True
405,3,basic,9.99,paid,9.99,True
406,3,premium,29.99,paid,29.99,True
407,3,basic,9.99,paid,9.99,True
408,3,basic,9.99,paid,9.99,True
409,3,premium,29.99,paid,29.99,True
410,3,basic,9.99,failed,0.0,True
411,3,basic,9.99,paid,9.99,True
412,3,premium,29.99,paid,29.99,True
413,3,premium,29.99,failed,0.0,True
414,3,pro,19.99,paid,19.99,True
415,3,pro,19.99,paid,19.99,True
416,3,basic,9.99,paid,9.99,True
417,3,basic,9.99,paid,9.99,True
418,3,basic,9.99,paid,9.99,True
419,3,pro,19.99,paid,19.99,True
420,3,pro,19.99,paid,19.99,True
421,3,pro,19.99,paid,19.99,True
422,3,pro,19.99,paid,19.99,True
423,3,basic,9.99,paid,9.99,True
424,3,basic,9.99,paid,9.99,True
425,3,basic,9.99,failed,0.0,False
426,3,pro,19.99,paid,19.99,True
427,3,basic,9.99,paid,9.99,True
428,3,premium,29.99,paid,29.99,True
429,3,basic,9.99,paid,9.99,True
430,3,basic,9.99,failed,0.0,False
431,3,basic,9.99,paid,9.99,True
432,3,pro,19.99,failed,0.0,True
433,3,pro,19.99,paid,19.99,True
434,3,basic,9.99,paid,9.99,True
435,3,basic,9.99,paid,9.99,True
436,3,pro,19.99,paid,19.99,True
437,3,basic,9.99,paid,9.99,True
438,3,pro,19.99,paid,19.99,True
439,3,pro,19.99,paid,19.99,True
440,3,basic,9.99,paid,9.99,True
441,3,basic,9.99,paid,9.99,True
442,3,premium,29.99,paid,29.99,True
443,3,basic,9.99,paid,9.99,True
444,3,basic,9.99,paid,9.99,True
445,3,pro,19.99,paid,19.99,True
446,3,premium,29.99,paid,29.99,True
447,3,premium,29.99,paid,29.99,True
448,3,pro,19.99,paid,19.99,True
449,3,basic,9.99,paid,9.99,True
450,3,basic,9.99,paid,9.99,True
451,3,pro,19.99,paid,19.99,True
452,3,pro,19.99,paid,19.99,True
453,3,basic,9.99,paid,9.99,True
454,3,premium,29.99,paid,29.99,True
455,3,basic,9.99,paid,9.99,True
456,3,basic,9.99,paid,9.99,True
457,3,basic,9.99,paid,9.99,True
458,3,basic,9.99,failed,0.0,True
459,3,basic,9.99,failed,0.0,False
460,3,basic,9.99,paid,9.99,True
461,3,basic,9.99,paid,9.99,True
462,3,pro,19.99,paid,19.99,True
463,3,pro,19.99,paid,19.99,True
464,3,pro,19.99,paid,19.99,True
465,3,premium,29.99,paid,29.99,True
466,3,basic,9.99,paid,9.99,True
467,3,basic,9.99,failed,0.0,True
468,3,premium,29.99,paid,29.99,True
469,3,basic,9.99,paid,9.99,True
470,3,premium,29.99,paid,29.99,True
471,3,basic,9.99,paid,9.99,True
472,3,premium,29.99,paid,29.99,True
473,3,basic,9.99,paid,9.99,True
474,3,premium,29.99,paid,29.99,True
475,3,pro,19.99,paid,19.99,True
476,3,premium,29.99,paid,29.99,True
477,3,basic,9.99,failed,0.0,True
478,3,pro,19.99,paid,19.99,True
479,3,premium,29.99,paid,29.99,True
480,3,pro,19.99,paid,19.99,True
481,3,pro,19.99,paid,19.99,True
482,3,pro,19.99,paid,19.99,True
483,3,basic,9.99,paid,9.99,True
484,3,pro,19.99,paid,19.99,True
485,3,pro,19.99,paid,19.99,True
486,3,premium,29.99,paid,29.99,True
487,3,basic,9.99,paid,9.99,True
488,3,basic,9.99,paid,9.99,True
489,3,premium,29.99,paid,29.99,True
490,3,premium,29.99,paid,29.99,True
491,3,basic,9.99,paid,9.99,True
492,3,pro,19.99,paid,19.99,True
493,3,basic,9.99,paid,9.99,True
494,3,basic,9.99,paid,9.99,True
495,3,basic,9.99,paid,9.99,True
496,3,basic,9.99,paid,9.99,True
497,3,pro,19.99,paid,19.99,True
498,3,basic,9.99,paid,9.99,True
499,3,premium,29.99,paid,29.99,True
500,3,premium,29.99,paid,29.99,True
501,3,pro,19.99,paid,19.99,True
502,3,pro,19.99,paid,19.99,True
503,3,basic,9.99,paid,9.99,True
504,3,pro,19.99,paid,19.99,True
505,3,pro,19.99,paid,19.99,True
506,3,basic,9.99,paid,9.99,True
507,3,premium,29.99,paid,29.99,True
508,3,pro,19.99,paid,19.99,True
509,3,premium,29.99,paid,29.99,True
510,3,pro,19.99,paid,19.99,True
511,3,pro,19.99,paid,19.99,True
512,3,basic,9.99,paid,9.99,True
513,3,premium,29.99,paid,29.99,True
514,3,premium,29.99,paid,29.99,True
515,3,basic,9.99,failed,0.0,False
516,3,basic,9.99,paid,9.99,True
517,3,basic,9.99,paid,9.99,True
518,3,pro,19.99,paid,19.99,True
519,3,premium,29.99,paid,29.99,True
520,3,basic,9.99,paid,9.99,True
521,3,pro,19.99,paid,19.99,True
522,3,basic,9.99,paid,9.99,True
523,3,premium,29.99,paid,29.99,True
524,3,pro,19.99,paid,19.99,True
525,3,pro,19.99,paid,19.99,True
526,3,basic,9.99,paid,9.99,True
527,3,basic,9.99,failed,0.0,True
528,3,basic,9.99,paid,9.99,True
529,3,basic,9.99,failed,0.0,False
530,3,premium,29.99,failed,0.0,True
531,3,pro,19.99,paid,19.99,True
532,3,premium,29.99,paid,29.99,True
533,3,premium,29.99,paid,29.99,True
534,3,pro,19.99,paid,19.99,True
535,3,pro,19.99,paid,19.99,True
536,3,premium,29.99,paid,29.99,True
537,3,pro,19.99,paid,19.99,True
538,3,basic,9.99,paid,9.99,True
539,3,basic,9.99,paid,9.99,True
540,3,basic,9.99,paid,9.99,True
541,3,premium,29.99,paid,29.99,True
542,3,pro,19.99,paid,19.99,True
543,3,basic,9.99,paid,9.99,True
544,3,pro,19.99,paid,19.99,True
545,3,pro,19.99,paid,19.99,True
546,3,basic,9.99,paid,9.99,True
547,3,basic,9.99,paid,9.99,True
548,3,pro,19.99,paid,19.99,True
549,3,pro,19.99,paid,19.99,True
550,3,pro,19.99,paid,19.99,True
551,3,pro,19.99,paid,19.99,True
552,3,premium,29.99,paid,29.99,True
553,3,pro,19.99,paid,19.99,True
554,3,pro,19.99,paid,19.99,True
555,3,premium,29.99,paid,29.99,True
556,3,basic,9.99,paid,9.99,True
557,3,basic,9.99,paid,9.99,True
558,3,basic,9.99,paid,9.99,True
559,3,pro,19.99,paid,19.99,True
560,3,pro,19.99,paid,19.99,True
561,3,pro,19.99,paid,19.99,True
562,3,basic,9.99,paid,9.99,True
563,3,basic,9.99,paid,9.99,True
564,3,basic,9.99,paid,9.99,True
565,3,basic,9.99,paid,9.99,True
566,3,pro,19.99,paid,19.99,True
567,3,basic,9.99,failed,0.0,False
568,3,basic,9.99,paid,9.99,True
569,3,premium,29.99,paid,29.99,True
570,3,basic,9.99,paid,9.99,True
571,3,pro,19.99,paid,19.99,True
572,3,pro,19.99,paid,19.99,True
573,3,basic,9.99,paid,9.99,True
574,3,pro,19.99,paid,19.99,True
575,3,premium,29.99,paid,29.99,True
576,3,premium,29.99,paid,29.99,True
577,3,basic,9.99,paid,9.99,True
578,3,premium,29.99,paid,29.99,True
579,3,basic,9.99,paid,9.99,True
580,3,basic,9.99,paid,9.99,True
581,3,basic,9.99,paid,9.99,True
582,3,premium,29.99,failed,0.0,False
583,3,basic,9.99,paid,9.99,True
584,3,basic,9.99,paid,9.99,True
585,3,pro,19.99,paid,19.99,True
586,3,basic,9.99,paid,9.99,True
587,3,basic,9.99,paid,9.99,True
588,3,basic,9.99,paid,9.99,True
589,3,basic,9.99,failed,0.0,True
590,3,basic,9.99,paid,9.99,True
591,3,basic,9.99,paid,9.99,True
592,3,pro,19.99,paid,19.99,True
593,3,basic,9.99,paid,9.99,True
594,3,basic,9.99,paid,9.99,True
595,3,premium,29.99,paid,29.99,True
596,3,basic,9.99,paid,9.99,True
597,3,pro,19.99,paid,19.99,True
598,3,basic,9.99,paid,9.99,True
599,3,basic,9.99,paid,9.99,True
600,3,basic,9.99,paid,9.99,True
601,3,basic,9.99,paid,9.99,True
602,3,basic,9.99,failed,0.0,False
603,3,basic,9.99,paid,9.99,True
604,3,basic,9.99,paid,9.99,True
605,3,basic,9.99,paid,9.99,True
606,3,basic,9.99,paid,9.99,True
607,3,basic,9.99,paid,9.99,True
608,3,basic,9.99,paid,9.99,True
609,3,pro,19.99,paid,19.99,True
610,3,pro,19.99,failed,0.0,True
611,3,basic,9.99,paid,9.99,True
612,3,pro,19.99,paid,19.99,True
613,3,pro,19.99,paid,19.99,True
614,3,basic,9.99,paid,9.99,True
615,3,premium,29.99,paid,29.99,True
616,3,premium,29.99,paid,29.99,True
617,3,basic,9.99,paid,9.99,True
618,3,basic,9.99,paid,9.99,True
619,3,pro,19.99,paid,19.99,True
620,3,pro,19.99,paid,19.99,True
621,3,basic,9.99,paid,9.99,True
622,3,basic,9.99,paid,9.99,True
623,3,basic,9.99,paid,9.99,True
624,3,basic,9.99,paid,9.99,True
625,3,pro,19.99,paid,19.99,True
626,3,basic,9.99,paid,9.99,True
627,3,basic,9.99,paid,9.99,True
628,3,pro,19.99,paid,19.99,True
629,3,basic,9.99,paid,9.99,True
630,3,basic,9.99,paid,9.99,True
631,3,pro,19.99,paid,19.99,True
632,3,premium,29.99,paid,29.99,True
633,3,pro,19.99,paid,19.99,True
634,3,pro,19.99,paid,19.99,True
635,3,basic,9.99,paid,9.99,True
636,3,basic,9.99,paid,9.99,True
637,3,pro,19.99,paid,19.99,True
638,3,basic,9.99,paid,9.99,True
639,3,basic,9.99,paid,9.99,True
640,3,basic,9.99,failed,0.0,False
641,3,basic,9.99,paid,9.99,True
642,3,basic,9.99,paid,9.99,True
643,3,basic,9.99,paid,9.99,True
644,3,basic,9.99,paid,9.99,True
645,3,basic,9.99,failed,0.0,False
646,3,premium,29.99,paid,29.99,True
647,3,pro,19.99,paid,19.99,True
648,3,pro,19.99,paid,19.99,True
649,3,pro,19.99,paid,19.99,True
650,3,basic,9.99,paid,9.99,True
651,3,basic,9.99,paid,9.99,True
652,3,pro,19.99,paid,19.99,True
653,3,pro,19.99,paid,19.99,True
654,3,pro,19.99,failed,0.0,False
655,3,basic,9.99,paid,9.99,True
656,3,basic,9.99,paid,9.99,True
657,3,basic,9.99,paid,9.99,True
658,3,basic,9.99,paid,9.99,True
659,3,pro,19.99,paid,19.99,True
660,3,pro,19.99,paid,19.99,True
661,3,basic,9.99,failed,0.0,False
662,3,premium,29.99,paid,29.99,True
663,3,pro,19.99,paid,19.99,True
664,3,basic,9.99,paid,9.99,True
665,3,basic,9.99,paid,9.99,True
666,3,basic,9.99,failed,0.0,False
667,3,basic,9.99,paid,9.99,True
668,3,basic,9.99,paid,9.99,True
669,3,basic,9.99,paid,9.99,True
670,3,basic,9.99,paid,9.99,True
671,3,basic,9.99,failed,0.0,True
672,3,premium,29.99,paid,29.99,True
673,3,basic,9.99,paid,9.99,True
674,3,pro,19.99,paid,19.99,True
675,3,basic,9.99,paid,9.99,True
676,3,premium,29.99,paid,29.99,True
677,3,basic,9.99,paid,9.99,True
678,3,basic,9.99,paid,9.99,True
679,3,premium,29.99,paid,29.99,True
680,3,premium,29.99,paid,29.99,True
681,3,pro,19.99,paid,19.99,True
682,3,basic,9.99,paid,9.99,True
683,3,basic,9.99,paid,9.99,True
684,3,pro,19.99,paid,19.99,True
685,3,premium,29.99,paid,29.99,True
686,3,pro,19.99,paid,19.99,True
687,3,pro,19.99,paid,19.99,True
688,3,basic,9.99,paid,9.99,True
689,3,pro,19.99,paid,19.99,True
690,3,basic,9.99,paid,9.99,True
691,3,basic,9.99,paid,9.99,True
692,3,basic,9.99,paid,9.99,True
693,3,pro,19.99,paid,19.99,True
694,3,basic,9.99,paid,9.99,True
695,3,basic,9.99,paid,9.99,True
696,3,pro,19.99,paid,19.99,True
697,3,basic,9.99,paid,9.99,True
698,3,pro,19.99,paid,19.99,True
699,3,basic,9.99,paid,9.99,True
700,3,basic,9.99,paid,9.99,True
701,3,pro,19.99,paid,19.99,True
702,3,basic,9.99,paid,9.99,True
703,3,basic,9.99,paid,9.99,True
704,3,basic,9.99,paid,9.99,True
705,3,basic,9.99,paid,9.99,True
706,3,premium,29.99,paid,29.99,True
707,3,basic,9.99,failed,0.0,False
708,3,pro,19.99,paid,19.99,True
709,3,basic,9.99,paid,9.99,True
710,3,pro,19.99,paid,19.99,True
711,3,pro,19.99,paid,19.99,True
712,3,pro,19.99,paid,19.99,True
713,3,basic,9.99,paid,9.99,True
714,3,basic,9.99,paid,9.99,True
715,3,basic,9.99,paid,9.99,True
716,3,premium,29.99,paid,29.99,True
717,3,pro,19.99,paid,19.99,True
718,3,premium,29.99,failed,0.0,False
719,3,basic,9.99,paid,9.99,True
720,3,pro,19.99,paid,19.99,True
721,3,premium,29.99,paid,29.99,True
722,3,basic,9.99,paid,9.99,True
723,3,basic,9.99,paid,9.99,True
724,3,pro,19.99,paid,19.99,True
725,3,pro,19.99,paid,19.99,True
726,3,pro,19.99,paid,19.99,True
727,3,basic,9.99,paid,9.99,True
728,3,pro,19.99,paid,19.99,True
729,3,basic,9.99,paid,9.99,True
730,3,basic,9.99,paid,9.99,True
731,3,basic,9.99,paid,9.99,True
732,3,pro,19.99,paid,19.99,True
733,3,pro,19.99,paid,19.99,True
734,3,pro,19.99,paid,19.99,True
735,3,basic,9.99,paid,9.99,True
736,3,premium,29.99,paid,29.99,True
737,3,basic,9.99,paid,9.99,True
738,3,pro,19.99,paid,19.99,True
739,3,basic,9.99,paid,9.99,True
740,3,basic,9.99,failed,0.0,True
741,3,basic,9.99,paid,9.99,True
742,3,basic,9.99,paid,9.99,True
743,3,pro,19.99,paid,19.99,True
744,3,pro,19.99,paid,19.99,True
745,3,basic,9.99,paid,9.99,True
746,3,premium,29.99,paid,29.99,True
747,3,basic,9.99,failed,0.0,True
748,3,pro,19.99,paid,19.99,True
749,3,premium,29.99,paid,29.99,True
750,3,pro,19.99,failed,0.0,True
751,3,basic,9.99,paid,9.99,True
752,3,premium,29.99,paid,29.99,True
753,3,pro,19.99,paid,19.99,True
754,3,basic,9.99,paid,9.99,True
755,3,basic,9.99,paid,9.99,True
756,3,pro,19.99,paid,19.99,True
757,3,pro,19.99,paid,19.99,True
758,3,pro,19.99,paid,19.99,True
759,3,premium,29.99,paid,29.99,True
760,3,pro,19.99,paid,19.99,True
761,3,basic,9.99,paid,9.99,True
762,3,basic,9.99,paid,9.99,True
763,3,basic,9.99,paid,9.99,True
764,3,pro,19.99,paid,19.99,True
765,3,basic,9.99,paid,9.99,True
766,3,pro,19.99,paid,19.99,True
767,3,pro,19.99,paid,19.99,True
768,3,premium,29.99,paid,29.99,True
769,3,basic,9.99,paid,9.99,True
770,3,pro,19.99,paid,19.99,True
771,3,basic,9.99,paid,9.99,True
772,3,pro,19.99,paid,19.99,True
773,3,basic,9.99,paid,9.99,True
774,3,basic,9.99,paid,9.99,True
775,3,pro,19.99,paid,19.99,True
776,3,basic,9.99,paid,9.99,True
777,3,basic,9.99,paid,9.99,True
778,3,pro,19.99,paid,19.99,True
779,3,pro,19.99,paid,19.99,True
780,3,pro,19.99,paid,19.99,True
781,3,pro,19.99,paid,19.99,True
782,3,pro,19.99,paid,19.99,True
783,3,basic,9.99,paid,9.99,True
784,3,basic,9.99,paid,9.99,True
785,3,basic,9.99,paid,9.99,True
786,3,premium,29.99,paid,29.99,True
787,3,pro,19.99,paid,19.99,True
788,3,basic,9.99,paid,9.99,True
789,3,basic,9.99,paid,9.99,True
790,3,premium,29.99,paid,29.99,True
791,3,basic,9.99,paid,9.99,True
792,3,pro,19.99,paid,19.99,True
793,3,pro,19.99,paid,19.99,True
794,3,pro,19.99,paid,19.99,True
795,3,basic,9.99,paid,9.99,True
796,3,premium,29.99,paid,29.99,True
797,3,premium,29.99,failed,0.0,True
798,3,pro,19.99,paid,19.99,True
799,3,pro,19.99,paid,19.99,True
800,3,premium,29.99,paid,29.99,True
801,3,pro,19.99,paid,19.99,True
802,3,basic,9.99,paid,9.99,True
803,3,pro,19.99,paid,19.99,True
804,3,pro,19.99,paid,19.99,True
805,3,basic,9.99,paid,9.99,True
806,3,pro,19.99,paid,19.99,True
807,3,premium,29.99,paid,29.99,True
808,3,premium,29.99,failed,0.0,True
809,3,basic,9.99,paid,9.99,True
810,3,basic,9.99,paid,9.99,True
811,3,premium,29.99,paid,29.99,True
812,3,pro,19.99,paid,19.99,True
813,3,basic,9.99,paid,9.99,True
814,3,premium,29.99,paid,29.99,True
815,3,premium,29.99,paid,29.99,True
816,3,pro,19.99,failed,0.0,False
817,3,pro,19.99,paid,19.99,True
818,3,basic,9.99,paid,9.99,True
819,3,basic,9.99,paid,9.99,True
820,3,basic,9.99,paid,9.99,True
821,3,pro,19.99,failed,0.0,False
822,3,basic,9.99,paid,9.99,True
823,3,basic,9.99,paid,9.99,True
824,3,basic,9.99,paid,9.99,True
825,3,pro,19.99,paid,19.99,True
826,3,premium,29.99,failed,0.0,True
827,3,basic,9.99,paid,9.99,True
828,3,basic,9.99,paid,9.99,True
829,3,pro,19.99,paid,19.99,True
830,3,basic,9.99,paid,9.99,True
831,3,basic,9.99,paid,9.99,True
832,3,basic,9.99,paid,9.99,True
833,3,basic,9.99,paid,9.99,True
834,3,basic,9.99,paid,9.99,True
835,3,basic,9.99,failed,0.0,False
836,3,basic,9.99,paid,9.99,True
837,3,premium,29.99,paid,29.99,True
838,3,basic,9.99,failed,0.0,False
839,3,pro,19.99,paid,19.99,True
840,3,pro,19.99,paid,19.99,True
841,3,basic,9.99,paid,9.99,True
842,3,pro,19.99,paid,19.99,True
843,3,basic,9.99,paid,9.99,True
844,3,premium,29.99,paid,29.99,True
845,3,basic,9.99,paid,9.99,True
846,3,basic,9.99,paid,9.99,True
847,3,basic,9.99,paid,9.99,True
848,3,premium,29.99,paid,29.99,True
849,3,pro,19.99,paid,19.99,True
850,3,pro,19.99,paid,19.99,True
851,3,basic,9.99,paid,9.99,True
852,3,pro,19.99,paid,19.99,True
853,3,basic,9.99,paid,9.99,True
854,3,premium,29.99,paid,29.99,True
855,3,basic,9.99,paid,9.99,True
856,3,basic,9.99,paid,9.99,True
857,3,basic,9.99,paid,9.99,True
858,3,basic,9.99,paid,9.99,True
859,3,pro,19.99,paid,19.99,True
860,3,basic,9.99,paid,9.99,True
861,3,pro,19.99,paid,19.99,True
862,3,basic,9.99,paid,9.99,True
863,3,pro,19.99,paid,19.99,True
864,3,basic,9.99,paid,9.99,True
865,3,basic,9.99,paid,9.99,True
866,3,pro,19.99,paid,19.99,True
867,3,basic,9.99,paid,9.99,True
868,3,basic,9.99,paid,9.99,True
869,3,premium,29.99,paid,29.99,True
870,3,premium,29.99,paid,29.99,True
871,3,basic,9.99,paid,9.99,True
872,3,basic,9.99,paid,9.99,True
873,3,pro,19.99,paid,19.99,True
874,3,basic,9.99,paid,9.99,True
875,3,basic,9.99,paid,9.99,True
876,3,basic,9.99,paid,9.99,True
877,3,pro,19.99,paid,19.99,True
878,3,pro,19.99,paid,19.99,True
879,3,basic,9.99,paid,9.99,True
880,3,basic,9.99,paid,9.99,True
881,3,basic,9.99,paid,9.99,True
882,3,pro,19.99,paid,19.99,True
883,3,basic,9.99,paid,9.99,True
884,3,basic,9.99,paid,9.99,True
885,3,pro,19.99,paid,19.99,True
886,3,basic,9.99,paid,9.99,True
887,3,pro,19.99,paid,19.99,True
888,3,basic,9.99,paid,9.99,True
889,3,basic,9.99,paid,9.99,True
890,3,basic,9.99,paid,9.99,True
891,3,pro,19.99,paid,19.99,True
892,3,premium,29.99,paid,29.99,True
893,3,pro,19.99,paid,19.99,True
894,3,basic,9.99,paid,9.99,True
895,3,pro,19.99,paid,19.99,True
896,3,basic,9.99,paid,9.99,True
897,3,basic,9.99,paid,9.99,True
898,3,premium,29.99,paid,29.99,True
899,3,basic,9.99,paid,9.99,True
900,3,basic,9.99,paid,9.99,True
901,3,basic,9.99,paid,9.99,True
902,3,basic,9.99,paid,9.99,True
903,3,basic,9.99,paid,9.99,True
904,3,pro,19.99,paid,19.99,True
905,3,basic,9.99,paid,9.99,True
906,3,premium,29.99,paid,29.99,True
907,3,pro,19.99,paid,19.99,True
908,3,basic,9.99,paid,9.99,True
909,3,basic,9.99,paid,9.99,True
910,3,basic,9.99,paid,9.99,True
911,3,pro,19.99,paid,19.99,True
912,3,basic,9.99,paid,9.99,True
913,3,pro,19.99,paid,19.99,True
914,3,basic,9.99,paid,9.99,True
915,3,pro,19.99,paid,19.99,True
916,3,basic,9.99,paid,9.99,True
917,3,basic,9.99,paid,9.99,True
918,3,premium,29.99,paid,29.99,True
919,3,pro,19.99,paid,19.99,True
920,3,basic,9.99,paid,9.99,True
921,3,premium,29.99,paid,29.99,True
922,3,basic,9.99,paid,9.99,True
923,3,premium,29.99,paid,29.99,True
924,3,pro,19.99,paid,19.99,True
925,3,basic,9.99,paid,9.99,True
926,3,basic,9.99,paid,9.99,True
927,3,basic,9.99,paid,9.99,True
928,3,pro,19.99,paid,19.99,True
929,3,pro,19.99,paid,19.99,True
930,3,basic,9.99,paid,9.99,True
931,3,basic,9.99,paid,9.99,True
932,3,pro,19.99,paid,19.99,True
933,3,premium,29.99,paid,29.99,True
934,3,pro,19.99,paid,19.99,True
935,3,basic,9.99,paid,9.99,True
936,3,basic,9.99,paid,9.99,True
937,3,basic,9.99,paid,9.99,True
938,3,premium,29.99,paid,29.99,True
939,3,basic,9.99,paid,9.99,True
940,3,pro,19.99,paid,19.99,True
941,3,basic,9.99,paid,9.99,True
942,3,pro,19.99,paid,19.99,True
943,3,pro,19.99,paid,19.99,True
944,3,pro,19.99,paid,19.99,True
945,3,basic,9.99,paid,9.99,True
946,3,basic,9.99,paid,9.99,True
947,3,basic,9.99,paid,9.99,True
948,3,premium,29.99,paid,29.99,True
949,3,premium,29.99,paid,29.99,True
950,3,pro,19.99,paid,19.99,True
951,3,pro,19.99,paid,19.99,True
952,3,pro,19.99,failed,0.0,True
953,3,basic,9.99,paid,9.99,True
954,3,premium,29.99,paid,29.99,True
955,3,basic,9.99,paid,9.99,True
956,3,basic,9.99,paid,9.99,True
957,3,pro,19.99,paid,19.99,True
958,3,basic,9.99,paid,9.99,True
959,3,basic,9.99,paid,9.99,True
960,3,pro,19.99,failed,0.0,False
961,3,basic,9.99,paid,9.99,True
962,3,pro,19.99,failed,0.0,True
963,3,basic,9.99,paid,9.99,True
964,3,basic,9.99,paid,9.99,True
965,3,basic,9.99,paid,9.99,True
966,3,basic,9.99,paid,9.99,True
967,3,pro,19.99,paid,19.99,True
968,3,basic,9.99,paid,9.99,True
969,3,pro,19.99,paid,19.99,True
970,3,basic,9.99,paid,9.99,True
971,3,pro,19.99,paid,19.99,True
972,3,premium,29.99,paid,29.99,True
973,3,pro,19.99,failed,0.0,False
974,3,basic,9.99,paid,9.99,True
975,3,basic,9.99,paid,9.99,True
976,3,basic,9.99,paid,9.99,True
977,3,pro,19.99,paid,19.99,True
978,3,basic,9.99,paid,9.99,True
979,3,basic,9.99,failed,0.0,True
980,3,pro,19.99,paid,19.99,True
981,3,basic,9.99,paid,9.99,True
982,3,pro,19.99,paid,19.99,True
983,3,basic,9.99,paid,9.99,True
984,3,basic,9.99,paid,9.99,True
985,3,pro,19.99,paid,19.99,True
986,3,basic,9.99,paid,9.99,True
987,3,pro,19.99,paid,19.99,True
988,3,basic,9.99,paid,9.99,True
989,3,basic,9.99,paid,9.99,True
990,3,pro,19.99,paid,19.99,True
991,3,pro,19.99,paid,19.99,True
992,3,pro,19.99,paid,19.99,True
993,3,basic,9.99,paid,9.99,True
994,3,pro,19.99,failed,0.0,False
995,3,basic,9.99,failed,0.0,True
996,3,basic,9.99,paid,9.99,True
997,3,premium,29.99,paid,29.99,True
998,3,basic,9.99,paid,9.99,True
999,3,premium,29.99,paid,29.99,True
1000,3,basic,9.99,paid,9.99,True
1,4,basic,9.99,paid,9.99,True
2,4,premium,29.99,paid,29.99,True
3,4,pro,19.99,paid,19.99,True
4,4,pro,19.99,paid,19.99,True
5,4,basic,9.99,failed,0.0,False
6,4,basic,9.99,failed,0.0,False
7,4,basic,9.99,failed,0.0,True
8,4,premium,29.99,paid,29.99,True
9,4,pro,19.99,paid,19.99,True
10,4,pro,19.99,paid,19.99,True
11,4,basic,9.99,paid,9.99,True
12,4,premium,29.99,paid,29.99,True
13,4,pro,19.99,paid,19.99,True
14,4,basic,9.99,paid,9.99,True
15,4,basic,9.99,paid,9.99,True
16,4,basic,9.99,paid,9.99,True
17,4,basic,9.99,paid,9.99,True
18,4,pro,19.99,paid,19.99,True
19,4,basic,9.99,paid,9.99,True
20,4,basic,9.99,paid,9.99,True
21,4,pro,19.99,paid,19.99,True
22,4,basic,9.99,paid,9.99,True
23,4,basic,9.99,paid,9.99,True
24,4,basic,9.99,paid,9.99,True
25,4,basic,9.99,paid,9.99,True
26,4,pro,19.99,paid,19.99,True
27,4,basic,9.99,paid,9.99,True
28,4,pro,19.99,paid,19.99,True
29,4,pro,19.99,paid,19.99,True
30,4,basic,9.99,paid,9.99,True
31,4,pro,19.99,paid,19.99,True
32,4,basic,9.99,paid,9.99,True
33,4,basic,9.99,failed,0.0,False
34,4,premium,29.99,paid,29.99,True
35,4,premium,29.99,paid,29.99,True
36,4,pro,19.99,paid,19.99,True
37,4,basic,9.99,paid,9.99,True
38,4,basic,9.99,paid,9.99,True
39,4,pro,19.99,paid,19.99,True
40,4,basic,9.99,failed,0.0,True
41,4,basic,9.99,paid,9.99,True
42,4,basic,9.99,paid,9.99,True
43,4,basic,9.99,paid,9.99,True
44,4,premium,29.99,paid,29.99,True
45,4,basic,9.99,paid,9.99,True
46,4,pro,19.99,paid,19.99,True
47,4,basic,9.99,paid,9.99,True
48,4,pro,19.99,paid,19.99,True
49,4,pro,19.99,paid,19.99,True
50,4,basic,9.99,paid,9.99,True
51,4,premium,29.99,paid,29.99,True
52,4,pro,19.99,failed,0.0,False
53,4,premium,29.99,paid,29.99,True
54,4,premium,29.99,paid,29.99,True
55,4,pro,19.99,paid,19.99,True
56,4,premium,29.99,paid,29.99,True
57,4,basic,9.99,paid,9.99,True
58,4,basic,9.99,paid,9.99,True
59,4,basic,9.99,paid,9.99,True
60,4,basic,9.99,paid,9.99,True
61,4,basic,9.99,paid,9.99,True
62,4,basic,9.99,paid,9.99,True
63,4,pro,19.99,paid,19.99,True
64,4,basic,9.99,paid,9.99,True
65,4,basic,9.99,paid,9.99,True
66,4,pro,19.99,paid,19.99,True
67,4,basic,9.99,paid,9.99,True
68,4,pro,19.99,paid,19.99,True
69,4,basic,9.99,failed,0.0,False
70,4,premium,29.99,paid,29.99,True
71,4,pro,19.99,paid,19.99,True
72,4,basic,9.99,paid,9.99,True
73,4,basic,9.99,paid,9.99,True
74,4,pro,19.99,paid,19.99,True
75,4,pro,19.99,paid,19.99,True
76,4,pro,19.99,paid,19.99,True
77,4,pro,19.99,paid,19.99,True
78,4,basic,9.99,paid,9.99,True
79,4,basic,9.99,paid,9.99,True
80,4,basic,9.99,paid,9.99,True
81,4,premium,29.99,paid,29.99,True
82,4,pro,19.99,paid,19.99,True
83,4,basic,9.99,paid,9.99,True
84,4,basic,9.99,paid,9.99,True
85,4,basic,9.99,paid,9.99,True
86,4,basic,9.99,paid,9.99,True
87,4,pro,19.99,paid,19.99,True
88,4,pro,19.99,failed,0.0,False
89,4,premium,29.99,paid,29.99,True
90,4,basic,9.99,paid,9.99,True
91,4,basic,9.99,paid,9.99,True
92,4,pro,19.99,paid,19.99,True
93,4,pro,19.99,paid,19.99,True
94,4,pro,19.99,paid,19.99,True
95,4,pro,19.99,paid,19.99,True
96,4,basic,9.99,paid,9.99,True
97,4,pro,19.99,paid,19.99,True
98,4,basic,9.99,paid,9.99,True
99,4,basic,9.99,paid,9.99,True
100,4,basic,9.99,failed,0.0,False
101,4,basic,9.99,paid,9.99,True
102,4,pro,19.99,paid,19.99,True
103,4,basic,9.99,failed,0.0,False
104,4,pro,19.99,paid,19.99,True
105,4,premium,29.99,paid,29.99,True
106,4,basic,9.99,failed,0.0,False
107,4,basic,9.99,failed,0.0,False
108,4,pro,19.99,paid,19.99,True
109,4,basic,9.99,failed,0.0,False
110,4,basic,9.99,paid,9.99,True
111,4,basic,9.99,paid,9.99,True
112,4,basic,9.99,paid,9.99,True
113,4,premium,29.99,paid,29.99,True
114,4,pro,19.99,paid,19.99,True
115,4,pro,19.99,paid,19.99,True
116,4,premium,29.99,paid,29.99,True
117,4,pro,19.99,paid,19.99,True
118,4,basic,9.99,paid,9.99,True
119,4,premium,29.99,paid,29.99,True
120,4,pro,19.99,failed,0.0,True
121,4,pro,19.99,paid,19.99,True
122,4,premium,29.99,paid,29.99,True
123,4,basic,9.99,failed,0.0,True
124,4,basic,9.99,failed,0.0,False
125,4,basic,9.99,paid,9.99,True
126,4,basic,9.99,paid,9.99,True
127,4,pro,19.99,paid,19.99,True
128,4,premium,29.99,paid,29.99,True
129,4,basic,9.99,paid,9.99,True
130,4,pro,19.99,paid,19.99,True
131,4,basic,9.99,paid,9.99,True
132,4,basic,9.99,paid,9.99,True
133,4,basic,9.99,paid,9.99,True
134,4,basic,9.99,failed,0.0,False
135,4,premium,29.99,paid,29.99,True
136,4,basic,9.99,paid,9.99,True
137,4,pro,19.99,paid,19.99,True
138,4,pro,19.99,paid,19.99,True
139,4,basic,9.99,paid,9.99,True
140,4,premium,29.99,paid,29.99,True
141,4,premium,29.99,paid,29.99,True
142,4,basic,9.99,paid,9.99,True
143,4,basic,9.99,failed,0.0,False
144,4,basic,9.99,paid,9.99,True
145,4,basic,9.99,paid,9.99,True
146,4,basic,9.99,failed,0.0,True
147,4,pro,19.99,failed,0.0,False
148,4,pro,19.99,paid,19.99,True
149,4,basic,9.99,paid,9.99,True
150,4,basic,9.99,failed,0.0,True
151,4,premium,29.99,paid,29.99,True
152,4,basic,9.99,paid,9.99,True
153,4,basic,9.99,paid,9.99,True
154,4,basic,9.99,paid,9.99,True
155,4,premium,29.99,paid,29.99,True
156,4,basic,9.99,paid,9.99,True
157,4,pro,19.99,paid,19.99,True
158,4,pro,19.99,paid,19.99,True
159,4,basic,9.99,paid,9.99,True
160,4,pro,19.99,paid,19.99,True
161,4,basic,9.99,failed,0.0,False
162,4,pro,19.99,paid,19.99,True
163,4,pro,19.99,paid,19.99,True
164,4,pro,19.99,failed,0.0,True
165,4,basic,9.99,paid,9.99,True
166,4,pro,19.99,paid,19.99,True
167,4,basic,9.99,paid,9.99,True
168,4,basic,9.99,paid,9.99,True
169,4,basic,9.99,failed,0.0,True
170,4,pro,19.99,failed,0.0,False
171,4,pro,19.99,paid,19.99,True
172,4,basic,9.99,paid,9.99,True
173,4,pro,19.99,paid,19.99,True
174,4,basic,9.99,paid,9.99,True
175,4,pro,19.99,paid,19.99,True
176,4,basic,9.99,paid,9.99,True
177,4,pro,19.99,failed,0.0,False
178,4,basic,9.99,paid,9.99,True
179,4,premium,29.99,paid,29.99,True
180,4,basic,9.99,paid,9.99,True
181,4,basic,9.99,paid,9.99,True
182,4,basic,9.99,paid,9.99,True
183,4,premium,29.99,paid,29.99,True
184,4,premium,29.99,paid,29.99,True
185,4,basic,9.99,paid,9.99,True
186,4,pro,19.99,paid,19.99,True
187,4,pro,19.99,paid,19.99,True
188,4,pro,19.99,paid,19.99,True
189,4,pro,19.99,paid,19.99,True
190,4,basic,9.99,paid,9.99,True
191,4,basic,9.99,paid,9.99,True
192,4,premium,29.99,paid,29.99,True
193,4,premium,29.99,paid,29.99,True
194,4,pro,19.99,paid,19.99,True
195,4,basic,9.99,paid,9.99,True
196,4,basic,9.99,failed,0.0,False
197,4,pro,19.99,paid,19.99,True
198,4,premium,29.99,paid,29.99,True
199,4,premium,29.99,paid,29.99,True
200,4,pro,19.99,failed,0.0,False
201,4,pro,19.99,paid,19.99,True
202,4,basic,9.99,paid,9.99,True
203,4,basic,9.99,paid,9.99,True
204,4,premium,29.99,paid,29.99,True
205,4,pro,19.99,paid,19.99,True
206,4,basic,9.99,paid,9.99,True
207,4,basic,9.99,paid,9.99,True
208,4,pro,19.99,paid,19.99,True
209,4,basic,9.99,paid,9.99,True
210,4,basic,9.99,failed,0.0,True
211,4,pro,19.99,paid,19.99,True
212,4,pro,19.99,paid,19.99,True
213,4,pro,19.99,paid,19.99,True
214,4,basic,9.99,paid,9.99,True
215,4,pro,19.99,paid,19.99,True
216,4,basic,9.99,paid,9.99,True
217,4,basic,9.99,paid,9.99,True
218,4,pro,19.99,failed,0.0,False
219,4,pro,19.99,paid,19.99,True
220,4,pro,19.99,paid,19.99,True
221,4,pro,19.99,paid,19.99,True
222,4,pro,19.99,paid,19.99,True
223,4,basic,9.99,paid,9.99,True
224,4,basic,9.99,paid,9.99,True
225,4,basic,9.99,paid,9.99,True
226,4,basic,9.99,paid,9.99,True
227,4,premium,29.99,paid,29.99,True
228,4,basic,9.99,paid,9.99,True
229,4,premium,29.99,paid,29.99,True
230,4,pro,19.99,paid,19.99,True
231,4,pro,19.99,paid,19.99,True
232,4,pro,19.99,paid,19.99,True
233,4,pro,19.99,failed,0.0,True
234,4,basic,9.99,paid,9.99,True
235,4,basic,9.99,paid,9.99,True
236,4,pro,19.99,failed,0.0,True
237,4,basic,9.99,paid,9.99,True
238,4,basic,9.99,failed,0.0,False
239,4,pro,19.99,paid,19.99,True
240,4,basic,9.99,paid,9.99,True
241,4,premium,29.99,paid,29.99,True
242,4,premium,29.99,paid,29.99,True
243,4,premium,29.99,paid,29.99,True
244,4,basic,9.99,paid,9.99,True
245,4,basic,9.99,paid,9.99,True
246,4,premium,29.99,paid,29.99,True
247,4,basic,9.99,paid,9.99,True
248,4,premium,29.99,paid,29.99,True
249,4,premium,29.99,paid,29.99,True
250,4,premium,29.99,paid,29.99,True
251,4,basic,9.99,paid,9.99,True
252,4,basic,9.99,paid,9.99,True
253,4,premium,29.99,paid,29.99,True
254,4,basic,9.99,paid,9.99,True
255,4,basic,9.99,paid,9.99,True
256,4,pro,19.99,failed,0.0,False
257,4,premium,29.99,failed,0.0,False
258,4,pro,19.99,paid,19.99,True
259,4,pro,19.99,paid,19.99,True
260,4,basic,9.99,paid,9.99,True
261,4,pro,19.99,failed,0.0,False
262,4,premium,29.99,paid,29.99,True
263,4,basic,9.99,paid,9.99,True
264,4,pro,19.99,paid,19.99,True
265,4,premium,29.99,failed,0.0,False
266,4,pro,19.99,failed,0.0,False
267,4,pro,19.99,paid,19.99,True
268,4,pro,19.99,paid,19.99,True
269,4,basic,9.99,paid,9.99,True
270,4,basic,9.99,paid,9.99,True
271,4,pro,19.99,paid,19.99,True
272,4,pro,19.99,paid,19.99,True
273,4,premium,29.99,paid,29.99,True
274,4,premium,29.99,paid,29.99,True
275,4,pro,19.99,failed,0.0,False
276,4,pro,19.99,failed,0.0,True
277,4,pro,19.99,paid,19.99,True
278,4,pro,19.99,paid,19.99,True
279,4,pro,19.99,paid,19.99,True
280,4,pro,19.99,paid,19.99,True
281,4,premium,29.99,paid,29.99,True
282,4,basic,9.99,paid,9.99,True
283,4,basic,9.99,paid,9.99,True
284,4,basic,9.99,paid,9.99,True
285,4,pro,19.99,paid,19.99,True
286,4,basic,9.99,paid,9.99,True
287,4,basic,9.99,paid,9.99,True
288,4,pro,19.99,paid,19.99,True
289,4,basic,9.99,paid,9.99,True
290,4,pro,19.99,paid,19.99,True
291,4,basic,9.99,failed,0.0,True
292,4,basic,9.99,paid,9.99,True
293,4,pro,19.99,paid,19.99,True
294,4,basic,9.99,failed,0.0,False
295,4,basic,9.99,paid,9.99,True
296,4,pro,19.99,paid,19.99,True
297,4,pro,19.99,paid,19.99,True
298,4,basic,9.99,paid,9.99,True
299,4,pro,19.99,paid,19.99,True
300,4,basic,9.99,paid,9.99,True
301,4,basic,9.99,paid,9.99,True
302,4,pro,19.99,failed,0.0,True
303,4,pro,19.99,failed,0.0,True
304,4,pro,19.99,paid,19.99,True
305,4,pro,19.99,paid,19.99,True
306,4,premium,29.99,failed,0.0,False
307,4,pro,19.99,paid,19.99,True
308,4,basic,9.99,paid,9.99,True
309,4,pro,19.99,paid,19.99,True
310,4,basic,9.99,paid,9.99,True
311,4,basic,9.99,paid,9.99,True
312,4,basic,9.99,paid,9.99,True
313,4,basic,9.99,paid,9.99,True
314,4,premium,29.99,paid,29.99,True
315,4,pro,19.99,paid,19.99,True
316,4,pro,19.99,paid,19.99,True
317,4,basic,9.99,paid,9.99,True
318,4,basic,9.99,failed,0.0,True
319,4,basic,9.99,paid,9.99,True
320,4,basic,9.99,paid,9.99,True
321,4,pro,19.99,failed,0.0,False
322,4,pro,19.99,paid,19.99,True
323,4,pro,19.99,paid,19.99,True
324,4,basic,9.99,failed,0.0,False
325,4,premium,29.99,paid,29.99,True
326,4,pro,19.99,paid,19.99,True
327,4,pro,19.99,paid,19.99,True
328,4,pro,19.99,paid,19.99,True
329,4,basic,9.99,paid,9.99,True
330,4,basic,9.99,paid,9.99,True
331,4,basic,9.99,paid,9.99,True
332,4,pro,19.99,paid,19.99,True
333,4,basic,9.99,paid,9.99,True
334,4,basic,9.99,paid,9.99,True
335,4,basic,9.99,paid,9.99,True
336,4,basic,9.99,paid,9.99,True
337,4,premium,29.99,paid,29.99,True
338,4,pro,19.99,paid,19.99,True
339,4,basic,9.99,paid,9.99,True
340,4,basic,9.99,paid,9.99,True
341,4,basic,9.99,paid,9.99,True
342,4,basic,9.99,paid,9.99,True
343,4,basic,9.99,paid,9.99,True
344,4,basic,9.99,paid,9.99,True
345,4,basic,9.99,paid,9.99,True
346,4,pro,19.99,paid,19.99,True
347,4,pro,19.99,paid,19.99,True
348,4,basic,9.99,paid,9.99,True
349,4,basic,9.99,failed,0.0,False
350,4,pro,19.99,paid,19.99,True
351,4,pro,19.99,paid,19.99,True
352,4,premium,29.99,paid,29.99,True
353,4,pro,19.99,paid,19.99,True
354,4,basic,9.99,paid,9.99,True
355,4,basic,9.99,paid,9.99,True
356,4,pro,19.99,paid,19.99,True
357,4,basic,9.99,paid,9.99,True
358,4,pro,19.99,paid,19.99,True
359,4,premium,29.99,paid,29.99,True
360,4,pro,19.99,failed,0.0,True
361,4,basic,9.99,paid,9.99,True
362,4,pro,19.99,paid,19.99,True
363,4,basic,9.99,paid,9.99,True
364,4,pro,19.99,paid,19.99,True
365,4,premium,29.99,paid,29.99,True
366,4,basic,9.99,failed,0.0,False
367,4,premium,29.99,failed,0.0,True
368,4,premium,29.99,paid,29.99,True
369,4,basic,9.99,paid,9.99,True
370,4,basic,9.99,paid,9.99,True
371,4,basic,9.99,paid,9.99,True
372,4,basic,9.99,paid,9.99,True
373,4,basic,9.99,paid,9.99,True
374,4,pro,19.99,paid,19.99,True
375,4,basic,9.99,paid,9.99,True
376,4,basic,9.99,paid,9.99,True
377,4,pro,19.99,paid,19.99,True
378,4,basic,9.99,paid,9.99,True
379,4,pro,19.99,paid,19.99,True
380,4,basic,9.99,failed,0.0,True
381,4,basic,9.99,failed,0.0,False
382,4,pro,19.99,paid,19.99,True
383,4,pro,19.99,paid,19.99,True
384,4,premium,29.99,paid,29.99,True
385,4,pro,19.99,paid,19.99,True
386,4,pro,19.99,paid,19.99,True
387,4,basic,9.99,paid,9.99,True
388,4,basic,9.99,paid,9.99,True
389,4,pro,19.99,paid,19.99,True
390,4,pro,19.99,paid,19.99,True
391,4,premium,29.99,paid,29.99,True
392,4,basic,9.99,paid,9.99,True
393,4,basic,9.99,paid,9.99,True
394,4,pro,19.99,paid,19.99,True
395,4,basic,9.99,paid,9.99,True
396,4,premium,29.99,paid,29.99,True
397,4,premium,29.99,paid,29.99,True
398,4,basic,9.99,paid,9.99,True
399,4,pro,19.99,paid,19.99,True
400,4,pro,19.99,paid,19.99,True
401,4,basic,9.99,paid,9.99,True
402,4,premium,29.99,paid,29.99,True
403,4,pro,19.99,paid,19.99,True
404,4,pro,19.99,failed,0.0,True
405,4,basic,9.99,paid,9.99,True
406,4,premium,29.99,paid,29.99,True
407,4,basic,9.99,paid,9.99,True
408,4,basic,9.99,failed,0.0,True
409,4,premium,29.99,paid,29.99,True
410,4,basic,9.99,paid,9.99,True
411,4,basic,9.99,paid,9.99,True
412,4,premium,29.99,paid,29.99,True
413,4,premium,29.99,paid,29.99,True
414,4,pro,19.99,paid,19.99,True
415,4,pro,19.99,paid,19.99,True
416,4,basic,9.99,paid,9.99,True
417,4,basic,9.99,paid,9.99,True
418,4,basic,9.99,paid,9.99,True
419,4,pro,19.99,paid,19.99,True
420,4,pro,19.99,paid,19.99,True
421,4,pro,19.99,paid,19.99,True
422,4,pro,19.99,paid,19.99,True
423,4,basic,9.99,paid,9.99,True
424,4,basic,9.99,paid,9.99,True
425,4,basic,9.99,failed,0.0,False
426,4,pro,19.99,paid,19.99,True
427,4,basic,9.99,paid,9.99,True
428,4,premium,29.99,paid,29.99,True
429,4,basic,9.99,paid,9.99,True
430,4,basic,9.99,failed,0.0,False
431,4,basic,9.99,paid,9.99,True
432,4,pro,19.99,paid,19.99,True
433,4,pro,19.99,paid,19.99,True
434,4,basic,9.99,paid,9.99,True
435,4,basic,9.99,paid,9.99,True
436,4,pro,19.99,paid,19.99,True
437,4,basic,9.99,paid,9.99,True
438,4,pro,19.99,paid,19.99,True
439,4,pro,19.99,paid,19.99,True
440,4,basic,9.99,paid,9.99,True
441,4,basic,9.99,failed,0.0,False
442,4,premium,29.99,paid,29.99,True
443,4,basic,9.99,paid,9.99,True
444,4,basic,9.99,paid,9.99,True
445,4,pro,19.99,paid,19.99,True
446,4,premium,29.99,failed,0.0,True
447,4,premium,29.99,paid,29.99,True
448,4,pro,19.99,paid,19.99,True
449,4,basic,9.99,paid,9.99,True
450,4,basic,9.99,paid,9.99,True
451,4,pro,19.99,paid,19.99,True
452,4,pro,19.99,paid,19.99,True
453,4,basic,9.99,paid,9.99,True
454,4,premium,29.99,paid,29.99,True
455,4,basic,9.99,paid,9.99,True
456,4,basic,9.99,paid,9.99,True
457,4,basic,9.99,paid,9.99,True
458,4,basic,9.99,paid,9.99,True
459,4,basic,9.99,failed,0.0,False
460,4,basic,9.99,paid,9.99,True
461,4,basic,9.99,paid,9.99,True
462,4,pro,19.99,failed,0.0,True
463,4,pro,19.99,paid,19.99,True
464,4,pro,19.99,paid,19.99,True
465,4,premium,29.99,paid,29.99,True
466,4,basic,9.99,paid,9.99,True
467,4,basic,9.99,paid,9.99,True
468,4,premium,29.99,paid,29.99,True
469,4,basic,9.99,paid,9.99,True
470,4,premium,29.99,paid,29.99,True
471,4,basic,9.99,paid,9.99,True
472,4,premium,29.99,paid,29.99,True
473,4,basic,9.99,paid,9.99,True
474,4,premium,29.99,paid,29.99,True
475,4,pro,19.99,paid,19.99,True
476,4,premium,29.99,paid,29.99,True
477,4,basic,9.99,paid,9.99,True
478,4,pro,19.99,paid,19.99,True
479,4,premium,29.99,paid,29.99,True
480,4,pro,19.99,paid,19.99,True
481,4,pro,19.99,paid,19.99,True
482,4,pro,19.99,paid,19.99,True
483,4,basic,9.99,paid,9.99,True
484,4,pro,19.99,paid,19.99,True
485,4,pro,19.99,paid,19.99,True
486,4,premium,29.99,paid,29.99,True
487,4,basic,9.99,paid,9.99,True
488,4,basic,9.99,paid,9.99,True
489,4,premium,29.99,paid,29.99,True
490,4,premium,29.99,paid,29.99,True
491,4,basic,9.99,failed,0.0,True
492,4,pro,19.99,paid,19.99,True
493,4,basic,9.99,paid,9.99,True
494,4,basic,9.99,paid,9.99,True
495,4,basic,9.99,paid,9.99,True
496,4,basic,9.99,paid,9.99,True
497,4,pro,19.99,paid,19.99,True
498,4,basic,9.99,paid,9.99,True
499,4,premium,29.99,paid,29.99,True
500,4,premium,29.99,paid,29.99,True
501,4,pro,19.99,paid,19.99,True
502,4,pro,19.99,paid,19.99,True
503,4,basic,9.99,paid,9.99,True
504,4,pro,19.99,paid,19.99,True
505,4,pro,19.99,paid,19.99,True
506,4,basic,9.99,failed,0.0,False
507,4,premium,29.99,paid,29.99,True
508,4,pro,19.99,paid,19.99,True
509,4,premium,29.99,paid,29.99,True
510,4,pro,19.99,paid,19.99,True
511,4,pro,19.99,paid,19.99,True
512,4,basic,9.99,paid,9.99,True
513,4,premium,29.99,paid,29.99,True
514,4,premium,29.99,paid,29.99,True
515,4,basic,9.99,failed,0.0,False
516,4,basic,9.99,paid,9.99,True
517,4,basic,9.99,paid,9.99,True
518,4,pro,19.99,paid,19.99,True
519,4,premium,29.99,paid,29.99,True
520,4,basic,9.99,paid,9.99,True
521,4,pro,19.99,paid,19.99,True
522,4,basic,9.99,paid,9.99,True
523,4,premium,29.99,paid,29.99,True
524,4,pro,19.99,paid,19.99,True
525,4,pro,19.99,paid,19.99,True
526,4,basic,9.99,paid,9.99,True
527,4,basic,9.99,paid,9.99,True
528,4,basic,9.99,paid,9.99,True
529,4,basic,9.99,failed,0.0,False
530,4,premium,29.99,paid,29.99,True
531,4,pro,19.99,paid,19.99,True
532,4,premium,29.99,paid,29.99,True
533,4,premium,29.99,paid,29.99,True
534,4,pro,19.99,paid,19.99,True
535,4,pro,19.99,paid,19.99,True
536,4,premium,29.99,paid,29.99,True
537,4,pro,19.99,paid,19.99,True
538,4,basic,9.99,paid,9.99,True
539,4,basic,9.99,paid,9.99,True
540,4,basic,9.99,paid,9.99,True
541,4,premium,29.99,paid,29.99,True
542,4,pro,19.99,failed,0.0,True
543,4,basic,9.99,failed,0.0,True
544,4,pro,19.99,paid,19.99,True
545,4,pro,19.99,paid,19.99,True
546,4,basic,9.99,paid,9.99,True
547,4,basic,9.99,paid,9.99,True
548,4,pro,19.99,paid,19.99,True
549,4,pro,19.99,paid,19.99,True
550,4,pro,19.99,paid,19.99,True
551,4,pro,19.99,paid,19.99,True
552,4,premium,29.99,paid,29.99,True
553,4,pro,19.99,failed,0.0,True
554,4,pro,19.99,paid,19.99,True
555,4,premium,29.99,paid,29.99,True
556,4,basic,9.99,paid,9.99,True
557,4,basic,9.99,paid,9.99,True
558,4,basic,9.99,paid,9.99,True
559,4,pro,19.99,paid,19.99,True
560,4,pro,19.99,paid,19.99,True
561,4,pro,19.99,paid,19.99,True
562,4,basic,9.99,paid,9.99,True
563,4,basic,9.99,paid,9.99,True
564,4,basic,9.99,paid,9.99,True
565,4,basic,9.99,paid,9.99,True
566,4,pro,19.99,paid,19.99,True
567,4,basic,9.99,failed,0.0,False
568,4,basic,9.99,paid,9.99,True
569,4,premium,29.99,paid,29.99,True
570,4,basic,9.99,paid,9.99,True
571,4,pro,19.99,paid,19.99,True
572,4,pro,19.99,paid,19.99,True
573,4,basic,9.99,paid,9.99,True
574,4,pro,19.99,paid,19.99,True
575,4,premium,29.99,paid,29.99,True
576,4,premium,29.99,paid,29.99,True
577,4,basic,9.99,paid,9.99,True
578,4,premium,29.99,paid,29.99,True
579,4,basic,9.99,paid,9.99,True
580,4,basic,9.99,paid,9.99,True
581,4,basic,9.99,failed,0.0,True
582,4,premium,29.99,failed,0.0,False
583,4,basic,9.99,paid,9.99,True
584,4,basic,9.99,paid,9.99,True
585,4,pro,19.99,paid,19.99,True
586,4,basic,9.99,paid,9.99,True
587,4,basic,9.99,paid,9.99,True
588,4,basic,9.99,paid,9.99,True
589,4,basic,9.99,paid,9.99,True
590,4,basic,9.99,paid,9.99,True
591,4,basic,9.99,paid,9.99,True
592,4,pro,19.99,paid,19.99,True
593,4,basic,9.99,paid,9.99,True
594,4,basic,9.99,paid,9.99,True
595,4,premium,29.99,paid,29.99,True
596,4,basic,9.99,paid,9.99,True
597,4,pro,19.99,paid,19.99,True
598,4,basic,9.99,failed,0.0,False
599,4,basic,9.99,paid,9.99,True
600,4,basic,9.99,paid,9.99,True
601,4,basic,9.99,paid,9.99,True
602,4,basic,9.99,failed,0.0,False
603,4,basic,9.99,paid,9.99,True
604,4,basic,9.99,paid,9.99,True
605,4,basic,9.99,paid,9.99,True
606,4,basic,9.99,paid,9.99,True
607,4,basic,9.99,paid,9.99,True
608,4,basic,9.99,paid,9.99,True
609,4,pro,19.99,paid,19.99,True
610,4,pro,19.99,paid,19.99,True
611,4,basic,9.99,paid,9.99,True
612,4,pro,19.99,failed,0.0,True
613,4,pro,19.99,paid,19.99,True
614,4,basic,9.99,failed,0.0,True
615,4,premium,29.99,paid,29.99,True
616,4,premium,29.99,paid,29.99,True
617,4,basic,9.99,paid,9.99,True
618,4,basic,9.99,paid,9.99,True
619,4,pro,19.99,paid,19.99,True
620,4,pro,19.99,paid,19.99,True
621,4,basic,9.99,paid,9.99,True
622,4,basic,9.99,paid,9.99,True
623,4,basic,9.99,failed,0.0,True
624,4,basic,9.99,paid,9.99,True
625,4,pro,19.99,paid,19.99,True
626,4,basic,9.99,paid,9.99,True
627,4,basic,9.99,paid,9.99,True
628,4,pro,19.99,paid,19.99,True
629,4,basic,9.99,paid,9.99,True
630,4,basic,9.99,paid,9.99,True
631,4,pro,19.99,paid,19.99,True
632,4,premium,29.99,paid,29.99,True
633,4,pro,19.99,paid,19.99,True
634,4,pro,19.99,paid,19.99,True
635,4,basic,9.99,paid,9.99,True
636,4,basic,9.99,paid,9.99,True
637,4,pro,19.99,paid,19.99,True
638,4,basic,9.99,paid,9.99,True
639,4,basic,9.99,paid,9.99,True
640,4,basic,9.99,failed,0.0,False
641,4,basic,9.99,paid,9.99,True
642,4,basic,9.99,failed,0.0,False
643,4,basic,9.99,paid,9.99,True
644,4,basic,9.99,paid,9.99,True
645,4,basic,9.99,failed,0.0,False
646,4,premium,29.99,paid,29.99,True
647,4,pro,19.99,paid,19.99,True
648,4,pro,19.99,paid,19.99,True
649,4,pro,19.99,paid,19.99,True
650,4,basic,9.99,paid,9.99,True
651,4,basic,9.99,paid,9.99,True
652,4,pro,19.99,paid,19.99,True
653,4,pro,19.99,paid,19.99,True
654,4,pro,19.99,failed,0.0,False
655,4,basic,9.99,paid,9.99,True
656,4,basic,9.99,paid,9.99,True
657,4,basic,9.99,paid,9.99,True
658,4,basic,9.99,paid,9.99,True
659,4,pro,19.99,paid,19.99,True
660,4,pro,19.99,paid,19.99,True
661,4,basic,9.99,failed,0.0,False
662,4,premium,29.99,paid,29.99,True
663,4,pro,19.99,paid,19.99,True
664,4,basic,9.99,paid,9.99,True
665,4,basic,9.99,paid,9.99,True
666,4,basic,9.99,failed,0.0,False
667,4,basic,9.99,paid,9.99,True
668,4,basic,9.99,paid,9.99,True
669,4,basic,9.99,paid,9.99,True
670,4,basic,9.99,paid,9.99,True
671,4,basic,9.99,paid,9.99,True
672,4,premium,29.99,paid,29.99,True
673,4,basic,9.99,paid,9.99,True
674,4,pro,19.99,paid,19.99,True
675,4,basic,9.99,paid,9.99,True
676,4,premium,29.99,paid,29.99,True
677,4,basic,9.99,paid,9.99,True
678,4,basic,9.99,paid,9.99,True
679,4,premium,29.99,paid,29.99,True
680,4,premium,29.99,paid,29.99,True
681,4,pro,19.99,paid,19.99,True
682,4,basic,9.99,paid,9.99,True
683,4,basic,9.99,paid,9.99,True
684,4,pro,19.99,paid,19.99,True
685,4,premium,29.99,paid,29.99,True
686,4,pro,19.99,paid,19.99,True
687,4,pro,19.99,paid,19.99,True
688,4,basic,9.99,paid,9.99,True
689,4,pro,19.99,failed,0.0,True
690,4,basic,9.99,paid,9.99,True
691,4,basic,9.99,paid,9.99,True
692,4,basic,9.99,paid,9.99,True
693,4,pro,19.99,paid,19.99,True
694,4,basic,9.99,paid,9.99,True
695,4,basic,9.99,paid,9.99,True
696,4,pro,19.99,paid,19.99,True
697,4,basic,9.99,paid,9.99,True
698,4,pro,19.99,paid,19.99,True
699,4,basic,9.99,paid,9.99,True
700,4,basic,9.99,paid,9.99,True
701,4,pro,19.99,paid,19.99,True
702,4,basic,9.99,paid,9.99,True
703,4,basic,9.99,paid,9.99,True
704,4,basic,9.99,failed,0.0,True
705,4,basic,9.99,paid,9.99,True
706,4,premium,29.99,paid,29.99,True
707,4,basic,9.99,failed,0.0,False
708,4,pro,19.99,paid,19.99,True
709,4,basic,9.99,paid,9.99,True
710,4,pro,19.99,paid,19.99,True
711,4,pro,19.99,paid,19.99,True
712,4,pro,19.99,paid,19.99,True
713,4,basic,9.99,paid,9.99,True
714,4,basic,9.99,paid,9.99,True
715,4,basic,9.99,paid,9.99,True
716,4,premium,29.99,paid,29.99,True
717,4,pro,19.99,paid,19.99,True
718,4,premium,29.99,failed,0.0,False
719,4,basic,9.99,paid,9.99,True
720,4,pro,19.99,paid,19.99,True
721,4,premium,29.99,paid,29.99,True
722,4,basic,9.99,paid,9.99,True
723,4,basic,9.99,paid,9.99,True
724,4,pro,19.99,paid,19.99,True
725,4,pro,19.99,paid,19.99,True
726,4,pro,19.99,paid,19.99,True
727,4,basic,9.99,paid,9.99,True
728,4,pro,19.99,paid,19.99,True
729,4,basic,9.99,failed,0.0,False
730,4,basic,9.99,paid,9.99,True
731,4,basic,9.99,paid,9.99,True
732,4,pro,19.99,paid,19.99,True
733,4,pro,19.99,paid,19.99,True
734,4,pro,19.99,paid,19.99,True
735,4,basic,9.99,paid,9.99,True
736,4,premium,29.99,paid,29.99,True
737,4,basic,9.99,paid,9.99,True
738,4,pro,19.99,paid,19.99,True
739,4,basic,9.99,paid,9.99,True
740,4,basic,9.99,paid,9.99,True
741,4,basic,9.99,paid,9.99,True
742,4,basic,9.99,paid,9.99,True
743,4,pro,19.99,paid,19.99,True
744,4,pro,19.99,failed,0.0,False
745,4,basic,9.99,paid,9.99,True
746,4,premium,29.99,paid,29.99,True
747,4,basic,9.99,paid,9.99,True
748,4,pro,19.99,paid,19.99,True
749,4,premium,29.99,failed,0.0,True
750,4,pro,19.99,paid,19.99,True
751,4,basic,9.99,paid,9.99,True
752,4,premium,29.99,paid,29.99,True
753,4,pro,19.99,paid,19.99,True
754,4,basic,9.99,paid,9.99,True
755,4,basic,9.99,paid,9.99,True
756,4,pro,19.99,paid,19.99,True
757,4,pro,19.99,paid,19.99,True
758,4,pro,19.99,paid,19.99,True
759,4,premium,29.99,paid,29.99,True
760,4,pro,19.99,paid,19.99,True
761,4,basic,9.99,paid,9.99,True
762,4,basic,9.99,paid,9.99,True
763,4,basic,9.99,paid,9.99,True
764,4,pro,19.99,paid,19.99,True
765,4,basic,9.99,paid,9.99,True
766,4,pro,19.99,paid,19.99,True
767,4,pro,19.99,paid,19.99,True
768,4,premium,29.99,paid,29.99,True
769,4,basic,9.99,paid,9.99,True
770,4,pro,19.99,paid,19.99,True
771,4,basic,9.99,paid,9.99,True
772,4,pro,19.99,paid,19.99,True
773,4,basic,9.99,paid,9.99,True
774,4,basic,9.99,paid,9.99,True
775,4,pro,19.99,paid,19.99,True
776,4,basic,9.99,paid,9.99,True
777,4,basic,9.99,paid,9.99,True
778,4,pro,19.99,paid,19.99,True
779,4,pro,19.99,paid,19.99,True
780,4,pro,19.99,paid,19.99,True
781,4,pro,19.99,paid,19.99,True
782,4,pro,19.99,paid,19.99,True
783,4,basic,9.99,paid,9.99,True
784,4,basic,9.99,failed,0.0,True
785,4,basic,9.99,paid,9.99,True
786,4,premium,29.99,paid,29.99,True
787,4,pro,19.99,paid,19.99,True
788,4,basic,9.99,paid,9.99,True
789,4,basic,9.99,paid,9.99,True
790,4,premium,29.99,paid,29.99,True
791,4,basic,9.99,paid,9.99,True
792,4,pro,19.99,paid,19.99,True
793,4,pro,19.99,paid,19.99,True
794,4,pro,19.99,paid,19.99,True
795,4,basic,9.99,paid,9.99,True
796,4,premium,29.99,paid,29.99,True
797,4,premium,29.99,paid,29.99,True
798,4,pro,19.99,paid,19.99,True
799,4,pro,19.99,paid,19.99,True
800,4,premium,29.99,paid,29.99,True
801,4,pro,19.99,paid,19.99,True
802,4,basic,9.99,paid,9.99,True
803,4,pro,19.99,paid,19.99,True
804,4,pro,19.99,paid,19.99,True
805,4,basic,9.99,paid,9.99,True
806,4,pro,19.99,paid,19.99,True
807,4,premium,29.99,paid,29.99,True
808,4,premium,29.99,paid,29.99,True
809,4,basic,9.99,paid,9.99,True
810,4,basic,9.99,paid,9.99,True
811,4,premium,29.99,paid,29.99,True
812,4,pro,19.99,paid,19.99,True
813,4,basic,9.99,paid,9.99,True
814,4,premium,29.99,paid,29.99,True
815,4,premium,29.99,paid,29.99,True
816,4,pro,19.99,failed,0.0,False
817,4,pro,19.99,paid,19.99,True
818,4,basic,9.99,paid,9.99,True
819,4,basic,9.99,paid,9.99,True
820,4,basic,9.99,paid,9.99,True
821,4,pro,19.99,failed,0.0,False
822,4,basic,9.99,paid,9.99,True
823,4,basic,9.99,paid,9.99,True
824,4,basic,9.99,paid,9.99,True
825,4,pro,19.99,paid,19.99,True
826,4,premium,29.99,failed,0.0,True
827,4,basic,9.99,paid,9.99,True
828,4,basic,9.99,paid,9.99,True
829,4,pro,19.99,paid,19.99,True
830,4,basic,9.99,paid,9.99,True
831,4,basic,9.99,paid,9.99,True
832,4,basic,9.99,paid,9.99,True
833,4,basic,9.99,paid,9.99,True
834,4,basic,9.99,paid,9.99,True
835,4,basic,9.99,failed,0.0,False
836,4,basic,9.99,paid,9.99,True
837,4,premium,29.99,paid,29.99,True
838,4,basic,9.99,failed,0.0,False
839,4,pro,19.99,paid,19.99,True
840,4,pro,19.99,paid,19.99,True
841,4,basic,9.99,paid,9.99,True
842,4,pro,19.99,paid,19.99,True
843,4,basic,9.99,paid,9.99,True
844,4,premium,29.99,paid,29.99,True
845,4,basic,9.99,paid,9.99,True
846,4,basic,9.99,paid,9.99,True
847,4,basic,9.99,paid,9.99,True
848,4,premium,29.99,failed,0.0,True
849,4,pro,19.99,paid,19.99,True
850,4,pro,19.99,paid,19.99,True
851,4,basic,9.99,failed,0.0,False
852,4,pro,19.99,paid,19.99,True
853,4,basic,9.99,paid,9.99,True
854,4,premium,29.99,paid,29.99,True
855,4,basic,9.99,paid,9.99,True
856,4,basic,9.99,paid,9.99,True
857,4,basic,9.99,paid,9.99,True
858,4,basic,9.99,paid,9.99,True
859,4,pro,19.99,paid,19.99,True
860,4,basic,9.99,paid,9.99,True
861,4,pro,19.99,paid,19.99,True
862,4,basic,9.99,paid,9.99,True
863,4,pro,19.99,paid,19.99,True
864,4,basic,9.99,paid,9.99,True
865,4,basic,9.99,paid,9.99,True
866,4,pro,19.99,paid,19.99,True
867,4,basic,9.99,paid,9.99,True
868,4,basic,9.99,paid,9.99,True
869,4,premium,29.99,paid,29.99,True
870,4,premium,29.99,paid,29.99,True
871,4,basic,9.99,paid,9.99,True
872,4,basic,9.99,paid,9.99,True
873,4,pro,19.99,paid,19.99,True
874,4,basic,9.99,paid,9.99,True
875,4,basic,9.99,paid,9.99,True
876,4,basic,9.99,paid,9.99,True
877,4,pro,19.99,paid,19.99,True
878,4,pro,19.99,paid,19.99,True
879,4,basic,9.99,paid,9.99,True
880,4,basic,9.99,paid,9.99,True
881,4,basic,9.99,paid,9.99,True
882,4,pro,19.99,paid,19.99,True
883,4,basic,9.99,paid,9.99,True
884,4,basic,9.99,paid,9.99,True
885,4,pro,19.99,paid,19.99,True
886,4,basic,9.99,paid,9.99,True
887,4,pro,19.99,paid,19.99,True
888,4,basic,9.99,paid,9.99,True
889,4,basic,9.99,paid,9.99,True
890,4,basic,9.99,paid,9.99,True
891,4,pro,19.99,paid,19.99,True
892,4,premium,29.99,paid,29.99,True
893,4,pro,19.99,paid,19.99,True
894,4,basic,9.99,paid,9.99,True
895,4,pro,19.99,paid,19.99,True
896,4,basic,9.99,paid,9.99,True
897,4,basic,9.99,paid,9.99,True
898,4,premium,29.99,paid,29.99,True
899,4,basic,9.99,paid,9.99,True
900,4,basic,9.99,paid,9.99,True
901,4,basic,9.99,paid,9.99,True
902,4,basic,9.99,paid,9.99,True
903,4,basic,9.99,paid,9.99,True
904,4,pro,19.99,paid,19.99,True
905,4,basic,9.99,paid,9.99,True
906,4,premium,29.99,paid,29.99,True
907,4,pro,19.99,paid,19.99,True
908,4,basic,9.99,paid,9.99,True
909,4,basic,9.99,paid,9.99,True
910,4,basic,9.99,paid,9.99,True
911,4,pro,19.99,paid,19.99,True
912,4,basic,9.99,paid,9.99,True
913,4,pro,19.99,paid,19.99,True
914,4,basic,9.99,paid,9.99,True
915,4,pro,19.99,paid,19.99,True
916,4,basic,9.99,paid,9.99,True
917,4,basic,9.99,paid,9.99,True
918,4,premium,29.99,paid,29.99,True
919,4,pro,19.99,paid,19.99,True
920,4,basic,9.99,failed,0.0,True
921,4,premium,29.99,failed,0.0,False
922,4,basic,9.99,paid,9.99,True
923,4,premium,29.99,paid,29.99,True
924,4,pro,19.99,paid,19.99,True
925,4,basic,9.99,paid,9.99,True
926,4,basic,9.99,paid,9.99,True
927,4,basic,9.99,paid,9.99,True
928,4,pro,19.99,paid,19.99,True
929,4,pro,19.99,paid,19.99,True
930,4,basic,9.99,paid,9.99,True
931,4,basic,9.99,paid,9.99,True
932,4,pro,19.99,paid,19.99,True
933,4,premium,29.99,paid,29.99,True
934,4,pro,19.99,paid,19.99,True
935,4,basic,9.99,paid,9.99,True
936,4,basic,9.99,failed,0.0,True
937,4,basic,9.99,paid,9.99,True
938,4,premium,29.99,paid,29.99,True
939,4,basic,9.99,paid,9.99,True
940,4,pro,19.99,paid,19.99,True
941,4,basic,9.99,paid,9.99,True
942,4,pro,19.99,paid,19.99,True
943,4,pro,19.99,paid,19.99,True
944,4,pro,19.99,paid,19.99,True
945,4,basic,9.99,paid,9.99,True
946,4,basic,9.99,paid,9.99,True
947,4,basic,9.99,paid,9.99,True
948,4,premium,29.99,paid,29.99,True
949,4,premium,29.99,paid,29.99,True
950,4,pro,19.99,paid,19.99,True
951,4,pro,19.99,paid,19.99,True
952,4,pro,19.99,failed,0.0,True
953,4,basic,9.99,paid,9.99,True
954,4,premium,29.99,paid,29.99,True
955,4,basic,9.99,paid,9.99,True
956,4,basic,9.99,paid,9.99,True
957,4,pro,19.99,paid,19.99,True
958,4,basic,9.99,paid,9.99,True
959,4,basic,9.99,paid,9.99,True
960,4,pro,19.99,failed,0.0,False
961,4,basic,9.99,paid,9.99,True
962,4,pro,19.99,paid,19.99,True
963,4,basic,9.99,paid,9.99,True
964,4,basic,9.99,failed,0.0,True
965,4,basic,9.99,paid,9.99,True
966,4,basic,9.99,paid,9.99,True
967,4,pro,19.99,paid,19.99,True
968,4,basic,9.99,paid,9.99,True
969,4,pro,19.99,paid,19.99,True
970,4,basic,9.99,paid,9.99,True
971,4,pro,19.99,paid,19.99,True
972,4,premium,29.99,paid,29.99,True
973,4,pro,19.99,failed,0.0,False
974,4,basic,9.99,paid,9.99,True
975,4,basic,9.99,failed,0.0,False
976,4,basic,9.99,failed,0.0,True
977,4,pro,19.99,paid,19.99,True
978,4,basic,9.99,paid,9.99,True
979,4,basic,9.99,paid,9.99,True
980,4,pro,19.99,paid,19.99,True
981,4,basic,9.99,paid,9.99,True
982,4,pro,19.99,paid,19.99,True
983,4,basic,9.99,paid,9.99,True
984,4,basic,9.99,paid,9.99,True
985,4,pro,19.99,paid,19.99,True
986,4,basic,9.99,paid,9.99,True
987,4,pro,19.99,paid,19.99,True
988,4,basic,9.99,paid,9.99,True
989,4,basic,9.99,paid,9.99,True
990,4,pro,19.99,paid,19.99,True
991,4,pro,19.99,paid,19.99,True
992,4,pro,19.99,paid,19.99,True
993,4,basic,9.99,paid,9.99,True
994,4,pro,19.99,failed,0.0,False
995,4,basic,9.99,paid,9.99,True
996,4,basic,9.99,paid,9.99,True
997,4,premium,29.99,paid,29.99,True
998,4,basic,9.99,paid,9.99,True
999,4,premium,29.99,failed,0.0,True
1000,4,basic,9.99,paid,9.99,True
1,5,basic,9.99,paid,9.99,True
2,5,premium,29.99,paid,29.99,True
3,5,pro,19.99,paid,19.99,True
4,5,pro,19.99,paid,19.99,True
5,5,basic,9.99,failed,0.0,False
6,5,basic,9.99,failed,0.0,False
7,5,basic,9.99,paid,9.99,True
8,5,premium,29.99,paid,29.99,True
9,5,pro,19.99,paid,19.99,True
10,5,pro,19.99,paid,19.99,True
11,5,basic,9.99,paid,9.99,True
12,5,premium,29.99,failed,0.0,True
13,5,pro,19.99,paid,19.99,True
14,5,basic,9.99,paid,9.99,True
15,5,basic,9.99,paid,9.99,True
16,5,basic,9.99,paid,9.99,True
17,5,basic,9.99,paid,9.99,True
18,5,pro,19.99,paid,19.99,True
19,5,basic,9.99,paid,9.99,True
20,5,basic,9.99,paid,9.99,True
21,5,pro,19.99,failed,0.0,True
22,5,basic,9.99,paid,9.99,True
23,5,basic,9.99,paid,9.99,True
24,5,basic,9.99,paid,9.99,True
25,5,basic,9.99,paid,9.99,True
26,5,pro,19.99,paid,19.99,True
27,5,basic,9.99,paid,9.99,True
28,5,pro,19.99,paid,19.99,True
29,5,pro,19.99,paid,19.99,True
30,5,basic,9.99,paid,9.99,True
31,5,pro,19.99,paid,19.99,True
32,5,basic,9.99,paid,9.99,True
33,5,basic,9.99,failed,0.0,False
34,5,premium,29.99,paid,29.99,True
35,5,premium,29.99,paid,29.99,True
36,5,pro,19.99,paid,19.99,True
37,5,basic,9.99,paid,9.99,True
38,5,basic,9.99,paid,9.99,True
39,5,pro,19.99,paid,19.99,True
40,5,basic,9.99,paid,9.99,True
41,5,basic,9.99,paid,9.99,True
42,5,basic,9.99,paid,9.99,True
43,5,basic,9.99,paid,9.99,True
44,5,premium,29.99,paid,29.99,True
45,5,basic,9.99,paid,9.99,True
46,5,pro,19.99,paid,19.99,True
47,5,basic,9.99,paid,9.99,True
48,5,pro,19.99,paid,19.99,True
49,5,pro,19.99,paid,19.99,True
50,5,basic,9.99,paid,9.99,True
51,5,premium,29.99,failed,0.0,True
52,5,pro,19.99,failed,0.0,False
53,5,premium,29.99,paid,29.99,True
54,5,premium,29.99,paid,29.99,True
55,5,pro,19.99,paid,19.99,True
56,5,premium,29.99,paid,29.99,True
57,5,basic,9.99,paid,9.99,True
58,5,basic,9.99,paid,9.99,True
59,5,basic,9.99,paid,9.99,True
60,5,basic,9.99,paid,9.99,True
61,5,basic,9.99,paid,9.99,True
62,5,basic,9.99,paid,9.99,True
63,5,pro,19.99,paid,19.99,True
64,5,basic,9.99,paid,9.99,True
65,5,basic,9.99,paid,9.99,True
66,5,pro,19.99,paid,19.99,True
67,5,basic,9.99,paid,9.99,True
68,5,pro,19.99,paid,19.99,True
69,5,basic,9.99,failed,0.0,False
70,5,premium,29.99,paid,29.99,True
71,5,pro,19.99,paid,19.99,True
72,5,basic,9.99,paid,9.99,True
73,5,basic,9.99,paid,9.99,True
74,5,pro,19.99,paid,19.99,True
75,5,pro,19.99,paid,19.99,True
76,5,pro,19.99,paid,19.99,True
77,5,pro,19.99,paid,19.99,True
78,5,basic,9.99,paid,9.99,True
79,5,basic,9.99,paid,9.99,True
80,5,basic,9.99,paid,9.99,True
81,5,premium,29.99,paid,29.99,True
82,5,pro,19.99,paid,19.99,True
83,5,basic,9.99,paid,9.99,True
84,5,basic,9.99,paid,9.99,True
85,5,basic,9.99,paid,9.99,True
86,5,basic,9.99,paid,9.99,True
87,5,pro,19.99,paid,19.99,True
88,5,pro,19.99,failed,0.0,False
89,5,premium,29.99,paid,29.99,True
90,5,basic,9.99,paid,9.99,True
91,5,basic,9.99,paid,9.99,True
92,5,pro,19.99,paid,19.99,True
93,5,pro,19.99,paid,19.99,True
94,5,pro,19.99,paid,19.99,True
95,5,pro,19.99,paid,19.99,True
96,5,basic,9.99,paid,9.99,True
97,5,pro,19.99,paid,19.99,True
98,5,basic,9.99,failed,0.0,False
99,5,basic,9.99,paid,9.99,True
100,5,basic,9.99,failed,0.0,False
101,5,basic,9.99,paid,9.99,True
102,5,pro,19.99,paid,19.99,True
103,5,basic,9.99,failed,0.0,False
104,5,pro,19.99,paid,19.99,True
105,5,premium,29.99,paid,29.99,True
106,5,basic,9.99,failed,0.0,False
107,5,basic,9.99,failed,0.0,False
108,5,pro,19.99,paid,19.99,True
109,5,basic,9.99,failed,0.0,False
110,5,basic,9.99,paid,9.99,True
111,5,basic,9.99,paid,9.99,True
112,5,basic,9.99,paid,9.99,True
113,5,premium,29.99,paid,29.99,True
114,5,pro,19.99,paid,19.99,True
115,5,pro,19.99,paid,19.99,True
116,5,premium,29.99,paid,29.99,True
117,5,pro,19.99,paid,19.99,True
118,5,basic,9.99,paid,9.99,True
119,5,premium,29.99,failed,0.0,False
120,5,pro,19.99,paid,19.99,True
121,5,pro,19.99,paid,19.99,True
122,5,premium,29.99,paid,29.99,True
123,5,basic,9.99,failed,0.0,True
124,5,basic,9.99,failed,0.0,False
125,5,basic,9.99,paid,9.99,True
126,5,basic,9.99,paid,9.99,True
127,5,pro,19.99,paid,19.99,True
128,5,premium,29.99,paid,29.99,True
129,5,basic,9.99,paid,9.99,True
130,5,pro,19.99,paid,19.99,True
131,5,basic,9.99,paid,9.99,True
132,5,basic,9.99,paid,9.99,True
133,5,basic,9.99,paid,9.99,True
134,5,basic,9.99,failed,0.0,False
135,5,premium,29.99,paid,29.99,True
136,5,basic,9.99,paid,9.99,True
137,5,pro,19.99,paid,19.99,True
138,5,pro,19.99,paid,19.99,True
139,5,basic,9.99,paid,9.99,True
140,5,premium,29.99,paid,29.99,True
141,5,premium,29.99,paid,29.99,True
142,5,basic,9.99,paid,9.99,True
143,5,basic,9.99,failed,0.0,False
144,5,basic,9.99,paid,9.99,True
145,5,basic,9.99,paid,9.99,True
146,5,basic,9.99,paid,9.99,True
147,5,pro,19.99,failed,0.0,False
148,5,pro,19.99,paid,19.99,True
149,5,basic,9.99,paid,9.99,True
150,5,basic,9.99,paid,9.99,True
151,5,premium,29.99,paid,29.99,True
152,5,basic,9.99,paid,9.99,True
153,5,basic,9.99,paid,9.99,True
154,5,basic,9.99,paid,9.99,True
155,5,premium,29.99,paid,29.99,True
156,5,basic,9.99,paid,9.99,True
157,5,pro,19.99,paid,19.99,True
158,5,pro,19.99,paid,19.99,True
159,5,basic,9.99,paid,9.99,True
160,5,pro,19.99,paid,19.99,True
161,5,basic,9.99,failed,0.0,False
162,5,pro,19.99,paid,19.99,True
163,5,pro,19.99,paid,19.99,True
164,5,pro,19.99,paid,19.99,True
165,5,basic,9.99,paid,9.99,True
166,5,pro,19.99,paid,19.99,True
167,5,basic,9.99,paid,9.99,True
168,5,basic,9.99,paid,9.99,True
169,5,basic,9.99,paid,9.99,True
170,5,pro,19.99,failed,0.0,False
171,5,pro,19.99,paid,19.99,True
172,5,basic,9.99,paid,9.99,True
173,5,pro,19.99,paid,19.99,True
174,5,basic,9.99,paid,9.99,True
175,5,pro,19.99,paid,19.99,True
176,5,basic,9.99,paid,9.99,True
177,5,pro,19.99,failed,0.0,False
178,5,basic,9.99,paid,9.99,True
179,5,premium,29.99,paid,29.99,True
180,5,basic,9.99,paid,9.99,True
181,5,basic,9.99,paid,9.99,True
182,5,basic,9.99,paid,9.99,True
183,5,premium,29.99,paid,29.99,True
184,5,premium,29.99,paid,29.99,True
185,5,basic,9.99,paid,9.99,True
186,5,pro,19.99,paid,19.99,True
187,5,pro,19.99,paid,19.99,True
188,5,pro,19.99,paid,19.99,True
189,5,pro,19.99,failed,0.0,True
190,5,basic,9.99,paid,9.99,True
191,5,basic,9.99,paid,9.99,True
192,5,premium,29.99,paid,29.99,True
193,5,premium,29.99,paid,29.99,True
194,5,pro,19.99,paid,19.99,True
195,5,basic,9.99,paid,9.99,True
196,5,basic,9.99,failed,0.0,False
197,5,pro,19.99,paid,19.99,True
198,5,premium,29.99,paid,29.99,True
199,5,premium,29.99,failed,0.0,False
200,5,pro,19.99,failed,0.0,False
201,5,pro,19.99,paid,19.99,True
202,5,basic,9.99,paid,9.99,True
203,5,basic,9.99,paid,9.99,True
204,5,premium,29.99,paid,29.99,True
205,5,pro,19.99,paid,19.99,True
206,5,basic,9.99,failed,0.0,True
207,5,basic,9.99,paid,9.99,True
208,5,pro,19.99,paid,19.99,True
209,5,basic,9.99,paid,9.99,True
210,5,basic,9.99,paid,9.99,True
211,5,pro,19.99,paid,19.99,True
212,5,pro,19.99,paid,19.99,True
213,5,pro,19.99,paid,19.99,True
214,5,basic,9.99,paid,9.99,True
215,5,pro,19.99,paid,19.99,True
216,5,basic,9.99,paid,9.99,True
217,5,basic,9.99,paid,9.99,True
218,5,pro,19.99,failed,0.0,False
219,5,pro,19.99,paid,19.99,True
220,5,pro,19.99,paid,19.99,True
221,5,pro,19.99,paid,19.99,True
222,5,pro,19.99,paid,19.99,True
223,5,basic,9.99,paid,9.99,True
224,5,basic,9.99,paid,9.99,True
225,5,basic,9.99,paid,9.99,True
226,5,basic,9.99,failed,0.0,False
227,5,premium,29.99,paid,29.99,True
228,5,basic,9.99,failed,0.0,True
229,5,premium,29.99,paid,29.99,True
230,5,pro,19.99,paid,19.99,True
231,5,pro,19.99,paid,19.99,True
232,5,pro,19.99,paid,19.99,True
233,5,pro,19.99,paid,19.99,True
234,5,basic,9.99,paid,9.99,True
235,5,basic,9.99,paid,9.99,True
236,5,pro,19.99,paid,19.99,True
237,5,basic,9.99,failed,0.0,False
238,5,basic,9.99,failed,0.0,False
239,5,pro,19.99,paid,19.99,True
240,5,basic,9.99,paid,9.99,True
241,5,premium,29.99,paid,29.99,True
242,5,premium,29.99,paid,29.99,True
243,5,premium,29.99,paid,29.99,True
244,5,basic,9.99,paid,9.99,True
245,5,basic,9.99,paid,9.99,True
246,5,premium,29.99,paid,29.99,True
247,5,basic,9.99,paid,9.99,True
248,5,premium,29.99,paid,29.99,True
249,5,premium,29.99,paid,29.99,True
250,5,premium,29.99,paid,29.99,True
251,5,basic,9.99,paid,9.99,True
252,5,basic,9.99,paid,9.99,True
253,5,premium,29.99,paid,29.99,True
254,5,basic,9.99,paid,9.99,True
255,5,basic,9.99,paid,9.99,True
256,5,pro,19.99,failed,0.0,False
257,5,premium,29.99,failed,0.0,False
258,5,pro,19.99,paid,19.99,True
259,5,pro,19.99,paid,19.99,True
260,5,basic,9.99,failed,0.0,True
261,5,pro,19.99,failed,0.0,False
262,5,premium,29.99,paid,29.99,True
263,5,basic,9.99,paid,9.99,True
264,5,pro,19.99,paid,19.99,True
265,5,premium,29.99,failed,0.0,False
266,5,pro,19.99,failed,0.0,False
267,5,pro,19.99,paid,19.99,True
268,5,pro,19.99,paid,19.99,True
269,5,basic,9.99,paid,9.99,True
270,5,basic,9.99,failed,0.0,True
271,5,pro,19.99,failed,0.0,True
272,5,pro,19.99,paid,19.99,True
273,5,premium,29.99,paid,29.99,True
274,5,premium,29.99,failed,0.0,True
275,5,pro,19.99,failed,0.0,False
276,5,pro,19.99,paid,19.99,True
277,5,pro,19.99,failed,0.0,False
278,5,pro,19.99,paid,19.99,True
279,5,pro,19.99,paid,19.99,True
280,5,pro,19.99,paid,19.99,True
281,5,premium,29.99,paid,29.99,True
282,5,basic,9.99,paid,9.99,True
283,5,basic,9.99,paid,9.99,True
284,5,basic,9.99,paid,9.99,True
285,5,pro,19.99,paid,19.99,True
286,5,basic,9.99,paid,9.99,True
287,5,basic,9.99,paid,9.99,True
288,5,pro,19.99,paid,19.99,True
289,5,basic,9.99,failed,0.0,True
290,5,pro,19.99,paid,19.99,True
291,5,basic,9.99,paid,9.99,True
292,5,basic,9.99,paid,9.99,True
293,5,pro,19.99,paid,19.99,True
294,5,basic,9.99,failed,0.0,False
295,5,basic,9.99,failed,0.0,True
296,5,pro,19.99,paid,19.99,True
297,5,pro,19.99,paid,19.99,True
298,5,basic,9.99,paid,9.99,True
299,5,pro,19.99,paid,19.99,True
300,5,basic,9.99,paid,9.99,True
301,5,basic,9.99,paid,9.99,True
302,5,pro,19.99,paid,19.99,True
303,5,pro,19.99,paid,19.99,True
304,5,pro,19.99,paid,19.99,True
305,5,pro,19.99,paid,19.99,True
306,5,premium,29.99,failed,0.0,False
307,5,pro,19.99,failed,0.0,False
308,5,basic,9.99,paid,9.99,True
309,5,pro,19.99,paid,19.99,True
310,5,basic,9.99,paid,9.99,True
311,5,basic,9.99,paid,9.99,True
312,5,basic,9.99,paid,9.99,True
313,5,basic,9.99,paid,9.99,True
314,5,premium,29.99,paid,29.99,True
315,5,pro,19.99,paid,19.99,True
316,5,pro,19.99,paid,19.99,True
317,5,basic,9.99,paid,9.99,True
318,5,basic,9.99,paid,9.99,True
319,5,basic,9.99,paid,9.99,True
320,5,basic,9.99,paid,9.99,True
321,5,pro,19.99,failed,0.0,False
322,5,pro,19.99,failed,0.0,True
323,5,pro,19.99,paid,19.99,True
324,5,basic,9.99,failed,0.0,False
325,5,premium,29.99,paid,29.99,True
326,5,pro,19.99,paid,19.99,True
327,5,pro,19.99,paid,19.99,True
328,5,pro,19.99,paid,19.99,True
329,5,basic,9.99,paid,9.99,True
330,5,basic,9.99,failed,0.0,True
331,5,basic,9.99,paid,9.99,True
332,5,pro,19.99,paid,19.99,True
333,5,basic,9.99,paid,9.99,True
334,5,basic,9.99,paid,9.99,True
335,5,basic,9.99,paid,9.99,True
336,5,basic,9.99,paid,9.99,True
337,5,premium,29.99,paid,29.99,True
338,5,pro,19.99,paid,19.99,True
339,5,basic,9.99,paid,9.99,True
340,5,basic,9.99,paid,9.99,True
341,5,basic,9.99,paid,9.99,True
342,5,basic,9.99,failed,0.0,True
343,5,basic,9.99,paid,9.99,True
344,5,basic,9.99,paid,9.99,True
345,5,basic,9.99,paid,9.99,True
346,5,pro,19.99,paid,19.99,True
347,5,pro,19.99,paid,19.99,True
348,5,basic,9.99,paid,9.99,True
349,5,basic,9.99,failed,0.0,False
350,5,pro,19.99,paid,19.99,True
351,5,pro,19.99,paid,19.99,True
352,5,premium,29.99,paid,29.99,True
353,5,pro,19.99,failed,0.0,True
354,5,basic,9.99,paid,9.99,True
355,5,basic,9.99,paid,9.99,True
356,5,pro,19.99,failed,0.0,True
357,5,basic,9.99,paid,9.99,True
358,5,pro,19.99,paid,19.99,True
359,5,premium,29.99,failed,0.0,False
360,5,pro,19.99,paid,19.99,True
361,5,basic,9.99,paid,9.99,True
362,5,pro,19.99,paid,19.99,True
363,5,basic,9.99,paid,9.99,True
364,5,pro,19.99,paid,19.99,True
365,5,premium,29.99,paid,29.99,True
366,5,basic,9.99,failed,0.0,False
367,5,premium,29.99,paid,29.99,True
368,5,premium,29.99,paid,29.99,True
369,5,basic,9.99,paid,9.99,True
370,5,basic,9.99,paid,9.99,True
371,5,basic,9.99,paid,9.99,True
372,5,basic,9.99,failed,0.0,True
373,5,basic,9.99,paid,9.99,True
374,5,pro,19.99,paid,19.99,True
375,5,basic,9.99,paid,9.99,True
376,5,basic,9.99,paid,9.99,True
377,5,pro,19.99,paid,19.99,True
378,5,basic,9.99,failed,0.0,True
379,5,pro,19.99,paid,19.99,True
380,5,basic,9.99,paid,9.99,True
381,5,basic,9.99,failed,0.0,False
382,5,pro,19.99,paid,19.99,True
383,5,pro,19.99,paid,19.99,True
384,5,premium,29.99,paid,29.99,True
385,5,pro,19.99,paid,19.99,True
386,5,pro,19.99,paid,19.99,True
387,5,basic,9.99,paid,9.99,True
388,5,basic,9.99,paid,9.99,True
389,5,pro,19.99,paid,19.99,True
390,5,pro,19.99,paid,19.99,True
391,5,premium,29.99,paid,29.99,True
392,5,basic,9.99,paid,9.99,True
393,5,basic,9.99,paid,9.99,True
394,5,pro,19.99,paid,19.99,True
395,5,basic,9.99,paid,9.99,True
396,5,premium,29.99,paid,29.99,True
397,5,premium,29.99,paid,29.99,True
398,5,basic,9.99,paid,9.99,True
399,5,pro,19.99,paid,19.99,True
400,5,pro,19.99,paid,19.99,True
401,5,basic,9.99,paid,9.99,True
402,5,premium,29.99,paid,29.99,True
403,5,pro,19.99,paid,19.99,True
404,5,pro,19.99,paid,19.99,True
405,5,basic,9.99,paid,9.99,True
406,5,premium,29.99,paid,29.99,True
407,5,basic,9.99,paid,9.99,True
408,5,basic,9.99,paid,9.99,True
409,5,premium,29.99,paid,29.99,True
410,5,basic,9.99,paid,9.99,True
411,5,basic,9.99,paid,9.99,True
412,5,premium,29.99,paid,29.99,True
413,5,premium,29.99,paid,29.99,True
414,5,pro,19.99,paid,19.99,True
415,5,pro,19.99,paid,19.99,True
416,5,basic,9.99,paid,9.99,True
417,5,basic,9.99,paid,9.99,True
418,5,basic,9.99,paid,9.99,True
419,5,pro,19.99,paid,19.99,True
420,5,pro,19.99,paid,19.99,True
421,5,pro,19.99,paid,19.99,True
422,5,pro,19.99,paid,19.99,True
423,5,basic,9.99,paid,9.99,True
424,5,basic,9.99,paid,9.99,True
425,5,basic,9.99,failed,0.0,False
426,5,pro,19.99,failed,0.0,False
427,5,basic,9.99,paid,9.99,True
428,5,premium,29.99,paid,29.99,True
429,5,basic,9.99,paid,9.99,True
430,5,basic,9.99,failed,0.0,False
431,5,basic,9.99,failed,0.0,True
432,5,pro,19.99,paid,19.99,True
433,5,pro,19.99,paid,19.99,True
434,5,basic,9.99,paid,9.99,True
435,5,basic,9.99,paid,9.99,True
436,5,pro,19.99,paid,19.99,True
437,5,basic,9.99,paid,9.99,True
438,5,pro,19.99,paid,19.99,True
439,5,pro,19.99,paid,19.99,True
440,5,basic,9.99,failed,0.0,True
441,5,basic,9.99,failed,0.0,False
442,5,premium,29.99,paid,29.99,True
443,5,basic,9.99,failed,0.0,True
444,5,basic,9.99,paid,9.99,True
445,5,pro,19.99,failed,0.0,True
446,5,premium,29.99,paid,29.99,True
447,5,premium,29.99,paid,29.99,True
448,5,pro,19.99,paid,19.99,True
449,5,basic,9.99,failed,0.0,False
450,5,basic,9.99,paid,9.99,True
451,5,pro,19.99,paid,19.99,True
452,5,pro,19.99,paid,19.99,True
453,5,basic,9.99,paid,9.99,True
454,5,premium,29.99,paid,29.99,True
455,5,basic,9.99,paid,9.99,True
456,5,basic,9.99,failed,0.0,True
457,5,basic,9.99,paid,9.99,True
458,5,basic,9.99,paid,9.99,True
459,5,basic,9.99,failed,0.0,False
460,5,basic,9.99,paid,9.99,True
461,5,basic,9.99,paid,9.99,True
462,5,pro,19.99,paid,19.99,True
463,5,pro,19.99,paid,19.99,True
464,5,pro,19.99,paid,19.99,True
465,5,premium,29.99,paid,29.99,True
466,5,basic,9.99,paid,9.99,True
467,5,basic,9.99,paid,9.99,True
468,5,premium,29.99,paid,29.99,True
469,5,basic,9.99,paid,9.99,True
470,5,premium,29.99,paid,29.99,True
471,5,basic,9.99,paid,9.99,True
472,5,premium,29.99,failed,0.0,False
473,5,basic,9.99,paid,9.99,True
474,5,premium,29.99,paid,29.99,True
475,5,pro,19.99,paid,19.99,True
476,5,premium,29.99,paid,29.99,True
477,5,basic,9.99,paid,9.99,True
478,5,pro,19.99,paid,19.99,True
479,5,premium,29.99,paid,29.99,True
480,5,pro,19.99,paid,19.99,True
481,5,pro,19.99,failed,0.0,True
482,5,pro,19.99,paid,19.99,True
483,5,basic,9.99,paid,9.99,True
484,5,pro,19.99,paid,19.99,True
485,5,pro,19.99,paid,19.99,True
486,5,premium,29.99,paid,29.99,True
487,5,basic,9.99,failed,0.0,True
488,5,basic,9.99,failed,0.0,True
489,5,premium,29.99,paid,29.99,True
490,5,premium,29.99,paid,29.99,True
491,5,basic,9.99,paid,9.99,True
492,5,pro,19.99,paid,19.99,True
493,5,basic,9.99,failed,0.0,True
494,5,basic,9.99,failed,0.0,True
495,5,basic,9.99,paid,9.99,True
496,5,basic,9.99,paid,9.99,True
497,5,pro,19.99,paid,19.99,True
498,5,basic,9.99,paid,9.99,True
499,5,premium,29.99,paid,29.99,True
500,5,premium,29.99,paid,29.99,True
501,5,pro,19.99,paid,19.99,True
502,5,pro,19.99,paid,19.99,True
503,5,basic,9.99,paid,9.99,True
504,5,pro,19.99,paid,19.99,True
505,5,pro,19.99,paid,19.99,True
506,5,basic,9.99,failed,0.0,False
507,5,premium,29.99,paid,29.99,True
508,5,pro,19.99,paid,19.99,True
509,5,premium,29.99,paid,29.99,True
510,5,pro,19.99,paid,19.99,True
511,5,pro,19.99,paid,19.99,True
512,5,basic,9.99,paid,9.99,True
513,5,premium,29.99,paid,29.99,True
514,5,premium,29.99,paid,29.99,True
515,5,basic,9.99,failed,0.0,False
516,5,basic,9.99,paid,9.99,True
517,5,basic,9.99,paid,9.99,True
518,5,pro,19.99,paid,19.99,True
519,5,premium,29.99,paid,29.99,True
520,5,basic,9.99,paid,9.99,True
521,5,pro,19.99,paid,19.99,True
522,5,basic,9.99,paid,9.99,True
523,5,premium,29.99,paid,29.99,True
524,5,pro,19.99,paid,19.99,True
525,5,pro,19.99,paid,19.99,True
526,5,basic,9.99,paid,9.99,True
527,5,basic,9.99,paid,9.99,True
528,5,basic,9.99,paid,9.99,True
529,5,basic,9.99,failed,0.0,False
530,5,premium,29.99,paid,29.99,True
531,5,pro,19.99,paid,19.99,True
532,5,premium,29.99,paid,29.99,True
533,5,premium,29.99,paid,29.99,True
534,5,pro,19.99,failed,0.0,False
535,5,pro,19.99,failed,0.0,True
536,5,premium,29.99,paid,29.99,True
537,5,pro,19.99,paid,19.99,True
538,5,basic,9.99,paid,9.99,True
539,5,basic,9.99,paid,9.99,True
540,5,basic,9.99,paid,9.99,True
541,5,premium,29.99,failed,0.0,True
542,5,pro,19.99,paid,19.99,True
543,5,basic,9.99,paid,9.99,True
544,5,pro,19.99,paid,19.99,True
545,5,pro,19.99,paid,19.99,True
546,5,basic,9.99,failed,0.0,True
547,5,basic,9.99,paid,9.99,True
548,5,pro,19.99,paid,19.99,True
549,5,pro,19.99,paid,19.99,True
550,5,pro,19.99,paid,19.99,True
551,5,pro,19.99,paid,19.99,True
552,5,premium,29.99,paid,29.99,True
553,5,pro,19.99,paid,19.99,True
554,5,pro,19.99,failed,0.0,False
555,5,premium,29.99,failed,0.0,True
556,5,basic,9.99,paid,9.99,True
557,5,basic,9.99,paid,9.99,True
558,5,basic,9.99,failed,0.0,False
559,5,pro,19.99,paid,19.99,True
560,5,pro,19.99,paid,19.99,True
561,5,pro,19.99,paid,19.99,True
562,5,basic,9.99,paid,9.99,True
563,5,basic,9.99,failed,0.0,True
564,5,basic,9.99,paid,9.99,True
565,5,basic,9.99,paid,9.99,True
566,5,pro,19.99,paid,19.99,True
567,5,basic,9.99,failed,0.0,False
568,5,basic,9.99,paid,9.99,True
569,5,premium,29.99,paid,29.99,True
570,5,basic,9.99,paid,9.99,True
571,5,pro,19.99,paid,19.99,True
572,5,pro,19.99,paid,19.99,True
573,5,basic,9.99,paid,9.99,True
574,5,pro,19.99,paid,19.99,True
575,5,premium,29.99,paid,29.99,True
576,5,premium,29.99,paid,29.99,True
577,5,basic,9.99,paid,9.99,True
578,5,premium,29.99,paid,29.99,True
579,5,basic,9.99,paid,9.99,True
580,5,basic,9.99,paid,9.99,True
581,5,basic,9.99,paid,9.99,True
582,5,premium,29.99,failed,0.0,False
583,5,basic,9.99,paid,9.99,True
584,5,basic,9.99,paid,9.99,True
585,5,pro,19.99,failed,0.0,False
586,5,basic,9.99,paid,9.99,True
587,5,basic,9.99,failed,0.0,True
588,5,basic,9.99,failed,0.0,True
589,5,basic,9.99,paid,9.99,True
590,5,basic,9.99,failed,0.0,True
591,5,basic,9.99,paid,9.99,True
592,5,pro,19.99,paid,19.99,True
593,5,basic,9.99,failed,0.0,True
594,5,basic,9.99,paid,9.99,True
595,5,premium,29.99,paid,29.99,True
596,5,basic,9.99,paid,9.99,True
597,5,pro,19.99,failed,0.0,False
598,5,basic,9.99,failed,0.0,False
599,5,basic,9.99,paid,9.99,True
600,5,basic,9.99,failed,0.0,False
601,5,basic,9.99,paid,9.99,True
602,5,basic,9.99,failed,0.0,False
603,5,basic,9.99,paid,9.99,True
604,5,basic,9.99,paid,9.99,True
605,5,basic,9.99,paid,9.99,True
606,5,basic,9.99,paid,9.99,True
607,5,basic,9.99,paid,9.99,True
608,5,basic,9.99,paid,9.99,True
609,5,pro,19.99,paid,19.99,True
610,5,pro,19.99,paid,19.99,True
611,5,basic,9.99,paid,9.99,True
612,5,pro,19.99,paid,19.99,True
613,5,pro,19.99,paid,19.99,True
614,5,basic,9.99,paid,9.99,True
615,5,premium,29.99,paid,29.99,True
616,5,premium,29.99,paid,29.99,True
617,5,basic,9.99,paid,9.99,True
618,5,basic,9.99,paid,9.99,True
619,5,pro,19.99,paid,19.99,True
620,5,pro,19.99,paid,19.99,True
621,5,basic,9.99,paid,9.99,True
622,5,basic,9.99,paid,9.99,True
623,5,basic,9.99,paid,9.99,True
624,5,basic,9.99,paid,9.99,True
625,5,pro,19.99,paid,19.99,True
626,5,basic,9.99,paid,9.99,True
627,5,basic,9.99,paid,9.99,True
628,5,pro,19.99,paid,19.99,True
629,5,basic,9.99,paid,9.99,True
630,5,basic,9.99,paid,9.99,True
631,5,pro,19.99,paid,19.99,True
632,5,premium,29.99,paid,29.99,True
633,5,pro,19.99,paid,19.99,True
634,5,pro,19.99,paid,19.99,True
635,5,basic,9.99,failed,0.0,False
636,5,basic,9.99,failed,0.0,False
637,5,pro,19.99,paid,19.99,True
638,5,basic,9.99,paid,9.99,True
639,5,basic,9.99,paid,9.99,True
640,5,basic,9.99,failed,0.0,False
641,5,basic,9.99,paid,9.99,True
642,5,basic,9.99,failed,0.0,False
643,5,basic,9.99,paid,9.99,True
644,5,basic,9.99,paid,9.99,True
645,5,basic,9.99,failed,0.0,False
646,5,premium,29.99,paid,29.99,True
647,5,pro,19.99,paid,19.99,True
648,5,pro,19.99,paid,19.99,True
649,5,pro,19.99,paid,19.99,True
650,5,basic,9.99,paid,9.99,True
651,5,basic,9.99,paid,9.99,True
652,5,pro,19.99,paid,19.99,True
653,5,pro,19.99,paid,19.99,True
654,5,pro,19.99,failed,0.0,False
655,5,basic,9.99,paid,9.99,True
656,5,basic,9.99,paid,9.99,True
657,5,basic,9.99,paid,9.99,True
658,5,basic,9.99,paid,9.99,True
659,5,pro,19.99,paid,19.99,True
660,5,pro,19.99,paid,19.99,True
661,5,basic,9.99,failed,0.0,False
662,5,premium,29.99,paid,29.99,True
663,5,pro,19.99,paid,19.99,True
664,5,basic,9.99,paid,9.99,True
665,5,basic,9.99,failed,0.0,True
666,5,basic,9.99,failed,0.0,False
667,5,basic,9.99,paid,9.99,True
668,5,basic,9.99,paid,9.99,True
669,5,basic,9.99,paid,9.99,True
670,5,basic,9.99,paid,9.99,True
671,5,basic,9.99,paid,9.99,True
672,5,premium,29.99,paid,29.99,True
673,5,basic,9.99,paid,9.99,True
674,5,pro,19.99,paid,19.99,True
675,5,basic,9.99,paid,9.99,True
676,5,premium,29.99,paid,29.99,True
677,5,basic,9.99,paid,9.99,True
678,5,basic,9.99,paid,9.99,True
679,5,premium,29.99,paid,29.99,True
680,5,premium,29.99,paid,29.99,True
681,5,pro,19.99,paid,19.99,True
682,5,basic,9.99,paid,9.99,True
683,5,basic,9.99,paid,9.99,True
684,5,pro,19.99,paid,19.99,True
685,5,premium,29.99,paid,29.99,True
686,5,pro,19.99,paid,19.99,True
687,5,pro,19.99,paid,19.99,True
688,5,basic,9.99,paid,9.99,True
689,5,pro,19.99,paid,19.99,True
690,5,basic,9.99,paid,9.99,True
691,5,basic,9.99,paid,9.99,True
692,5,basic,9.99,paid,9.99,True
693,5,pro,19.99,paid,19.99,True
694,5,basic,9.99,paid,9.99,True
695,5,basic,9.99,paid,9.99,True
696,5,pro,19.99,paid,19.99,True
697,5,basic,9.99,paid,9.99,True
698,5,pro,19.99,paid,19.99,True
699,5,basic,9.99,paid,9.99,True
700,5,basic,9.99,paid,9.99,True
701,5,pro,19.99,paid,19.99,True
702,5,basic,9.99,paid,9.99,True
703,5,basic,9.99,paid,9.99,True
704,5,basic,9.99,paid,9.99,True
705,5,basic,9.99,paid,9.99,True
706,5,premium,29.99,paid,29.99,True
707,5,basic,9.99,failed,0.0,False
708,5,pro,19.99,paid,19.99,True
709,5,basic,9.99,paid,9.99,True
710,5,pro,19.99,paid,19.99,True
711,5,pro,19.99,paid,19.99,True
712,5,pro,19.99,paid,19.99,True
713,5,basic,9.99,paid,9.99,True
714,5,basic,9.99,paid,9.99,True
715,5,basic,9.99,paid,9.99,True
716,5,premium,29.99,paid,29.99,True
717,5,pro,19.99,paid,19.99,True
718,5,premium,29.99,failed,0.0,False
719,5,basic,9.99,paid,9.99,True
720,5,pro,19.99,paid,19.99,True
721,5,premium,29.99,paid,29.99,True
722,5,basic,9.99,failed,0.0,False
723,5,basic,9.99,paid,9.99,True
724,5,pro,19.99,paid,19.99,True
725,5,pro,19.99,paid,19.99,True
726,5,pro,19.99,paid,19.99,True
727,5,basic,9.99,paid,9.99,True
728,5,pro,19.99,paid,19.99,True
729,5,basic,9.99,failed,0.0,False
730,5,basic,9.99,paid,9.99,True
731,5,basic,9.99,paid,9.99,True
732,5,pro,19.99,paid,19.99,True
733,5,pro,19.99,paid,19.99,True
734,5,pro,19.99,paid,19.99,True
735,5,basic,9.99,paid,9.99,True
736,5,premium,29.99,paid,29.99,True
737,5,basic,9.99,paid,9.99,True
738,5,pro,19.99,paid,19.99,True
739,5,basic,9.99,paid,9.99,True
740,5,basic,9.99,paid,9.99,True
741,5,basic,9.99,paid,9.99,True
742,5,basic,9.99,paid,9.99,True
743,5,pro,19.99,paid,19.99,True
744,5,pro,19.99,failed,0.0,False
745,5,basic,9.99,paid,9.99,True
746,5,premium,29.99,paid,29.99,True
747,5,basic,9.99,paid,9.99,True
748,5,pro,19.99,paid,19.99,True
749,5,premium,29.99,paid,29.99,True
750,5,pro,19.99,paid,19.99,True
751,5,basic,9.99,failed,0.0,False
752,5,premium,29.99,paid,29.99,True
753,5,pro,19.99,paid,19.99,True
754,5,basic,9.99,paid,9.99,True
755,5,basic,9.99,paid,9.99,True
756,5,pro,19.99,paid,19.99,True
757,5,pro,19.99,failed,0.0,False
758,5,pro,19.99,paid,19.99,True
759,5,premium,29.99,paid,29.99,True
760,5,pro,19.99,paid,19.99,True
761,5,basic,9.99,paid,9.99,True
762,5,basic,9.99,paid,9.99,True
763,5,basic,9.99,paid,9.99,True
764,5,pro,19.99,failed,0.0,False
765,5,basic,9.99,paid,9.99,True
766,5,pro,19.99,paid,19.99,True
767,5,pro,19.99,paid,19.99,True
768,5,premium,29.99,paid,29.99,True
769,5,basic,9.99,paid,9.99,True
770,5,pro,19.99,paid,19.99,True
771,5,basic,9.99,paid,9.99,True
772,5,pro,19.99,paid,19.99,True
773,5,basic,9.99,paid,9.99,True
774,5,basic,9.99,paid,9.99,True
775,5,pro,19.99,paid,19.99,True
776,5,basic,9.99,paid,9.99,True
777,5,basic,9.99,paid,9.99,True
778,5,pro,19.99,paid,19.99,True
779,5,pro,19.99,paid,19.99,True
780,5,pro,19.99,paid,19.99,True
781,5,pro,19.99,failed,0.0,True
782,5,pro,19.99,paid,19.99,True
783,5,basic,9.99,paid,9.99,True
784,5,basic,9.99,paid,9.99,True
785,5,basic,9.99,paid,9.99,True
786,5,premium,29.99,paid,29.99,True
787,5,pro,19.99,paid,19.99,True
788,5,basic,9.99,paid,9.99,True
789,5,basic,9.99,paid,9.99,True
790,5,premium,29.99,paid,29.99,True
791,5,basic,9.99,paid,9.99,True
792,5,pro,19.99,paid,19.99,True
793,5,pro,19.99,paid,19.99,True
794,5,pro,19.99,paid,19.99,True
795,5,basic,9.99,paid,9.99,True
796,5,premium,29.99,paid,29.99,True
797,5,premium,29.99,failed,0.0,True
798,5,pro,19.99,paid,19.99,True
799,5,pro,19.99,paid,19.99,True
800,5,premium,29.99,paid,29.99,True
801,5,pro,19.99,paid,19.99,True
802,5,basic,9.99,failed,0.0,False
803,5,pro,19.99,paid,19.99,True
804,5,pro,19.99,paid,19.99,True
805,5,basic,9.99,paid,9.99,True
806,5,pro,19.99,paid,19.99,True
807,5,premium,29.99,failed,0.0,True
808,5,premium,29.99,paid,29.99,True
809,5,basic,9.99,paid,9.99,True
810,5,basic,9.99,paid,9.99,True
811,5,premium,29.99,paid,29.99,True
812,5,pro,19.99,paid,19.99,True
813,5,basic,9.99,paid,9.99,True
814,5,premium,29.99,paid,29.99,True
815,5,premium,29.99,paid,29.99,True
816,5,pro,19.99,failed,0.0,False
817,5,pro,19.99,paid,19.99,True
818,5,basic,9.99,paid,9.99,True
819,5,basic,9.99,paid,9.99,True
820,5,basic,9.99,paid,9.99,True
821,5,pro,19.99,failed,0.0,False
822,5,basic,9.99,paid,9.99,True
823,5,basic,9.99,paid,9.99,True
824,5,basic,9.99,paid,9.99,True
825,5,pro,19.99,paid,19.99,True
826,5,premium,29.99,paid,29.99,True
827,5,basic,9.99,paid,9.99,True
828,5,basic,9.99,paid,9.99,True
829,5,pro,19.99,paid,19.99,True
830,5,basic,9.99,paid,9.99,True
831,5,basic,9.99,failed,0.0,True
832,5,basic,9.99,paid,9.99,True
833,5,basic,9.99,paid,9.99,True
834,5,basic,9.99,failed,0.0,False
835,5,basic,9.99,failed,0.0,False
836,5,basic,9.99,paid,9.99,True
837,5,premium,29.99,paid,29.99,True
838,5,basic,9.99,failed,0.0,False
839,5,pro,19.99,paid,19.99,True
840,5,pro,19.99,paid,19.99,True
841,5,basic,9.99,paid,9.99,True
842,5,pro,19.99,paid,19.99,True
843,5,basic,9.99,paid,9.99,True
844,5,premium,29.99,paid,29.99,True
845,5,basic,9.99,paid,9.99,True
846,5,basic,9.99,paid,9.99,True
847,5,basic,9.99,paid,9.99,True
848,5,premium,29.99,paid,29.99,True
849,5,pro,19.99,paid,19.99,True
850,5,pro,19.99,paid,19.99,True
851,5,basic,9.99,failed,0.0,False
852,5,pro,19.99,paid,19.99,True
853,5,basic,9.99,paid,9.99,True
854,5,premium,29.99,paid,29.99,True
855,5,basic,9.99,paid,9.99,True
856,5,basic,9.99,paid,9.99,True
857,5,basic,9.99,paid,9.99,True
858,5,basic,9.99,paid,9.99,True
859,5,pro,19.99,failed,0.0,False
860,5,basic,9.99,failed,0.0,True
861,5,pro,19.99,paid,19.99,True
862,5,basic,9.99,paid,9.99,True
863,5,pro,19.99,paid,19.99,True
864,5,basic,9.99,failed,0.0,True
865,5,basic,9.99,paid,9.99,True
866,5,pro,19.99,paid,19.99,True
867,5,basic,9.99,paid,9.99,True
868,5,basic,9.99,failed,0.0,True
869,5,premium,29.99,paid,29.99,True
870,5,premium,29.99,failed,0.0,False
871,5,basic,9.99,paid,9.99,True
872,5,basic,9.99,paid,9.99,True
873,5,pro,19.99,paid,19.99,True
874,5,basic,9.99,paid,9.99,True
875,5,basic,9.99,paid,9.99,True
876,5,basic,9.99,paid,9.99,True
877,5,pro,19.99,paid,19.99,True
878,5,pro,19.99,paid,19.99,True
879,5,basic,9.99,paid,9.99,True
880,5,basic,9.99,paid,9.99,True
881,5,basic,9.99,paid,9.99,True
882,5,pro,19.99,paid,19.99,True
883,5,basic,9.99,paid,9.99,True
884,5,basic,9.99,paid,9.99,True
885,5,pro,19.99,failed,0.0,False
886,5,basic,9.99,paid,9.99,True
887,5,pro,19.99,paid,19.99,True
888,5,basic,9.99,paid,9.99,True
889,5,basic,9.99,paid,9.99,True
890,5,basic,9.99,paid,9.99,True
891,5,pro,19.99,paid,19.99,True
892,5,premium,29.99,paid,29.99,True
893,5,pro,19.99,paid,19.99,True
894,5,basic,9.99,paid,9.99,True
895,5,pro,19.99,failed,0.0,True
896,5,basic,9.99,paid,9.99,True
897,5,basic,9.99,paid,9.99,True
898,5,premium,29.99,paid,29.99,True
899,5,basic,9.99,paid,9.99,True
900,5,basic,9.99,paid,9.99,True
901,5,basic,9.99,failed,0.0,False
902,5,basic,9.99,failed,0.0,True
903,5,basic,9.99,paid,9.99,True
904,5,pro,19.99,paid,19.99,True
905,5,basic,9.99,paid,9.99,True
906,5,premium,29.99,failed,0.0,True
907,5,pro,19.99,paid,19.99,True
908,5,basic,9.99,paid,9.99,True
909,5,basic,9.99,paid,9.99,True
910,5,basic,9.99,paid,9.99,True
911,5,pro,19.99,paid,19.99,True
912,5,basic,9.99,paid,9.99,True
913,5,pro,19.99,paid,19.99,True
914,5,basic,9.99,paid,9.99,True
915,5,pro,19.99,paid,19.99,True
916,5,basic,9.99,paid,9.99,True
917,5,basic,9.99,paid,9.99,True
918,5,premium,29.99,paid,29.99,True
919,5,pro,19.99,paid,19.99,True
920,5,basic,9.99,paid,9.99,True
921,5,premium,29.99,failed,0.0,False
922,5,basic,9.99,paid,9.99,True
923,5,premium,29.99,paid,29.99,True
924,5,pro,19.99,paid,19.99,True
925,5,basic,9.99,paid,9.99,True
926,5,basic,9.99,paid,9.99,True
927,5,basic,9.99,failed,0.0,True
928,5,pro,19.99,paid,19.99,True
929,5,pro,19.99,paid,19.99,True
930,5,basic,9.99,paid,9.99,True
931,5,basic,9.99,paid,9.99,True
932,5,pro,19.99,paid,19.99,True
933,5,premium,29.99,paid,29.99,True
934,5,pro,19.99,paid,19.99,True
935,5,basic,9.99,paid,9.99,True
936,5,basic,9.99,failed,0.0,False
937,5,basic,9.99,paid,9.99,True
938,5,premium,29.99,paid,29.99,True
939,5,basic,9.99,paid,9.99,True
940,5,pro,19.99,paid,19.99,True
941,5,basic,9.99,paid,9.99,True
942,5,pro,19.99,paid,19.99,True
943,5,pro,19.99,paid,19.99,True
944,5,pro,19.99,paid,19.99,True
945,5,basic,9.99,paid,9.99,True
946,5,basic,9.99,paid,9.99,True
947,5,basic,9.99,paid,9.99,True
948,5,premium,29.99,paid,29.99,True
949,5,premium,29.99,paid,29.99,True
950,5,pro,19.99,paid,19.99,True
951,5,pro,19.99,failed,0.0,False
952,5,pro,19.99,paid,19.99,True
953,5,basic,9.99,paid,9.99,True
954,5,premium,29.99,paid,29.99,True
955,5,basic,9.99,failed,0.0,True
956,5,basic,9.99,paid,9.99,True
957,5,pro,19.99,paid,19.99,True
958,5,basic,9.99,paid,9.99,True
959,5,basic,9.99,paid,9.99,True
960,5,pro,19.99,failed,0.0,False
961,5,basic,9.99,paid,9.99,True
962,5,pro,19.99,paid,19.99,True
963,5,basic,9.99,paid,9.99,True
964,5,basic,9.99,paid,9.99,True
965,5,basic,9.99,paid,9.99,True
966,5,basic,9.99,paid,9.99,True
967,5,pro,19.99,paid,19.99,True
968,5,basic,9.99,paid,9.99,True
969,5,pro,19.99,paid,19.99,True
970,5,basic,9.99,paid,9.99,True
971,5,pro,19.99,paid,19.99,True
972,5,premium,29.99,failed,0.0,True
973,5,pro,19.99,failed,0.0,False
974,5,basic,9.99,paid,9.99,True
975,5,basic,9.99,failed,0.0,False
976,5,basic,9.99,paid,9.99,True
977,5,pro,19.99,paid,19.99,True
978,5,basic,9.99,paid,9.99,True
979,5,basic,9.99,paid,9.99,True
980,5,pro,19.99,paid,19.99,True
981,5,basic,9.99,paid,9.99,True
982,5,pro,19.99,paid,19.99,True
983,5,basic,9.99,failed,0.0,True
984,5,basic,9.99,paid,9.99,True
985,5,pro,19.99,paid,19.99,True
986,5,basic,9.99,paid,9.99,True
987,5,pro,19.99,paid,19.99,True
988,5,basic,9.99,paid,9.99,True
989,5,basic,9.99,paid,9.99,True
990,5,pro,19.99,paid,19.99,True
991,5,pro,19.99,paid,19.99,True
992,5,pro,19.99,paid,19.99,True
993,5,basic,9.99,failed,0.0,False
994,5,pro,19.99,failed,0.0,False
995,5,basic,9.99,paid,9.99,True
996,5,basic,9.99,paid,9.99,True
997,5,premium,29.99,paid,29.99,True
998,5,basic,9.99,paid,9.99,True
999,5,premium,29.99,failed,0.0,True
1000,5,basic,9.99,paid,9.99,True
1,6,basic,9.99,paid,9.99,True
2,6,premium,29.99,paid,29.99,True
3,6,pro,19.99,paid,19.99,True
4,6,pro,19.99,paid,19.99,True
5,6,basic,9.99,failed,0.0,False
6,6,basic,9.99,failed,0.0,False
7,6,basic,9.99,paid,9.99,True
8,6,premium,29.99,paid,29.99,True
9,6,pro,19.99,paid,19.99,True
10,6,pro,19.99,paid,19.99,True
11,6,basic,9.99,paid,9.99,True
12,6,premium,29.99,paid,29.99,True
13,6,pro,19.99,paid,19.99,True
14,6,basic,9.99,failed,0.0,False
15,6,basic,9.99,paid,9.99,True
16,6,basic,9.99,paid,9.99,True
17,6,basic,9.99,paid,9.99,True
18,6,pro,19.99,paid,19.99,True
19,6,basic,9.99,paid,9.99,True
20,6,basic,9.99,paid,9.99,True
21,6,pro,19.99,paid,19.99,True
22,6,basic,9.99,paid,9.99,True
23,6,basic,9.99,paid,9.99,True
24,6,basic,9.99,paid,9.99,True
25,6,basic,9.99,paid,9.99,True
26,6,pro,19.99,paid,19.99,True
27,6,basic,9.99,paid,9.99,True
28,6,pro,19.99,paid,19.99,True
29,6,pro,19.99,paid,19.99,True
30,6,basic,9.99,paid,9.99,True
31,6,pro,19.99,paid,19.99,True
32,6,basic,9.99,failed,0.0,True
33,6,basic,9.99,failed,0.0,False
34,6,premium,29.99,paid,29.99,True
35,6,premium,29.99,paid,29.99,True
36,6,pro,19.99,paid,19.99,True
37,6,basic,9.99,paid,9.99,True
38,6,basic,9.99,paid,9.99,True
39,6,pro,19.99,paid,19.99,True
40,6,basic,9.99,paid,9.99,True
41,6,basic,9.99,paid,9.99,True
42,6,basic,9.99,paid,9.99,True
43,6,basic,9.99,paid,9.99,True
44,6,premium,29.99,paid,29.99,True
45,6,basic,9.99,paid,9.99,True
46,6,pro,19.99,paid,19.99,True
47,6,basic,9.99,failed,0.0,True
48,6,pro,19.99,paid,19.99,True
49,6,pro,19.99,paid,19.99,True
50,6,basic,9.99,paid,9.99,True
51,6,premium,29.99,paid,29.99,True
52,6,pro,19.99,failed,0.0,False
53,6,premium,29.99,paid,29.99,True
54,6,premium,29.99,paid,29.99,True
55,6,pro,19.99,paid,19.99,True
56,6,premium,29.99,paid,29.99,True
57,6,basic,9.99,paid,9.99,True
58,6,basic,9.99,failed,0.0,True
59,6,basic,9.99,paid,9.99,True
60,6,basic,9.99,paid,9.99,True
61,6,basic,9.99,paid,9.99,True
62,6,basic,9.99,paid,9.99,True
63,6,pro,19.99,paid,19.99,True
64,6,basic,9.99,paid,9.99,True
65,6,basic,9.99,paid,9.99,True
66,6,pro,19.99,paid,19.99,True
67,6,basic,9.99,paid,9.99,True
68,6,pro,19.99,paid,19.99,True
69,6,basic,9.99,failed,0.0,False
70,6,premium,29.99,paid,29.99,True
71,6,pro,19.99,paid,19.99,True
72,6,basic,9.99,paid,9.99,True
73,6,basic,9.99,paid,9.99,True
74,6,pro,19.99,paid,19.99,True
75,6,pro,19.99,paid,19.99,True
76,6,pro,19.99,paid,19.99,True
77,6,pro,19.99,paid,19.99,True
78,6,basic,9.99,paid,9.99,True
79,6,basic,9.99,failed,0.0,True
80,6,basic,9.99,paid,9.99,True
81,6,premium,29.99,paid,29.99,True
82,6,pro,19.99,paid,19.99,True
83,6,basic,9.99,paid,9.99,True
84,6,basic,9.99,paid,9.99,True
85,6,basic,9.99,paid,9.99,True
86,6,basic,9.99,paid,9.99,True
87,6,pro,19.99,paid,19.99,True
88,6,pro,19.99,failed,0.0,False
89,6,premium,29.99,failed,0.0,True
90,6,basic,9.99,paid,9.99,True
91,6,basic,9.99,paid,9.99,True
92,6,pro,19.99,paid,19.99,True
93,6,pro,19.99,paid,19.99,True
94,6,pro,19.99,paid,19.99,True
95,6,pro,19.99,paid,19.99,True
96,6,basic,9.99,paid,9.99,True
97,6,pro,19.99,paid,19.99,True
98,6,basic,9.99,failed,0.0,False
99,6,basic,9.99,paid,9.99,True
100,6,basic,9.99,failed,0.0,False
101,6,basic,9.99,paid,9.99,True
102,6,pro,19.99,failed,0.0,False
103,6,basic,9.99,failed,0.0,False
104,6,pro,19.99,failed,0.0,True
105,6,premium,29.99,failed,0.0,True
106,6,basic,9.99,failed,0.0,False
107,6,basic,9.99,failed,0.0,False
108,6,pro,19.99,paid,19.99,True
109,6,basic,9.99,failed,0.0,False
110,6,basic,9.99,paid,9.99,True
111,6,basic,9.99,paid,9.99,True
112,6,basic,9.99,paid,9.99,True
113,6,premium,29.99,paid,29.99,True
114,6,pro,19.99,paid,19.99,True
115,6,pro,19.99,paid,19.99,True
116,6,premium,29.99,paid,29.99,True
117,6,pro,19.99,paid,19.99,True
118,6,basic,9.99,paid,9.99,True
119,6,premium,29.99,failed,0.0,False
120,6,pro,19.99,failed,0.0,False
121,6,pro,19.99,paid,19.99,True
122,6,premium,29.99,failed,0.0,True
123,6,basic,9.99,paid,9.99,True
124,6,basic,9.99,failed,0.0,False
125,6,basic,9.99,paid,9.99,True
126,6,basic,9.99,paid,9.99,True
127,6,pro,19.99,paid,19.99,True
128,6,premium,29.99,paid,29.99,True
129,6,basic,9.99,paid,9.99,True
130,6,pro,19.99,paid,19.99,True
131,6,basic,9.99,paid,9.99,True
132,6,basic,9.99,paid,9.99,True
133,6,basic,9.99,paid,9.99,True
134,6,basic,9.99,failed,0.0,False
135,6,premium,29.99,paid,29.99,True
136,6,basic,9.99,paid,9.99,True
137,6,pro,19.99,paid,19.99,True
138,6,pro,19.99,paid,19.99,True
139,6,basic,9.99,paid,9.99,True
140,6,premium,29.99,paid,29.99,True
141,6,premium,29.99,paid,29.99,True
142,6,basic,9.99,paid,9.99,True
143,6,basic,9.99,failed,0.0,False
144,6,basic,9.99,paid,9.99,True
145,6,basic,9.99,paid,9.99,True
146,6,basic,9.99,paid,9.99,True
147,6,pro,19.99,failed,0.0,False
148,6,pro,19.99,paid,19.99,True
149,6,basic,9.99,paid,9.99,True
150,6,basic,9.99,paid,9.99,True
151,6,premium,29.99,paid,29.99,True
152,6,basic,9.99,paid,9.99,True
153,6,basic,9.99,paid,9.99,True
154,6,basic,9.99,paid,9.99,True
155,6,premium,29.99,paid,29.99,True
156,6,basic,9.99,paid,9.99,True
157,6,pro,19.99,paid,19.99,True
158,6,pro,19.99,paid,19.99,True
159,6,basic,9.99,paid,9.99,True
160,6,pro,19.99,paid,19.99,True
161,6,basic,9.99,failed,0.0,False
162,6,pro,19.99,paid,19.99,True
163,6,pro,19.99,paid,19.99,True
164,6,pro,19.99,paid,19.99,True
165,6,basic,9.99,paid,9.99,True
166,6,pro,19.99,paid,19.99,True
167,6,basic,9.99,paid,9.99,True
168,6,basic,9.99,paid,9.99,True
169,6,basic,9.99,paid,9.99,True
170,6,pro,19.99,failed,0.0,False
171,6,pro,19.99,paid,19.99,True
172,6,basic,9.99,paid,9.99,True
173,6,pro,19.99,paid,19.99,True
174,6,basic,9.99,paid,9.99,True
175,6,pro,19.99,paid,19.99,True
176,6,basic,9.99,paid,9.99,True
177,6,pro,19.99,failed,0.0,False
178,6,basic,9.99,paid,9.99,True
179,6,premium,29.99,paid,29.99,True
180,6,basic,9.99,paid,9.99,True
181,6,basic,9.99,failed,0.0,False
182,6,basic,9.99,paid,9.99,True
183,6,premium,29.99,paid,29.99,True
184,6,premium,29.99,paid,29.99,True
185,6,basic,9.99,paid,9.99,True
186,6,pro,19.99,paid,19.99,True
187,6,pro,19.99,paid,19.99,True
188,6,pro,19.99,paid,19.99,True
189,6,pro,19.99,paid,19.99,True
190,6,basic,9.99,paid,9.99,True
191,6,basic,9.99,paid,9.99,True
192,6,premium,29.99,paid,29.99,True
193,6,premium,29.99,paid,29.99,True
194,6,pro,19.99,paid,19.99,True
195,6,basic,9.99,paid,9.99,True
196,6,basic,9.99,failed,0.0,False
197,6,pro,19.99,paid,19.99,True
198,6,premium,29.99,paid,29.99,True
199,6,premium,29.99,failed,0.0,False
200,6,pro,19.99,failed,0.0,False
201,6,pro,19.99,paid,19.99,True
202,6,basic,9.99,paid,9.99,True
203,6,basic,9.99,paid,9.99,True
204,6,premium,29.99,paid,29.99,True
205,6,pro,19.99,paid,19.99,True
206,6,basic,9.99,paid,9.99,True
207,6,basic,9.99,paid,9.99,True
208,6,pro,19.99,paid,19.99,True
209,6,basic,9.99,paid,9.99,True
210,6,basic,9.99,paid,9.99,True
211,6,pro,19.99,paid,19.99,True
212,6,pro,19.99,paid,19.99,True
213,6,pro,19.99,paid,19.99,True
214,6,basic,9.99,paid,9.99,True
215,6,pro,19.99,paid,19.99,True
216,6,basic,9.99,paid,9.99,True
217,6,basic,9.99,paid,9.99,True
218,6,pro,19.99,failed,0.0,False
219,6,pro,19.99,paid,19.99,True
220,6,pro,19.99,paid,19.99,True
221,6,pro,19.99,paid,19.99,True
222,6,pro,19.99,paid,19.99,True
223,6,basic,9.99,paid,9.99,True
224,6,basic,9.99,paid,9.99,True
225,6,basic,9.99,paid,9.99,True
226,6,basic,9.99,failed,0.0,False
227,6,premium,29.99,paid,29.99,True
228,6,basic,9.99,failed,0.0,False
229,6,premium,29.99,paid,29.99,True
230,6,pro,19.99,paid,19.99,True
231,6,pro,19.99,paid,19.99,True
232,6,pro,19.99,paid,19.99,True
233,6,pro,19.99,paid,19.99,True
234,6,basic,9.99,paid,9.99,True
235,6,basic,9.99,paid,9.99,True
236,6,pro,19.99,failed,0.0,True
237,6,basic,9.99,failed,0.0,False
238,6,basic,9.99,failed,0.0,False
239,6,pro,19.99,paid,19.99,True
240,6,basic,9.99,paid,9.99,True
241,6,premium,29.99,paid,29.99,True
242,6,premium,29.99,paid,29.99,True
243,6,premium,29.99,paid,29.99,True
244,6,basic,9.99,paid,9.99,True
245,6,basic,9.99,paid,9.99,True
246,6,premium,29.99,paid,29.99,True
247,6,basic,9.99,paid,9.99,True
248,6,premium,29.99,paid,29.99,True
249,6,premium,29.99,paid,29.99,True
250,6,premium,29.99,paid,29.99,True
251,6,basic,9.99,paid,9.99,True
252,6,basic,9.99,paid,9.99,True
253,6,premium,29.99,paid,29.99,True
254,6,basic,9.99,paid,9.99,True
255,6,basic,9.99,paid,9.99,True
256,6,pro,19.99,failed,0.0,False
257,6,premium,29.99,failed,0.0,False
258,6,pro,19.99,paid,19.99,True
259,6,pro,19.99,failed,0.0,True
260,6,basic,9.99,paid,9.99,True
261,6,pro,19.99,failed,0.0,False
262,6,premium,29.99,paid,29.99,True
263,6,basic,9.99,paid,9.99,True
264,6,pro,19.99,paid,19.99,True
265,6,premium,29.99,failed,0.0,False
266,6,pro,19.99,failed,0.0,False
267,6,pro,19.99,paid,19.99,True
268,6,pro,19.99,paid,19.99,True
269,6,basic,9.99,paid,9.99,True
270,6,basic,9.99,paid,9.99,True
271,6,pro,19.99,paid,19.99,True
272,6,pro,19.99,paid,19.99,True
273,6,premium,29.99,paid,29.99,True
274,6,premium,29.99,paid,29.99,True
275,6,pro,19.99,failed,0.0,False
276,6,pro,19.99,paid,19.99,True
277,6,pro,19.99,failed,0.0,False
278,6,pro,19.99,paid,19.99,True
279,6,pro,19.99,paid,19.99,True
280,6,pro,19.99,paid,19.99,True
281,6,premium,29.99,paid,29.99,True
282,6,basic,9.99,failed,0.0,False
283,6,basic,9.99,paid,9.99,True
284,6,basic,9.99,paid,9.99,True
285,6,pro,19.99,paid,19.99,True
286,6,basic,9.99,paid,9.99,True
287,6,basic,9.99,paid,9.99,True
288,6,pro,19.99,paid,19.99,True
289,6,basic,9.99,paid,9.99,True
290,6,pro,19.99,paid,19.99,True
291,6,basic,9.99,paid,9.99,True
292,6,basic,9.99,failed,0.0,True
293,6,pro,19.99,failed,0.0,False
294,6,basic,9.99,failed,0.0,False
295,6,basic,9.99,paid,9.99,True
296,6,pro,19.99,paid,19.99,True
297,6,pro,19.99,paid,19.99,True
298,6,basic,9.99,paid,9.99,True
299,6,pro,19.99,paid,19.99,True
300,6,basic,9.99,paid,9.99,True
301,6,basic,9.99,paid,9.99,True
302,6,pro,19.99,paid,19.99,True
303,6,pro,19.99,paid,19.99,True
304,6,pro,19.99,paid,19.99,True
305,6,pro,19.99,paid,19.99,True
306,6,premium,29.99,failed,0.0,False
307,6,pro,19.99,failed,0.0,False
308,6,basic,9.99,paid,9.99,True
309,6,pro,19.99,paid,19.99,True
310,6,basic,9.99,paid,9.99,True
311,6,basic,9.99,paid,9.99,True
312,6,basic,9.99,paid,9.99,True
313,6,basic,9.99,paid,9.99,True
314,6,premium,29.99,paid,29.99,True
315,6,pro,19.99,paid,19.99,True
316,6,pro,19.99,paid,19.99,True
317,6,basic,9.99,paid,9.99,True
318,6,basic,9.99,paid,9.99,True
319,6,basic,9.99,paid,9.99,True
320,6,basic,9.99,failed,0.0,False
321,6,pro,19.99,failed,0.0,False
322,6,pro,19.99,paid,19.99,True
323,6,pro,19.99,paid,19.99,True
324,6,basic,9.99,failed,0.0,False
325,6,premium,29.99,paid,29.99,True
326,6,pro,19.99,failed,0.0,True
327,6,pro,19.99,paid,19.99,True
328,6,pro,19.99,paid,19.99,True
329,6,basic,9.99,paid,9.99,True
330,6,basic,9.99,paid,9.99,True
331,6,basic,9.99,paid,9.99,True
332,6,pro,19.99,paid,19.99,True
333,6,basic,9.99,paid,9.99,True
334,6,basic,9.99,failed,0.0,True
335,6,basic,9.99,paid,9.99,True
336,6,basic,9.99,paid,9.99,True
337,6,premium,29.99,paid,29.99,True
338,6,pro,19.99,paid,19.99,True
339,6,basic,9.99,paid,9.99,True
340,6,basic,9.99,paid,9.99,True
341,6,basic,9.99,paid,9.99,True
342,6,basic,9.99,paid,9.99,True
343,6,basic,9.99,paid,9.99,True
344,6,basic,9.99,paid,9.99,True
345,6,basic,9.99,paid,9.99,True
346,6,pro,19.99,paid,19.99,True
347,6,pro,19.99,paid,19.99,True
348,6,basic,9.99,paid,9.99,True
349,6,basic,9.99,failed,0.0,False
350,6,pro,19.99,paid,19.99,True
351,6,pro,19.99,paid,19.99,True
352,6,premium,29.99,paid,29.99,True
353,6,pro,19.99,failed,0.0,False
354,6,basic,9.99,paid,9.99,True
355,6,basic,9.99,paid,9.99,True
356,6,pro,19.99,paid,19.99,True
357,6,basic,9.99,paid,9.99,True
358,6,pro,19.99,paid,19.99,True
359,6,premium,29.99,failed,0.0,False
360,6,pro,19.99,paid,19.99,True
361,6,basic,9.99,paid,9.99,True
362,6,pro,19.99,paid,19.99,True
363,6,basic,9.99,paid,9.99,True
364,6,pro,19.99,paid,19.99,True
365,6,premium,29.99,paid,29.99,True
366,6,basic,9.99,failed,0.0,False
367,6,premium,29.99,paid,29.99,True
368,6,premium,29.99,paid,29.99,True
369,6,basic,9.99,paid,9.99,True
370,6,basic,9.99,paid,9.99,True
371,6,basic,9.99,paid,9.99,True
372,6,basic,9.99,paid,9.99,True
373,6,basic,9.99,paid,9.99,True
374,6,pro,19.99,paid,19.99,True
375,6,basic,9.99,failed,0.0,False
376,6,basic,9.99,failed,0.0,False
377,6,pro,19.99,paid,19.99,True
378,6,basic,9.99,paid,9.99,True
379,6,pro,19.99,failed,0.0,True
380,6,basic,9.99,paid,9.99,True
381,6,basic,9.99,failed,0.0,False
382,6,pro,19.99,paid,19.99,True
383,6,pro,19.99,paid,19.99,True
384,6,premium,29.99,paid,29.99,True
385,6,pro,19.99,paid,19.99,True
386,6,pro,19.99,paid,19.99,True
387,6,basic,9.99,paid,9.99,True
388,6,basic,9.99,paid,9.99,True
389,6,pro,19.99,paid,19.99,True
390,6,pro,19.99,paid,19.99,True
391,6,premium,29.99,paid,29.99,True
392,6,basic,9.99,paid,9.99,True
393,6,basic,9.99,paid,9.99,True
394,6,pro,19.99,paid,19.99,True
395,6,basic,9.99,paid,9.99,True
396,6,premium,29.99,paid,29.99,True
397,6,premium,29.99,paid,29.99,True
398,6,basic,9.99,paid,9.99,True
399,6,pro,19.99,paid,19.99,True
400,6,pro,19.99,paid,19.99,True
401,6,basic,9.99,paid,9.99,True
402,6,premium,29.99,paid,29.99,True
403,6,pro,19.99,failed,0.0,False
404,6,pro,19.99,paid,19.99,True
405,6,basic,9.99,paid,9.99,True
406,6,premium,29.99,failed,0.0,True
407,6,basic,9.99,paid,9.99,True
408,6,basic,9.99,paid,9.99,True
409,6,premium,29.99,paid,29.99,True
410,6,basic,9.99,paid,9.99,True
411,6,basic,9.99,paid,9.99,True
412,6,premium,29.99,paid,29.99,True
413,6,premium,29.99,paid,29.99,True
414,6,pro,19.99,paid,19.99,True
415,6,pro,19.99,paid,19.99,True
416,6,basic,9.99,paid,9.99,True
417,6,basic,9.99,paid,9.99,True
418,6,basic,9.99,paid,9.99,True
419,6,pro,19.99,paid,19.99,True
420,6,pro,19.99,paid,19.99,True
421,6,pro,19.99,paid,19.99,True
422,6,pro,19.99,paid,19.99,True
423,6,basic,9.99,failed,0.0,False
424,6,basic,9.99,paid,9.99,True
425,6,basic,9.99,failed,0.0,False
426,6,pro,19.99,failed,0.0,False
427,6,basic,9.99,paid,9.99,True
428,6,premium,29.99,paid,29.99,True
429,6,basic,9.99,paid,9.99,True
430,6,basic,9.99,failed,0.0,False
431,6,basic,9.99,paid,9.99,True
432,6,pro,19.99,paid,19.99,True
433,6,pro,19.99,paid,19.99,True
434,6,basic,9.99,paid,9.99,True
435,6,basic,9.99,paid,9.99,True
436,6,pro,19.99,paid,19.99,True
437,6,basic,9.99,paid,9.99,True
438,6,pro,19.99,failed,0.0,False
439,6,pro,19.99,paid,19.99,True
440,6,basic,9.99,failed,0.0,False
441,6,basic,9.99,failed,0.0,False
442,6,premium,29.99,paid,29.99,True
443,6,basic,9.99,failed,0.0,False
444,6,basic,9.99,paid,9.99,True
445,6,pro,19.99,failed,0.0,False
446,6,premium,29.99,paid,29.99,True
447,6,premium,29.99,paid,29.99,True
448,6,pro,19.99,paid,19.99,True
449,6,basic,9.99,failed,0.0,False
450,6,basic,9.99,paid,9.99,True
451,6,pro,19.99,failed,0.0,True
452,6,pro,19.99,failed,0.0,True
453,6,basic,9.99,paid,9.99,True
454,6,premium,29.99,paid,29.99,True
455,6,basic,9.99,paid,9.99,True
456,6,basic,9.99,paid,9.99,True
457,6,basic,9.99,paid,9.99,True
458,6,basic,9.99,paid,9.99,True
459,6,basic,9.99,failed,0.0,False
460,6,basic,9.99,paid,9.99,True
461,6,basic,9.99,paid,9.99,True
462,6,pro,19.99,paid,19.99,True
463,6,pro,19.99,paid,19.99,True
464,6,pro,19.99,paid,19.99,True
465,6,premium,29.99,paid,29.99,True
466,6,basic,9.99,paid,9.99,True
467,6,basic,9.99,failed,0.0,False
468,6,premium,29.99,failed,0.0,True
469,6,basic,9.99,paid,9.99,True
470,6,premium,29.99,paid,29.99,True
471,6,basic,9.99,paid,9.99,True
472,6,premium,29.99,failed,0.0,False
473,6,basic,9.99,paid,9.99,True
474,6,premium,29.99,paid,29.99,True
475,6,pro,19.99,paid,19.99,True
476,6,premium,29.99,paid,29.99,True
477,6,basic,9.99,paid,9.99,True
478,6,pro,19.99,paid,19.99,True
479,6,premium,29.99,paid,29.99,True
480,6,pro,19.99,paid,19.99,True
481,6,pro,19.99,paid,19.99,True
482,6,pro,19.99,paid,19.99,True
483,6,basic,9.99,failed,0.0,True
484,6,pro,19.99,paid,19.99,True
485,6,pro,19.99,paid,19.99,True
486,6,premium,29.99,paid,29.99,True
487,6,basic,9.99,paid,9.99,True
488,6,basic,9.99,paid,9.99,True
489,6,premium,29.99,paid,29.99,True
490,6,premium,29.99,paid,29.99,True
491,6,basic,9.99,paid,9.99,True
492,6,pro,19.99,paid,19.99,True
493,6,basic,9.99,paid,9.99,True
494,6,basic,9.99,paid,9.99,True
495,6,basic,9.99,paid,9.99,True
496,6,basic,9.99,paid,9.99,True
497,6,pro,19.99,paid,19.99,True
498,6,basic,9.99,paid,9.99,True
499,6,premium,29.99,paid,29.99,True
500,6,premium,29.99,paid,29.99,True
501,6,pro,19.99,paid,19.99,True
502,6,pro,19.99,paid,19.99,True
503,6,basic,9.99,paid,9.99,True
504,6,pro,19.99,paid,19.99,True
505,6,pro,19.99,paid,19.99,True
506,6,basic,9.99,failed,0.0,False
507,6,premium,29.99,paid,29.99,True
508,6,pro,19.99,paid,19.99,True
509,6,premium,29.99,paid,29.99,True
510,6,pro,19.99,paid,19.99,True
511,6,pro,19.99,failed,0.0,False
512,6,basic,9.99,paid,9.99,True
513,6,premium,29.99,paid,29.99,True
514,6,premium,29.99,paid,29.99,True
515,6,basic,9.99,failed,0.0,False
516,6,basic,9.99,paid,9.99,True
517,6,basic,9.99,paid,9.99,True
518,6,pro,19.99,paid,19.99,True
519,6,premium,29.99,paid,29.99,True
520,6,basic,9.99,failed,0.0,True
521,6,pro,19.99,paid,19.99,True
522,6,basic,9.99,paid,9.99,True
523,6,premium,29.99,paid,29.99,True
524,6,pro,19.99,paid,19.99,True
525,6,pro,19.99,paid,19.99,True
526,6,basic,9.99,paid,9.99,True
527,6,basic,9.99,paid,9.99,True
528,6,basic,9.99,paid,9.99,True
529,6,basic,9.99,failed,0.0,False
530,6,premium,29.99,paid,29.99,True
531,6,pro,19.99,paid,19.99,True
532,6,premium,29.99,paid,29.99,True
533,6,premium,29.99,failed,0.0,True
534,6,pro,19.99,failed,0.0,False
535,6,pro,19.99,paid,19.99,True
536,6,premium,29.99,paid,29.99,True
537,6,pro,19.99,paid,19.99,True
538,6,basic,9.99,paid,9.99,True
539,6,basic,9.99,failed,0.0,True
540,6,basic,9.99,paid,9.99,True
541,6,premium,29.99,paid,29.99,True
542,6,pro,19.99,paid,19.99,True
543,6,basic,9.99,failed,0.0,False
544,6,pro,19.99,paid,19.99,True
545,6,pro,19.99,paid,19.99,True
546,6,basic,9.99,paid,9.99,True
547,6,basic,9.99,paid,9.99,True
548,6,pro,19.99,paid,19.99,True
549,6,pro,19.99,paid,19.99,True
550,6,pro,19.99,paid,19.99,True
551,6,pro,19.99,paid,19.99,True
552,6,premium,29.99,paid,29.99,True
553,6,pro,19.99,paid,19.99,True
554,6,pro,19.99,failed,0.0,False
555,6,premium,29.99,paid,29.99,True
556,6,basic,9.99,paid,9.99,True
557,6,basic,9.99,paid,9.99,True
558,6,basic,9.99,failed,0.0,False
559,6,pro,19.99,paid,19.99,True
560,6,pro,19.99,paid,19.99,True
561,6,pro,19.99,paid,19.99,True
562,6,basic,9.99,paid,9.99,True
563,6,basic,9.99,paid,9.99,True
564,6,basic,9.99,paid,9.99,True
565,6,basic,9.99,paid,9.99,True
566,6,pro,19.99,paid,19.99,True
567,6,basic,9.99,failed,0.0,False
568,6,basic,9.99,paid,9.99,True
569,6,premium,29.99,paid,29.99,True
570,6,basic,9.99,paid,9.99,True
571,6,pro,19.99,paid,19.99,True
572,6,pro,19.99,paid,19.99,True
573,6,basic,9.99,paid,9.99,True
574,6,pro,19.99,paid,19.99,True
575,6,premium,29.99,paid,29.99,True
576,6,premium,29.99,paid,29.99,True
577,6,basic,9.99,paid,9.99,True
578,6,premium,29.99,paid,29.99,True
579,6,basic,9.99,paid,9.99,True
580,6,basic,9.99,paid,9.99,True
581,6,basic,9.99,failed,0.0,False
582,6,premium,29.99,failed,0.0,False
583,6,basic,9.99,paid,9.99,True
584,6,basic,9.99,paid,9.99,True
585,6,pro,19.99,failed,0.0,False
586,6,basic,9.99,paid,9.99,True
587,6,basic,9.99,paid,9.99,True
588,6,basic,9.99,paid,9.99,True
589,6,basic,9.99,paid,9.99,True
590,6,basic,9.99,paid,9.99,True
591,6,basic,9.99,paid,9.99,True
592,6,pro,19.99,paid,19.99,True
593,6,basic,9.99,paid,9.99,True
594,6,basic,9.99,paid,9.99,True
595,6,premium,29.99,paid,29.99,True
596,6,basic,9.99,paid,9.99,True
597,6,pro,19.99,failed,0.0,False
598,6,basic,9.99,failed,0.0,False
599,6,basic,9.99,paid,9.99,True
600,6,basic,9.99,failed,0.0,False
601,6,basic,9.99,paid,9.99,True
602,6,basic,9.99,failed,0.0,False
603,6,basic,9.99,paid,9.99,True
604,6,basic,9.99,paid,9.99,True
605,6,basic,9.99,paid,9.99,True
606,6,basic,9.99,failed,0.0,True
607,6,basic,9.99,failed,0.0,True
608,6,basic,9.99,paid,9.99,True
609,6,pro,19.99,paid,19.99,True
610,6,pro,19.99,paid,19.99,True
611,6,basic,9.99,paid,9.99,True
612,6,pro,19.99,paid,19.99,True
613,6,pro,19.99,paid,19.99,True
614,6,basic,9.99,paid,9.99,True
615,6,premium,29.99,paid,29.99,True
616,6,premium,29.99,paid,29.99,True
617,6,basic,9.99,paid,9.99,True
618,6,basic,9.99,paid,9.99,True
619,6,pro,19.99,paid,19.99,True
620,6,pro,19.99,paid,19.99,True
621,6,basic,9.99,paid,9.99,True
622,6,basic,9.99,paid,9.99,True
623,6,basic,9.99,paid,9.99,True
624,6,basic,9.99,paid,9.99,True
625,6,pro,19.99,paid,19.99,True
626,6,basic,9.99,paid,9.99,True
627,6,basic,9.99,paid,9.99,True
628,6,pro,19.99,paid,19.99,True
629,6,basic,9.99,paid,9.99,True
630,6,basic,9.99,paid,9.99,True
631,6,pro,19.99,paid,19.99,True
632,6,premium,29.99,paid,29.99,True
633,6,pro,19.99,paid,19.99,True
634,6,pro,19.99,failed,0.0,False
635,6,basic,9.99,failed,0.0,False
636,6,basic,9.99,failed,0.0,False
637,6,pro,19.99,paid,19.99,True
638,6,basic,9.99,paid,9.99,True
639,6,basic,9.99,paid,9.99,True
640,6,basic,9.99,failed,0.0,False
641,6,basic,9.99,failed,0.0,False
642,6,basic,9.99,failed,0.0,False
643,6,basic,9.99,paid,9.99,True
644,6,basic,9.99,failed,0.0,False
645,6,basic,9.99,failed,0.0,False
646,6,premium,29.99,paid,29.99,True
647,6,pro,19.99,paid,19.99,True
648,6,pro,19.99,failed,0.0,False
649,6,pro,19.99,paid,19.99,True
650,6,basic,9.99,paid,9.99,True
651,6,basic,9.99,paid,9.99,True
652,6,pro,19.99,paid,19.99,True
653,6,pro,19.99,paid,19.99,True
654,6,pro,19.99,failed,0.0,False
655,6,basic,9.99,paid,9.99,True
656,6,basic,9.99,paid,9.99,True
657,6,basic,9.99,paid,9.99,True
658,6,basic,9.99,paid,9.99,True
659,6,pro,19.99,paid,19.99,True
660,6,pro,19.99,paid,19.99,True
661,6,basic,9.99,failed,0.0,False
662,6,premium,29.99,paid,29.99,True
663,6,pro,19.99,paid,19.99,True
664,6,basic,9.99,failed,0.0,False
665,6,basic,9.99,paid,9.99,True
666,6,basic,9.99,failed,0.0,False
667,6,basic,9.99,paid,9.99,True
668,6,basic,9.99,paid,9.99,True
669,6,basic,9.99,paid,9.99,True
670,6,basic,9.99,paid,9.99,True
671,6,basic,9.99,paid,9.99,True
672,6,premium,29.99,paid,29.99,True
673,6,basic,9.99,paid,9.99,True
674,6,pro,19.99,paid,19.99,True
675,6,basic,9.99,paid,9.99,True
676,6,premium,29.99,paid,29.99,True
677,6,basic,9.99,paid,9.99,True
678,6,basic,9.99,paid,9.99,True
679,6,premium,29.99,failed,0.0,True
680,6,premium,29.99,paid,29.99,True
681,6,pro,19.99,failed,0.0,False
682,6,basic,9.99,paid,9.99,True
683,6,basic,9.99,paid,9.99,True
684,6,pro,19.99,paid,19.99,True
685,6,premium,29.99,failed,0.0,True
686,6,pro,19.99,paid,19.99,True
687,6,pro,19.99,paid,19.99,True
688,6,basic,9.99,failed,0.0,True
689,6,pro,19.99,paid,19.99,True
690,6,basic,9.99,failed,0.0,False
691,6,basic,9.99,paid,9.99,True
692,6,basic,9.99,paid,9.99,True
693,6,pro,19.99,paid,19.99,True
694,6,basic,9.99,paid,9.99,True
695,6,basic,9.99,paid,9.99,True
696,6,pro,19.99,paid,19.99,True
697,6,basic,9.99,failed,0.0,False
698,6,pro,19.99,paid,19.99,True
699,6,basic,9.99,paid,9.99,True
700,6,basic,9.99,paid,9.99,True
701,6,pro,19.99,paid,19.99,True
702,6,basic,9.99,failed,0.0,False
703,6,basic,9.99,paid,9.99,True
704,6,basic,9.99,paid,9.99,True
705,6,basic,9.99,paid,9.99,True
706,6,premium,29.99,paid,29.99,True
707,6,basic,9.99,failed,0.0,False
708,6,pro,19.99,paid,19.99,True
709,6,basic,9.99,paid,9.99,True
710,6,pro,19.99,paid,19.99,True
711,6,pro,19.99,failed,0.0,True
712,6,pro,19.99,paid,19.99,True
713,6,basic,9.99,paid,9.99,True
714,6,basic,9.99,paid,9.99,True
715,6,basic,9.99,paid,9.99,True
716,6,premium,29.99,paid,29.99,True
717,6,pro,19.99,paid,19.99,True
718,6,premium,29.99,failed,0.0,False
719,6,basic,9.99,paid,9.99,True
720,6,pro,19.99,paid,19.99,True
721,6,premium,29.99,paid,29.99,True
722,6,basic,9.99,failed,0.0,False
723,6,basic,9.99,paid,9.99,True
724,6,pro,19.99,paid,19.99,True
725,6,pro,19.99,paid,19.99,True
726,6,pro,19.99,paid,19.99,True
727,6,basic,9.99,paid,9.99,True
728,6,pro,19.99,paid,19.99,True
729,6,basic,9.99,failed,0.0,False
730,6,basic,9.99,paid,9.99,True
731,6,basic,9.99,paid,9.99,True
732,6,pro,19.99,paid,19.99,True
733,6,pro,19.99,paid,19.99,True
734,6,pro,19.99,paid,19.99,True
735,6,basic,9.99,failed,0.0,False
736,6,premium,29.99,paid,29.99,True
737,6,basic,9.99,paid,9.99,True
738,6,pro,19.99,paid,19.99,True
739,6,basic,9.99,paid,9.99,True
740,6,basic,9.99,paid,9.99,True
741,6,basic,9.99,paid,9.99,True
742,6,basic,9.99,paid,9.99,True
743,6,pro,19.99,paid,19.99,True
744,6,pro,19.99,failed,0.0,False
745,6,basic,9.99,paid,9.99,True
746,6,premium,29.99,paid,29.99,True
747,6,basic,9.99,paid,9.99,True
748,6,pro,19.99,paid,19.99,True
749,6,premium,29.99,paid,29.99,True
750,6,pro,19.99,paid,19.99,True
751,6,basic,9.99,failed,0.0,False
752,6,premium,29.99,paid,29.99,True
753,6,pro,19.99,failed,0.0,True
754,6,basic,9.99,paid,9.99,True
755,6,basic,9.99,paid,9.99,True
756,6,pro,19.99,failed,0.0,True
757,6,pro,19.99,failed,0.0,False
758,6,pro,19.99,failed,0.0,True
759,6,premium,29.99,paid,29.99,True
760,6,pro,19.99,paid,19.99,True
761,6,basic,9.99,paid,9.99,True
762,6,basic,9.99,paid,9.99,True
763,6,basic,9.99,paid,9.99,True
764,6,pro,19.99,failed,0.0,False
765,6,basic,9.99,paid,9.99,True
766,6,pro,19.99,paid,19.99,True
767,6,pro,19.99,paid,19.99,True
768,6,premium,29.99,paid,29.99,True
769,6,basic,9.99,paid,9.99,True
770,6,pro,19.99,paid,19.99,True
771,6,basic,9.99,paid,9.99,True
772,6,pro,19.99,paid,19.99,True
773,6,basic,9.99,paid,9.99,True
774,6,basic,9.99,paid,9.99,True
775,6,pro,19.99,paid,19.99,True
776,6,basic,9.99,paid,9.99,True
777,6,basic,9.99,paid,9.99,True
778,6,pro,19.99,paid,19.99,True
779,6,pro,19.99,paid,19.99,True
780,6,pro,19.99,paid,19.99,True
781,6,pro,19.99,paid,19.99,True
782,6,pro,19.99,paid,19.99,True
783,6,basic,9.99,paid,9.99,True
784,6,basic,9.99,paid,9.99,True
785,6,basic,9.99,paid,9.99,True
786,6,premium,29.99,paid,29.99,True
787,6,pro,19.99,paid,19.99,True
788,6,basic,9.99,paid,9.99,True
789,6,basic,9.99,failed,0.0,True
790,6,premium,29.99,paid,29.99,True
791,6,basic,9.99,paid,9.99,True
792,6,pro,19.99,paid,19.99,True
793,6,pro,19.99,paid,19.99,True
794,6,pro,19.99,paid,19.99,True
795,6,basic,9.99,paid,9.99,True
796,6,premium,29.99,paid,29.99,True
797,6,premium,29.99,paid,29.99,True
798,6,pro,19.99,paid,19.99,True
799,6,pro,19.99,paid,19.99,True
800,6,premium,29.99,paid,29.99,True
801,6,pro,19.99,paid,19.99,True
802,6,basic,9.99,failed,0.0,False
803,6,pro,19.99,paid,19.99,True
804,6,pro,19.99,paid,19.99,True
805,6,basic,9.99,paid,9.99,True
806,6,pro,19.99,paid,19.99,True
807,6,premium,29.99,paid,29.99,True
808,6,premium,29.99,paid,29.99,True
809,6,basic,9.99,paid,9.99,True
810,6,basic,9.99,paid,9.99,True
811,6,premium,29.99,paid,29.99,True
812,6,pro,19.99,paid,19.99,True
813,6,basic,9.99,paid,9.99,True
814,6,premium,29.99,paid,29.99,True
815,6,premium,29.99,paid,29.99,True
816,6,pro,19.99,failed,0.0,False
817,6,pro,19.99,paid,19.99,True
818,6,basic,9.99,paid,9.99,True
819,6,basic,9.99,paid,9.99,True
820,6,basic,9.99,paid,9.99,True
821,6,pro,19.99,failed,0.0,False
822,6,basic,9.99,paid,9.99,True
823,6,basic,9.99,paid,9.99,True
824,6,basic,9.99,paid,9.99,True
825,6,pro,19.99,paid,19.99,True
826,6,premium,29.99,paid,29.99,True
827,6,basic,9.99,paid,9.99,True
828,6,basic,9.99,paid,9.99,True
829,6,pro,19.99,paid,19.99,True
830,6,basic,9.99,paid,9.99,True
831,6,basic,9.99,paid,9.99,True
832,6,basic,9.99,paid,9.99,True
833,6,basic,9.99,paid,9.99,True
834,6,basic,9.99,failed,0.0,False
835,6,basic,9.99,failed,0.0,False
836,6,basic,9.99,paid,9.99,True
837,6,premium,29.99,paid,29.99,True
838,6,basic,9.99,failed,0.0,False
839,6,pro,19.99,paid,19.99,True
840,6,pro,19.99,failed,0.0,True
841,6,basic,9.99,paid,9.99,True
842,6,pro,19.99,paid,19.99,True
843,6,basic,9.99,paid,9.99,True
844,6,premium,29.99,paid,29.99,True
845,6,basic,9.99,paid,9.99,True
846,6,basic,9.99,paid,9.99,True
847,6,basic,9.99,failed,0.0,False
848,6,premium,29.99,paid,29.99,True
849,6,pro,19.99,paid,19.99,True
850,6,pro,19.99,paid,19.99,True
851,6,basic,9.99,failed,0.0,False
852,6,pro,19.99,paid,19.99,True
853,6,basic,9.99,paid,9.99,True
854,6,premium,29.99,paid,29.99,True
855,6,basic,9.99,paid,9.99,True
856,6,basic,9.99,failed,0.0,False
857,6,basic,9.99,paid,9.99,True
858,6,basic,9.99,failed,0.0,True
859,6,pro,19.99,failed,0.0,False
860,6,basic,9.99,paid,9.99,True
861,6,pro,19.99,paid,19.99,True
862,6,basic,9.99,paid,9.99,True
863,6,pro,19.99,paid,19.99,True
864,6,basic,9.99,paid,9.99,True
865,6,basic,9.99,paid,9.99,True
866,6,pro,19.99,paid,19.99,True
867,6,basic,9.99,paid,9.99,True
868,6,basic,9.99,paid,9.99,True
869,6,premium,29.99,paid,29.99,True
870,6,premium,29.99,failed,0.0,False
871,6,basic,9.99,paid,9.99,True
872,6,basic,9.99,paid,9.99,True
873,6,pro,19.99,paid,19.99,True
874,6,basic,9.99,failed,0.0,True
875,6,basic,9.99,paid,9.99,True
876,6,basic,9.99,paid,9.99,True
877,6,pro,19.99,paid,19.99,True
878,6,pro,19.99,paid,19.99,True
879,6,basic,9.99,failed,0.0,False
880,6,basic,9.99,paid,9.99,True
881,6,basic,9.99,failed,0.0,False
882,6,pro,19.99,paid,19.99,True
883,6,basic,9.99,paid,9.99,True
884,6,basic,9.99,paid,9.99,True
885,6,pro,19.99,failed,0.0,False
886,6,basic,9.99,paid,9.99,True
887,6,pro,19.99,paid,19.99,True
888,6,basic,9.99,paid,9.99,True
889,6,basic,9.99,paid,9.99,True
890,6,basic,9.99,paid,9.99,True
891,6,pro,19.99,paid,19.99,True
892,6,premium,29.99,paid,29.99,True
893,6,pro,19.99,paid,19.99,True
894,6,basic,9.99,paid,9.99,True
895,6,pro,19.99,failed,0.0,True
896,6,basic,9.99,paid,9.99,True
897,6,basic,9.99,paid,9.99,True
898,6,premium,29.99,paid,29.99,True
899,6,basic,9.99,paid,9.99,True
900,6,basic,9.99,paid,9.99,True
901,6,basic,9.99,failed,0.0,False
902,6,basic,9.99,paid,9.99,True
903,6,basic,9.99,paid,9.99,True
904,6,pro,19.99,paid,19.99,True
905,6,basic,9.99,paid,9.99,True
906,6,premium,29.99,paid,29.99,True
907,6,pro,19.99,paid,19.99,True
908,6,basic,9.99,paid,9.99,True
909,6,basic,9.99,paid,9.99,True
910,6,basic,9.99,paid,9.99,True
911,6,pro,19.99,failed,0.0,False
912,6,basic,9.99,paid,9.99,True
913,6,pro,19.99,failed,0.0,False
914,6,basic,9.99,paid,9.99,True
915,6,pro,19.99,paid,19.99,True
916,6,basic,9.99,paid,9.99,True
917,6,basic,9.99,paid,9.99,True
918,6,premium,29.99,paid,29.99,True
919,6,pro,19.99,paid,19.99,True
920,6,basic,9.99,paid,9.99,True
921,6,premium,29.99,failed,0.0,False
922,6,basic,9.99,paid,9.99,True
923,6,premium,29.99,paid,29.99,True
924,6,pro,19.99,failed,0.0,False
925,6,basic,9.99,paid,9.99,True
926,6,basic,9.99,paid,9.99,True
927,6,basic,9.99,paid,9.99,True
928,6,pro,19.99,paid,19.99,True
929,6,pro,19.99,paid,19.99,True
930,6,basic,9.99,paid,9.99,True
931,6,basic,9.99,paid,9.99,True
932,6,pro,19.99,paid,19.99,True
933,6,premium,29.99,paid,29.99,True
934,6,pro,19.99,paid,19.99,True
935,6,basic,9.99,paid,9.99,True
936,6,basic,9.99,failed,0.0,False
937,6,basic,9.99,paid,9.99,True
938,6,premium,29.99,paid,29.99,True
939,6,basic,9.99,paid,9.99,True
940,6,pro,19.99,paid,19.99,True
941,6,basic,9.99,paid,9.99,True
942,6,pro,19.99,paid,19.99,True
943,6,pro,19.99,paid,19.99,True
944,6,pro,19.99,paid,19.99,True
945,6,basic,9.99,paid,9.99,True
946,6,basic,9.99,paid,9.99,True
947,6,basic,9.99,paid,9.99,True
948,6,premium,29.99,paid,29.99,True
949,6,premium,29.99,paid,29.99,True
950,6,pro,19.99,paid,19.99,True
951,6,pro,19.99,failed,0.0,False
952,6,pro,19.99,paid,19.99,True
953,6,basic,9.99,paid,9.99,True
954,6,premium,29.99,paid,29.99,True
955,6,basic,9.99,paid,9.99,True
956,6,basic,9.99,paid,9.99,True
957,6,pro,19.99,paid,19.99,True
958,6,basic,9.99,paid,9.99,True
959,6,basic,9.99,paid,9.99,True
960,6,pro,19.99,failed,0.0,False
961,6,basic,9.99,paid,9.99,True
962,6,pro,19.99,paid,19.99,True
963,6,basic,9.99,failed,0.0,True
964,6,basic,9.99,paid,9.99,True
965,6,basic,9.99,paid,9.99,True
966,6,basic,9.99,paid,9.99,True
967,6,pro,19.99,paid,19.99,True
968,6,basic,9.99,paid,9.99,True
969,6,pro,19.99,failed,0.0,True
970,6,basic,9.99,paid,9.99,True
971,6,pro,19.99,paid,19.99,True
972,6,premium,29.99,paid,29.99,True
973,6,pro,19.99,failed,0.0,False
974,6,basic,9.99,paid,9.99,True
975,6,basic,9.99,failed,0.0,False
976,6,basic,9.99,paid,9.99,True
977,6,pro,19.99,paid,19.99,True
978,6,basic,9.99,paid,9.99,True
979,6,basic,9.99,paid,9.99,True
980,6,pro,19.99,paid,19.99,True
981,6,basic,9.99,paid,9.99,True
982,6,pro,19.99,paid,19.99,True
983,6,basic,9.99,paid,9.99,True
984,6,basic,9.99,paid,9.99,True
985,6,pro,19.99,paid,19.99,True
986,6,basic,9.99,failed,0.0,True
987,6,pro,19.99,paid,19.99,True
988,6,basic,9.99,paid,9.99,True
989,6,basic,9.99,paid,9.99,True
990,6,pro,19.99,paid,19.99,True
991,6,pro,19.99,paid,19.99,True
992,6,pro,19.99,paid,19.99,True
993,6,basic,9.99,failed,0.0,False
994,6,pro,19.99,failed,0.0,False
995,6,basic,9.99,paid,9.99,True
996,6,basic,9.99,paid,9.99,True
997,6,premium,29.99,paid,29.99,True
998,6,basic,9.99,paid,9.99,True
999,6,premium,29.99,paid,29.99,True
1000,6,basic,9.99,paid,9.99,True
1,7,basic,9.99,paid,9.99,True
2,7,premium,29.99,paid,29.99,True
3,7,pro,19.99,failed,0.0,False
4,7,pro,19.99,paid,19.99,True
5,7,basic,9.99,failed,0.0,False
6,7,basic,9.99,failed,0.0,False
7,7,basic,9.99,paid,9.99,True
8,7,premium,29.99,paid,29.99,True
9,7,pro,19.99,paid,19.99,True
10,7,pro,19.99,paid,19.99,True
11,7,basic,9.99,paid,9.99,True
12,7,premium,29.99,paid,29.99,True
13,7,pro,19.99,paid,19.99,True
14,7,basic,9.99,failed,0.0,False
15,7,basic,9.99,paid,9.99,True
16,7,basic,9.99,failed,0.0,False
17,7,basic,9.99,paid,9.99,True
18,7,pro,19.99,paid,19.99,True
19,7,basic,9.99,paid,9.99,True
20,7,basic,9.99,paid,9.99,True
21,7,pro,19.99,paid,19.99,True
22,7,basic,9.99,paid,9.99,True
23,7,basic,9.99,failed,0.0,False
24,7,basic,9.99,paid,9.99,True
25,7,basic,9.99,failed,0.0,False
26,7,pro,19.99,paid,19.99,True
27,7,basic,9.99,paid,9.99,True
28,7,pro,19.99,paid,19.99,True
29,7,pro,19.99,paid,19.99,True
30,7,basic,9.99,paid,9.99,True
31,7,pro,19.99,paid,19.99,True
32,7,basic,9.99,paid,9.99,True
33,7,basic,9.99,failed,0.0,False
34,7,premium,29.99,paid,29.99,True
35,7,premium,29.99,paid,29.99,True
36,7,pro,19.99,paid,19.99,True
37,7,basic,9.99,paid,9.99,True
38,7,basic,9.99,failed,0.0,False
39,7,pro,19.99,paid,19.99,True
40,7,basic,9.99,paid,9.99,True
41,7,basic,9.99,paid,9.99,True
42,7,basic,9.99,paid,9.99,True
43,7,basic,9.99,paid,9.99,True
44,7,premium,29.99,paid,29.99,True
45,7,basic,9.99,paid,9.99,True
46,7,pro,19.99,paid,19.99,True
47,7,basic,9.99,paid,9.99,True
48,7,pro,19.99,paid,19.99,True
49,7,pro,19.99,paid,19.99,True
50,7,basic,9.99,paid,9.99,True
51,7,premium,29.99,paid,29.99,True
52,7,pro,19.99,failed,0.0,False
53,7,premium,29.99,paid,29.99,True
54,7,premium,29.99,paid,29.99,True
55,7,pro,19.99,failed,0.0,True
56,7,premium,29.99,paid,29.99,True
57,7,basic,9.99,paid,9.99,True
58,7,basic,9.99,paid,9.99,True
59,7,basic,9.99,paid,9.99,True
60,7,basic,9.99,failed,0.0,True
61,7,basic,9.99,paid,9.99,True
62,7,basic,9.99,failed,0.0,True
63,7,pro,19.99,paid,19.99,True
64,7,basic,9.99,paid,9.99,True
65,7,basic,9.99,paid,9.99,True
66,7,pro,19.99,paid,19.99,True
67,7,basic,9.99,paid,9.99,True
68,7,pro,19.99,paid,19.99,True
69,7,basic,9.99,failed,0.0,False
70,7,premium,29.99,paid,29.99,True
71,7,pro,19.99,paid,19.99,True
72,7,basic,9.99,paid,9.99,True
73,7,basic,9.99,paid,9.99,True
74,7,pro,19.99,paid,19.99,True
75,7,pro,19.99,paid,19.99,True
76,7,pro,19.99,paid,19.99,True
77,7,pro,19.99,paid,19.99,True
78,7,basic,9.99,paid,9.99,True
79,7,basic,9.99,paid,9.99,True
80,7,basic,9.99,paid,9.99,True
81,7,premium,29.99,paid,29.99,True
82,7,pro,19.99,paid,19.99,True
83,7,basic,9.99,failed,0.0,False
84,7,basic,9.99,paid,9.99,True
85,7,basic,9.99,paid,9.99,True
86,7,basic,9.99,failed,0.0,True
87,7,pro,19.99,paid,19.99,True
88,7,pro,19.99,failed,0.0,False
89,7,premium,29.99,paid,29.99,True
90,7,basic,9.99,paid,9.99,True
91,7,basic,9.99,paid,9.99,True
92,7,pro,19.99,paid,19.99,True
93,7,pro,19.99,paid,19.99,True
94,7,pro,19.99,paid,19.99,True
95,7,pro,19.99,paid,19.99,True
96,7,basic,9.99,paid,9.99,True
97,7,pro,19.99,paid,19.99,True
98,7,basic,9.99,failed,0.0,False
99,7,basic,9.99,paid,9.99,True
100,7,basic,9.99,failed,0.0,False
101,7,basic,9.99,paid,9.99,True
102,7,pro,19.99,failed,0.0,False
103,7,basic,9.99,failed,0.0,False
104,7,pro,19.99,paid,19.99,True
105,7,premium,29.99,paid,29.99,True
106,7,basic,9.99,failed,0.0,False
107,7,basic,9.99,failed,0.0,False
108,7,pro,19.99,paid,19.99,True
109,7,basic,9.99,failed,0.0,False
110,7,basic,9.99,failed,0.0,True
111,7,basic,9.99,paid,9.99,True
112,7,basic,9.99,failed,0.0,False
113,7,premium,29.99,paid,29.99,True
114,7,pro,19.99,paid,19.99,True
115,7,pro,19.99,paid,19.99,True
116,7,premium,29.99,paid,29.99,True
117,7,pro,19.99,paid,19.99,True
118,7,basic,9.99,paid,9.99,True
119,7,premium,29.99,failed,0.0,False
120,7,pro,19.99,failed,0.0,False
121,7,pro,19.99,paid,19.99,True
122,7,premium,29.99,paid,29.99,True
123,7,basic,9.99,failed,0.0,True
124,7,basic,9.99,failed,0.0,False
125,7,basic,9.99,paid,9.99,True
126,7,basic,9.99,paid,9.99,True
127,7,pro,19.99,paid,19.99,True
128,7,premium,29.99,failed,0.0,False
129,7,basic,9.99,paid,9.99,True
130,7,pro,19.99,paid,19.99,True
131,7,basic,9.99,paid,9.99,True
132,7,basic,9.99,paid,9.99,True
133,7,basic,9.99,paid,9.99,True
134,7,basic,9.99,failed,0.0,False
135,7,premium,29.99,paid,29.99,True
136,7,basic,9.99,paid,9.99,True
137,7,pro,19.99,paid,19.99,True
138,7,pro,19.99,paid,19.99,True
139,7,basic,9.99,paid,9.99,True
140,7,premium,29.99,paid,29.99,True
141,7,premium,29.99,paid,29.99,True
142,7,basic,9.99,paid,9.99,True
143,7,basic,9.99,failed,0.0,False
144,7,basic,9.99,paid,9.99,True
145,7,basic,9.99,paid,9.99,True
146,7,basic,9.99,paid,9.99,True
147,7,pro,19.99,failed,0.0,False
148,7,pro,19.99,paid,19.99,True
149,7,basic,9.99,paid,9.99,True
150,7,basic,9.99,paid,9.99,True
151,7,premium,29.99,paid,29.99,True
152,7,basic,9.99,paid,9.99,True
153,7,basic,9.99,paid,9.99,True
154,7,basic,9.99,paid,9.99,True
155,7,premium,29.99,paid,29.99,True
156,7,basic,9.99,failed,0.0,True
157,7,pro,19.99,paid,19.99,True
158,7,pro,19.99,paid,19.99,True
159,7,basic,9.99,paid,9.99,True
160,7,pro,19.99,paid,19.99,True
161,7,basic,9.99,failed,0.0,False
162,7,pro,19.99,failed,0.0,True
163,7,pro,19.99,paid,19.99,True
164,7,pro,19.99,failed,0.0,False
165,7,basic,9.99,paid,9.99,True
166,7,pro,19.99,failed,0.0,False
167,7,basic,9.99,paid,9.99,True
168,7,basic,9.99,paid,9.99,True
169,7,basic,9.99,paid,9.99,True
170,7,pro,19.99,failed,0.0,False
171,7,pro,19.99,paid,19.99,True
172,7,basic,9.99,paid,9.99,True
173,7,pro,19.99,failed,0.0,True
174,7,basic,9.99,paid,9.99,True
175,7,pro,19.99,paid,19.99,True
176,7,basic,9.99,paid,9.99,True
177,7,pro,19.99,failed,0.0,False
178,7,basic,9.99,paid,9.99,True
179,7,premium,29.99,paid,29.99,True
180,7,basic,9.99,paid,9.99,True
181,7,basic,9.99,failed,0.0,False
182,7,basic,9.99,paid,9.99,True
183,7,premium,29.99,failed,0.0,False
184,7,premium,29.99,paid,29.99,True
185,7,basic,9.99,paid,9.99,True
186,7,pro,19.99,paid,19.99,True
187,7,pro,19.99,paid,19.99,True
188,7,pro,19.99,paid,19.99,True
189,7,pro,19.99,paid,19.99,True
190,7,basic,9.99,paid,9.99,True
191,7,basic,9.99,paid,9.99,True
192,7,premium,29.99,paid,29.99,True
193,7,premium,29.99,paid,29.99,True
194,7,pro,19.99,paid,19.99,True
195,7,basic,9.99,paid,9.99,True
196,7,basic,9.99,failed,0.0,False
197,7,pro,19.99,failed,0.0,False
198,7,premium,29.99,paid,29.99,True
199,7,premium,29.99,failed,0.0,False
200,7,pro,19.99,failed,0.0,False
201,7,pro,19.99,paid,19.99,True
202,7,basic,9.99,paid,9.99,True
203,7,basic,9.99,paid,9.99,True
204,7,premium,29.99,paid,29.99,True
205,7,pro,19.99,paid,19.99,True
206,7,basic,9.99,paid,9.99,True
207,7,basic,9.99,paid,9.99,True
208,7,pro,19.99,paid,19.99,True
209,7,basic,9.99,paid,9.99,True
210,7,basic,9.99,paid,9.99,True
211,7,pro,19.99,paid,19.99,True
212,7,pro,19.99,paid,19.99,True
213,7,pro,19.99,paid,19.99,True
214,7,basic,9.99,paid,9.99,True
215,7,pro,19.99,paid,19.99,True
216,7,basic,9.99,paid,9.99,True
217,7,basic,9.99,paid,9.99,True
218,7,pro,19.99,failed,0.0,False
219,7,pro,19.99,paid,19.99,True
220,7,pro,19.99,paid,19.99,True
221,7,pro,19.99,paid,19.99,True
222,7,pro,19.99,paid,19.99,True
223,7,basic,9.99,paid,9.99,True
224,7,basic,9.99,paid,9.99,True
225,7,basic,9.99,paid,9.99,True
226,7,basic,9.99,failed,0.0,False
227,7,premium,29.99,paid,29.99,True
228,7,basic,9.99,failed,0.0,False
229,7,premium,29.99,paid,29.99,True
230,7,pro,19.99,paid,19.99,True
231,7,pro,19.99,paid,19.99,True
232,7,pro,19.99,paid,19.99,True
233,7,pro,19.99,paid,19.99,True
234,7,basic,9.99,paid,9.99,True
235,7,basic,9.99,paid,9.99,True
236,7,pro,19.99,paid,19.99,True
237,7,basic,9.99,failed,0.0,False
238,7,basic,9.99,failed,0.0,False
239,7,pro,19.99,failed,0.0,False
240,7,basic,9.99,paid,9.99,True
241,7,premium,29.99,paid,29.99,True
242,7,premium,29.99,paid,29.99,True
243,7,premium,29.99,paid,29.99,True
244,7,basic,9.99,paid,9.99,True
245,7,basic,9.99,paid,9.99,True
246,7,premium,29.99,paid,29.99,True
247,7,basic,9.99,paid,9.99,True
248,7,premium,29.99,paid,29.99,True
249,7,premium,29.99,paid,29.99,True
250,7,premium,29.99,paid,29.99,True
251,7,basic,9.99,paid,9.99,True
252,7,basic,9.99,paid,9.99,True
253,7,premium,29.99,paid,29.99,True
254,7,basic,9.99,paid,9.99,True
255,7,basic,9.99,paid,9.99,True
256,7,pro,19.99,failed,0.0,False
257,7,premium,29.99,failed,0.0,False
258,7,pro,19.99,paid,19.99,True
259,7,pro,19.99,paid,19.99,True
260,7,basic,9.99,paid,9.99,True
261,7,pro,19.99,failed,0.0,False
262,7,premium,29.99,paid,29.99,True
263,7,basic,9.99,paid,9.99,True
264,7,pro,19.99,paid,19.99,True
265,7,premium,29.99,failed,0.0,False
266,7,pro,19.99,failed,0.0,False
267,7,pro,19.99,paid,19.99,True
268,7,pro,19.99,paid,19.99,True
269,7,basic,9.99,paid,9.99,True
270,7,basic,9.99,paid,9.99,True
271,7,pro,19.99,paid,19.99,True
272,7,pro,19.99,paid,19.99,True
273,7,premium,29.99,paid,29.99,True
274,7,premium,29.99,paid,29.99,True
275,7,pro,19.99,failed,0.0,False
276,7,pro,19.99,paid,19.99,True
277,7,pro,19.99,failed,0.0,False
278,7,pro,19.99,paid,19.99,True
279,7,pro,19.99,paid,19.99,True
280,7,pro,19.99,paid,19.99,True
281,7,premium,29.99,paid,29.99,True
282,7,basic,9.99,failed,0.0,False
283,7,basic,9.99,paid,9.99,True
284,7,basic,9.99,paid,9.99,True
285,7,pro,19.99,paid,19.99,True
286,7,basic,9.99,paid,9.99,True
287,7,basic,9.99,failed,0.0,False
288,7,pro,19.99,paid,19.99,True
289,7,basic,9.99,paid,9.99,True
290,7,pro,19.99,paid,19.99,True
291,7,basic,9.99,paid,9.99,True
292,7,basic,9.99,paid,9.99,True
293,7,pro,19.99,failed,0.0,False
294,7,basic,9.99,failed,0.0,False
295,7,basic,9.99,paid,9.99,True
296,7,pro,19.99,paid,19.99,True
297,7,pro,19.99,paid,19.99,True
298,7,basic,9.99,paid,9.99,True
299,7,pro,19.99,paid,19.99,True
300,7,basic,9.99,paid,9.99,True
301,7,basic,9.99,paid,9.99,True
302,7,pro,19.99,paid,19.99,True
303,7,pro,19.99,paid,19.99,True
304,7,pro,19.99,paid,19.99,True
305,7,pro,19.99,paid,19.99,True
306,7,premium,29.99,failed,0.0,False
307,7,pro,19.99,failed,0.0,False
308,7,basic,9.99,paid,9.99,True
309,7,pro,19.99,paid,19.99,True
310,7,basic,9.99,paid,9.99,True
311,7,basic,9.99,paid,9.99,True
312,7,basic,9.99,paid,9.99,True
313,7,basic,9.99,paid,9.99,True
314,7,premium,29.99,paid,29.99,True
315,7,pro,19.99,paid,19.99,True
316,7,pro,19.99,paid,19.99,True
317,7,basic,9.99,paid,9.99,True
318,7,basic,9.99,paid,9.99,True
319,7,basic,9.99,paid,9.99,True
320,7,basic,9.99,failed,0.0,False
321,7,pro,19.99,failed,0.0,False
322,7,pro,19.99,paid,19.99,True
323,7,pro,19.99,paid,19.99,True
324,7,basic,9.99,failed,0.0,False
325,7,premium,29.99,paid,29.99,True
326,7,pro,19.99,paid,19.99,True
327,7,pro,19.99,paid,19.99,True
328,7,pro,19.99,paid,19.99,True
329,7,basic,9.99,paid,9.99,True
330,7,basic,9.99,paid,9.99,True
331,7,basic,9.99,paid,9.99,True
332,7,pro,19.99,paid,19.99,True
333,7,basic,9.99,paid,9.99,True
334,7,basic,9.99,paid,9.99,True
335,7,basic,9.99,paid,9.99,True
336,7,basic,9.99,paid,9.99,True
337,7,premium,29.99,paid,29.99,True
338,7,pro,19.99,paid,19.99,True
339,7,basic,9.99,paid,9.99,True
340,7,basic,9.99,paid,9.99,True
341,7,basic,9.99,paid,9.99,True
342,7,basic,9.99,paid,9.99,True
343,7,basic,9.99,paid,9.99,True
344,7,basic,9.99,paid,9.99,True
345,7,basic,9.99,failed,0.0,True
346,7,pro,19.99,paid,19.99,True
347,7,pro,19.99,paid,19.99,True
348,7,basic,9.99,paid,9.99,True
349,7,basic,9.99,failed,0.0,False
350,7,pro,19.99,paid,19.99,True
351,7,pro,19.99,paid,19.99,True
352,7,premium,29.99,paid,29.99,True
353,7,pro,19.99,failed,0.0,False
354,7,basic,9.99,failed,0.0,True
355,7,basic,9.99,paid,9.99,True
356,7,pro,19.99,paid,19.99,True
357,7,basic,9.99,paid,9.99,True
358,7,pro,19.99,paid,19.99,True
359,7,premium,29.99,failed,0.0,False
360,7,pro,19.99,paid,19.99,True
361,7,basic,9.99,paid,9.99,True
362,7,pro,19.99,paid,19.99,True
363,7,basic,9.99,paid,9.99,True
364,7,pro,19.99,paid,19.99,True
365,7,premium,29.99,paid,29.99,True
366,7,basic,9.99,failed,0.0,False
367,7,premium,29.99,paid,29.99,True
368,7,premium,29.99,paid,29.99,True
369,7,basic,9.99,paid,9.99,True
370,7,basic,9.99,paid,9.99,True
371,7,basic,9.99,paid,9.99,True
372,7,basic,9.99,paid,9.99,True
373,7,basic,9.99,paid,9.99,True
374,7,pro,19.99,failed,0.0,False
375,7,basic,9.99,failed,0.0,False
376,7,basic,9.99,failed,0.0,False
377,7,pro,19.99,paid,19.99,True
378,7,basic,9.99,paid,9.99,True
379,7,pro,19.99,paid,19.99,True
380,7,basic,9.99,paid,9.99,True
381,7,basic,9.99,failed,0.0,False
382,7,pro,19.99,paid,19.99,True
383,7,pro,19.99,paid,19.99,True
384,7,premium,29.99,paid,29.99,True
385,7,pro,19.99,failed,0.0,False
386,7,pro,19.99,paid,19.99,True
387,7,basic,9.99,paid,9.99,True
388,7,basic,9.99,paid,9.99,True
389,7,pro,19.99,paid,19.99,True
390,7,pro,19.99,paid,19.99,True
391,7,premium,29.99,paid,29.99,True
392,7,basic,9.99,paid,9.99,True
393,7,basic,9.99,paid,9.99,True
394,7,pro,19.99,paid,19.99,True
395,7,basic,9.99,paid,9.99,True
396,7,premium,29.99,paid,29.99,True
397,7,premium,29.99,paid,29.99,True
398,7,basic,9.99,failed,0.0,False
399,7,pro,19.99,paid,19.99,True
400,7,pro,19.99,paid,19.99,True
401,7,basic,9.99,paid,9.99,True
402,7,premium,29.99,failed,0.0,False
403,7,pro,19.99,failed,0.0,False
404,7,pro,19.99,paid,19.99,True
405,7,basic,9.99,paid,9.99,True
406,7,premium,29.99,paid,29.99,True
407,7,basic,9.99,paid,9.99,True
408,7,basic,9.99,paid,9.99,True
409,7,premium,29.99,paid,29.99,True
410,7,basic,9.99,paid,9.99,True
411,7,basic,9.99,paid,9.99,True
412,7,premium,29.99,paid,29.99,True
413,7,premium,29.99,paid,29.99,True
414,7,pro,19.99,paid,19.99,True
415,7,pro,19.99,paid,19.99,True
416,7,basic,9.99,paid,9.99,True
417,7,basic,9.99,paid,9.99,True
418,7,basic,9.99,paid,9.99,True
419,7,pro,19.99,paid,19.99,True
420,7,pro,19.99,paid,19.99,True
421,7,pro,19.99,failed,0.0,False
422,7,pro,19.99,paid,19.99,True
423,7,basic,9.99,failed,0.0,False
424,7,basic,9.99,paid,9.99,True
425,7,basic,9.99,failed,0.0,False
426,7,pro,19.99,failed,0.0,False
427,7,basic,9.99,paid,9.99,True
428,7,premium,29.99,paid,29.99,True
429,7,basic,9.99,paid,9.99,True
430,7,basic,9.99,failed,0.0,False
431,7,basic,9.99,paid,9.99,True
432,7,pro,19.99,paid,19.99,True
433,7,pro,19.99,paid,19.99,True
434,7,basic,9.99,paid,9.99,True
435,7,basic,9.99,paid,9.99,True
436,7,pro,19.99,paid,19.99,True
437,7,basic,9.99,paid,9.99,True
438,7,pro,19.99,failed,0.0,False
439,7,pro,19.99,paid,19.99,True
440,7,basic,9.99,failed,0.0,False
441,7,basic,9.99,failed,0.0,False
442,7,premium,29.99,paid,29.99,True
443,7,basic,9.99,failed,0.0,False
444,7,basic,9.99,failed,0.0,False
445,7,pro,19.99,failed,0.0,False
446,7,premium,29.99,paid,29.99,True
447,7,premium,29.99,paid,29.99,True
448,7,pro,19.99,paid,19.99,True
449,7,basic,9.99,failed,0.0,False
450,7,basic,9.99,paid,9.99,True
451,7,pro,19.99,paid,19.99,True
452,7,pro,19.99,paid,19.99,True
453,7,basic,9.99,paid,9.99,True
454,7,premium,29.99,paid,29.99,True
455,7,basic,9.99,paid,9.99,True
456,7,basic,9.99,paid,9.99,True
457,7,basic,9.99,paid,9.99,True
458,7,basic,9.99,paid,9.99,True
459,7,basic,9.99,failed,0.0,False
460,7,basic,9.99,paid,9.99,True
461,7,basic,9.99,paid,9.99,True
462,7,pro,19.99,paid,19.99,True
463,7,pro,19.99,paid,19.99,True
464,7,pro,19.99,paid,19.99,True
465,7,premium,29.99,paid,29.99,True
466,7,basic,9.99,paid,9.99,True
467,7,basic,9.99,failed,0.0,False
468,7,premium,29.99,paid,29.99,True
469,7,basic,9.99,paid,9.99,True
470,7,premium,29.99,paid,29.99,True
471,7,basic,9.99,paid,9.99,True
472,7,premium,29.99,failed,0.0,False
473,7,basic,9.99,paid,9.99,True
474,7,premium,29.99,paid,29.99,True
475,7,pro,19.99,paid,19.99,True
476,7,premium,29.99,paid,29.99,True
477,7,basic,9.99,paid,9.99,True
478,7,pro,19.99,paid,19.99,True
479,7,premium,29.99,paid,29.99,True
480,7,pro,19.99,paid,19.99,True
481,7,pro,19.99,paid,19.99,True
482,7,pro,19.99,paid,19.99,True
483,7,basic,9.99,paid,9.99,True
484,7,pro,19.99,paid,19.99,True
485,7,pro,19.99,paid,19.99,True
486,7,premium,29.99,paid,29.99,True
487,7,basic,9.99,paid,9.99,True
488,7,basic,9.99,paid,9.99,True
489,7,premium,29.99,paid,29.99,True
490,7,premium,29.99,paid,29.99,True
491,7,basic,9.99,paid,9.99,True
492,7,pro,19.99,paid,19.99,True
493,7,basic,9.99,paid,9.99,True
494,7,basic,9.99,paid,9.99,True
495,7,basic,9.99,paid,9.99,True
496,7,basic,9.99,failed,0.0,False
497,7,pro,19.99,paid,19.99,True
498,7,basic,9.99,paid,9.99,True
499,7,premium,29.99,paid,29.99,True
500,7,premium,29.99,paid,29.99,True
501,7,pro,19.99,paid,19.99,True
502,7,pro,19.99,paid,19.99,True
503,7,basic,9.99,paid,9.99,True
504,7,pro,19.99,paid,19.99,True
505,7,pro,19.99,paid,19.99,True
506,7,basic,9.99,failed,0.0,False
507,7,premium,29.99,failed,0.0,False
508,7,pro,19.99,paid,19.99,True
509,7,premium,29.99,paid,29.99,True
510,7,pro,19.99,paid,19.99,True
511,7,pro,19.99,failed,0.0,False
512,7,basic,9.99,paid,9.99,True
513,7,premium,29.99,paid,29.99,True
514,7,premium,29.99,paid,29.99,True
515,7,basic,9.99,failed,0.0,False
516,7,basic,9.99,paid,9.99,True
517,7,basic,9.99,paid,9.99,True
518,7,pro,19.99,paid,19.99,True
519,7,premium,29.99,paid,29.99,True
520,7,basic,9.99,paid,9.99,True
521,7,pro,19.99,paid,19.99,True
522,7,basic,9.99,paid,9.99,True
523,7,premium,29.99,paid,29.99,True
524,7,pro,19.99,paid,19.99,True
525,7,pro,19.99,paid,19.99,True
526,7,basic,9.99,paid,9.99,True
527,7,basic,9.99,paid,9.99,True
528,7,basic,9.99,paid,9.99,True
529,7,basic,9.99,failed,0.0,False
530,7,premium,29.99,paid,29.99,True
531,7,pro,19.99,paid,19.99,True
532,7,premium,29.99,paid,29.99,True
533,7,premium,29.99,paid,29.99,True
534,7,pro,19.99,failed,0.0,False
535,7,pro,19.99,paid,19.99,True
536,7,premium,29.99,paid,29.99,True
537,7,pro,19.99,paid,19.99,True
538,7,basic,9.99,paid,9.99,True
539,7,basic,9.99,paid,9.99,True
540,7,basic,9.99,paid,9.99,True
541,7,premium,29.99,paid,29.99,True
542,7,pro,19.99,paid,19.99,True
543,7,basic,9.99,failed,0.0,False
544,7,pro,19.99,paid,19.99,True
545,7,pro,19.99,paid,19.99,True
546,7,basic,9.99,paid,9.99,True
547,7,basic,9.99,paid,9.99,True
548,7,pro,19.99,paid,19.99,True
549,7,pro,19.99,paid,19.99,True
550,7,pro,19.99,paid,19.99,True
551,7,pro,19.99,paid,19.99,True
552,7,premium,29.99,paid,29.99,True
553,7,pro,19.99,failed,0.0,False
554,7,pro,19.99,failed,0.0,False
555,7,premium,29.99,paid,29.99,True
556,7,basic,9.99,paid,9.99,True
557,7,basic,9.99,paid,9.99,True
558,7,basic,9.99,failed,0.0,False
559,7,pro,19.99,paid,19.99,True
560,7,pro,19.99,paid,19.99,True
561,7,pro,19.99,paid,19.99,True
562,7,basic,9.99,paid,9.99,True
563,7,basic,9.99,paid,9.99,True
564,7,basic,9.99,paid,9.99,True
565,7,basic,9.99,paid,9.99,True
566,7,pro,19.99,paid,19.99,True
567,7,basic,9.99,failed,0.0,False
568,7,basic,9.99,paid,9.99,True
569,7,premium,29.99,paid,29.99,True
570,7,basic,9.99,paid,9.99,True
571,7,pro,19.99,failed,0.0,False
572,7,pro,19.99,failed,0.0,False
573,7,basic,9.99,paid,9.99,True
574,7,pro,19.99,paid,19.99,True
575,7,premium,29.99,paid,29.99,True
576,7,premium,29.99,paid,29.99,True
577,7,basic,9.99,paid,9.99,True
578,7,premium,29.99,failed,0.0,True
579,7,basic,9.99,paid,9.99,True
580,7,basic,9.99,paid,9.99,True
581,7,basic,9.99,failed,0.0,False
582,7,premium,29.99,failed,0.0,False
583,7,basic,9.99,failed,0.0,True
584,7,basic,9.99,paid,9.99,True
585,7,pro,19.99,failed,0.0,False
586,7,basic,9.99,paid,9.99,True
587,7,basic,9.99,paid,9.99,True
588,7,basic,9.99,paid,9.99,True
589,7,basic,9.99,paid,9.99,True
590,7,basic,9.99,paid,9.99,True
591,7,basic,9.99,paid,9.99,True
592,7,pro,19.99,paid,19.99,True
593,7,basic,9.99,paid,9.99,True
594,7,basic,9.99,paid,9.99,True
595,7,premium,29.99,paid,29.99,True
596,7,basic,9.99,paid,9.99,True
597,7,pro,19.99,failed,0.0,False
598,7,basic,9.99,failed,0.0,False
599,7,basic,9.99,paid,9.99,True
600,7,basic,9.99,failed,0.0,False
601,7,basic,9.99,paid,9.99,True
602,7,basic,9.99,failed,0.0,False
603,7,basic,9.99,paid,9.99,True
604,7,basic,9.99,paid,9.99,True
605,7,basic,9.99,paid,9.99,True
606,7,basic,9.99,paid,9.99,True
607,7,basic,9.99,failed,0.0,True
608,7,basic,9.99,paid,9.99,True
609,7,pro,19.99,paid,19.99,True
610,7,pro,19.99,paid,19.99,True
611,7,basic,9.99,failed,0.0,False
612,7,pro,19.99,paid,19.99,True
613,7,pro,19.99,paid,19.99,True
614,7,basic,9.99,failed,0.0,False
615,7,premium,29.99,paid,29.99,True
616,7,premium,29.99,paid,29.99,True
617,7,basic,9.99,paid,9.99,True
618,7,basic,9.99,paid,9.99,True
619,7,pro,19.99,paid,19.99,True
620,7,pro,19.99,paid,19.99,True
621,7,basic,9.99,failed,0.0,True
622,7,basic,9.99,paid,9.99,True
623,7,basic,9.99,paid,9.99,True
624,7,basic,9.99,paid,9.99,True
625,7,pro,19.99,paid,19.99,True
626,7,basic,9.99,paid,9.99,True
627,7,basic,9.99,failed,0.0,True
628,7,pro,19.99,paid,19.99,True
629,7,basic,9.99,paid,9.99,True
630,7,basic,9.99,paid,9.99,True
631,7,pro,19.99,paid,19.99,True
632,7,premium,29.99,paid,29.99,True
633,7,pro,19.99,paid,19.99,True
634,7,pro,19.99,failed,0.0,False
635,7,basic,9.99,failed,0.0,False
636,7,basic,9.99,failed,0.0,False
637,7,pro,19.99,paid,19.99,True
638,7,basic,9.99,paid,9.99,True
639,7,basic,9.99,failed,0.0,True
640,7,basic,9.99,failed,0.0,False
641,7,basic,9.99,failed,0.0,False
642,7,basic,9.99,failed,0.0,False
643,7,basic,9.99,paid,9.99,True
644,7,basic,9.99,failed,0.0,False
645,7,basic,9.99,failed,0.0,False
646,7,premium,29.99,paid,29.99,True
647,7,pro,19.99,paid,19.99,True
648,7,pro,19.99,failed,0.0,False
649,7,pro,19.99,paid,19.99,True
650,7,basic,9.99,paid,9.99,True
651,7,basic,9.99,paid,9.99,True
652,7,pro,19.99,paid,19.99,True
653,7,pro,19.99,paid,19.99,True
654,7,pro,19.99,failed,0.0,False
655,7,basic,9.99,paid,9.99,True
656,7,basic,9.99,paid,9.99,True
657,7,basic,9.99,paid,9.99,True
658,7,basic,9.99,paid,9.99,True
659,7,pro,19.99,paid,19.99,True
660,7,pro,19.99,paid,19.99,True
661,7,basic,9.99,failed,0.0,False
662,7,premium,29.99,failed,0.0,True
663,7,pro,19.99,paid,19.99,True
664,7,basic,9.99,failed,0.0,False
665,7,basic,9.99,paid,9.99,True
666,7,basic,9.99,failed,0.0,False
667,7,basic,9.99,paid,9.99,True
668,7,basic,9.99,paid,9.99,True
669,7,basic,9.99,paid,9.99,True
670,7,basic,9.99,paid,9.99,True
671,7,basic,9.99,paid,9.99,True
672,7,premium,29.99,paid,29.99,True
673,7,basic,9.99,paid,9.99,True
674,7,pro,19.99,paid,19.99,True
675,7,basic,9.99,paid,9.99,True
676,7,premium,29.99,failed,0.0,True
677,7,basic,9.99,paid,9.99,True
678,7,basic,9.99,failed,0.0,False
679,7,premium,29.99,paid,29.99,True
680,7,premium,29.99,failed,0.0,True
681,7,pro,19.99,failed,0.0,False
682,7,basic,9.99,paid,9.99,True
683,7,basic,9.99,paid,9.99,True
684,7,pro,19.99,paid,19.99,True
685,7,premium,29.99,paid,29.99,True
686,7,pro,19.99,paid,19.99,True
687,7,pro,19.99,paid,19.99,True
688,7,basic,9.99,paid,9.99,True
689,7,pro,19.99,paid,19.99,True
690,7,basic,9.99,failed,0.0,False
691,7,basic,9.99,paid,9.99,True
692,7,basic,9.99,failed,0.0,True
693,7,pro,19.99,paid,19.99,True
694,7,basic,9.99,failed,0.0,False
695,7,basic,9.99,paid,9.99,True
696,7,pro,19.99,paid,19.99,True
697,7,basic,9.99,failed,0.0,False
698,7,pro,19.99,failed,0.0,True
699,7,basic,9.99,paid,9.99,True
700,7,basic,9.99,paid,9.99,True
701,7,pro,19.99,paid,19.99,True
702,7,basic,9.99,failed,0.0,False
703,7,basic,9.99,paid,9.99,True
704,7,basic,9.99,paid,9.99,True
705,7,basic,9.99,paid,9.99,True
706,7,premium,29.99,paid,29.99,True
707,7,basic,9.99,failed,0.0,False
708,7,pro,19.99,paid,19.99,True
709,7,basic,9.99,paid,9.99,True
710,7,pro,19.99,paid,19.99,True
711,7,pro,19.99,paid,19.99,True
712,7,pro,19.99,paid,19.99,True
713,7,basic,9.99,paid,9.99,True
714,7,basic,9.99,paid,9.99,True
715,7,basic,9.99,paid,9.99,True
716,7,premium,29.99,paid,29.99,True
717,7,pro,19.99,paid,19.99,True
718,7,premium,29.99,failed,0.0,False
719,7,basic,9.99,paid,9.99,True
720,7,pro,19.99,paid,19.99,True
721,7,premium,29.99,paid,29.99,True
722,7,basic,9.99,failed,0.0,False
723,7,basic,9.99,paid,9.99,True
724,7,pro,19.99,paid,19.99,True
725,7,pro,19.99,paid,19.99,True
726,7,pro,19.99,paid,19.99,True
727,7,basic,9.99,paid,9.99,True
728,7,pro,19.99,failed,0.0,True
729,7,basic,9.99,failed,0.0,False
730,7,basic,9.99,paid,9.99,True
731,7,basic,9.99,paid,9.99,True
732,7,pro,19.99,paid,19.99,True
733,7,pro,19.99,paid,19.99,True
734,7,pro,19.99,paid,19.99,True
735,7,basic,9.99,failed,0.0,False
736,7,premium,29.99,paid,29.99,True
737,7,basic,9.99,paid,9.99,True
738,7,pro,19.99,paid,19.99,True
739,7,basic,9.99,paid,9.99,True
740,7,basic,9.99,paid,9.99,True
741,7,basic,9.99,paid,9.99,True
742,7,basic,9.99,paid,9.99,True
743,7,pro,19.99,paid,19.99,True
744,7,pro,19.99,failed,0.0,False
745,7,basic,9.99,paid,9.99,True
746,7,premium,29.99,paid,29.99,True
747,7,basic,9.99,paid,9.99,True
748,7,pro,19.99,paid,19.99,True
749,7,premium,29.99,paid,29.99,True
750,7,pro,19.99,paid,19.99,True
751,7,basic,9.99,failed,0.0,False
752,7,premium,29.99,paid,29.99,True
753,7,pro,19.99,paid,19.99,True
754,7,basic,9.99,paid,9.99,True
755,7,basic,9.99,paid,9.99,True
756,7,pro,19.99,paid,19.99,True
757,7,pro,19.99,failed,0.0,False
758,7,pro,19.99,paid,19.99,True
759,7,premium,29.99,paid,29.99,True
760,7,pro,19.99,paid,19.99,True
761,7,basic,9.99,paid,9.99,True
762,7,basic,9.99,failed,0.0,False
763,7,basic,9.99,paid,9.99,True
764,7,pro,19.99,failed,0.0,False
765,7,basic,9.99,paid,9.99,True
766,7,pro,19.99,paid,19.99,True
767,7,pro,19.99,paid,19.99,True
768,7,premium,29.99,failed,0.0,True
769,7,basic,9.99,paid,9.99,True
770,7,pro,19.99,paid,19.99,True
771,7,basic,9.99,failed,0.0,False
772,7,pro,19.99,paid,19.99,True
773,7,basic,9.99,paid,9.99,True
774,7,basic,9.99,paid,9.99,True
775,7,pro,19.99,failed,0.0,True
776,7,basic,9.99,paid,9.99,True
777,7,basic,9.99,paid,9.99,True
778,7,pro,19.99,failed,0.0,False
779,7,pro,19.99,paid,19.99,True
780,7,pro,19.99,paid,19.99,True
781,7,pro,19.99,paid,19.99,True
782,7,pro,19.99,failed,0.0,False
783,7,basic,9.99,paid,9.99,True
784,7,basic,9.99,paid,9.99,True
785,7,basic,9.99,failed,0.0,False
786,7,premium,29.99,paid,29.99,True
787,7,pro,19.99,paid,19.99,True
788,7,basic,9.99,paid,9.99,True
789,7,basic,9.99,paid,9.99,True
790,7,premium,29.99,paid,29.99,True
791,7,basic,9.99,paid,9.99,True
792,7,pro,19.99,paid,19.99,True
793,7,pro,19.99,paid,19.99,True
794,7,pro,19.99,paid,19.99,True
795,7,basic,9.99,paid,9.99,True
796,7,premium,29.99,paid,29.99,True
797,7,premium,29.99,paid,29.99,True
798,7,pro,19.99,paid,19.99,True
799,7,pro,19.99,paid,19.99,True
800,7,premium,29.99,paid,29.99,True
801,7,pro,19.99,paid,19.99,True
802,7,basic,9.99,failed,0.0,False
803,7,pro,19.99,paid,19.99,True
804,7,pro,19.99,paid,19.99,True
805,7,basic,9.99,failed,0.0,False
806,7,pro,19.99,paid,19.99,True
807,7,premium,29.99,paid,29.99,True
808,7,premium,29.99,paid,29.99,True
809,7,basic,9.99,failed,0.0,True
810,7,basic,9.99,failed,0.0,False
811,7,premium,29.99,paid,29.99,True
812,7,pro,19.99,paid,19.99,True
813,7,basic,9.99,paid,9.99,True
814,7,premium,29.99,paid,29.99,True
815,7,premium,29.99,paid,29.99,True
816,7,pro,19.99,failed,0.0,False
817,7,pro,19.99,paid,19.99,True
818,7,basic,9.99,paid,9.99,True
819,7,basic,9.99,paid,9.99,True
820,7,basic,9.99,failed,0.0,True
821,7,pro,19.99,failed,0.0,False
822,7,basic,9.99,paid,9.99,True
823,7,basic,9.99,paid,9.99,True
824,7,basic,9.99,paid,9.99,True
825,7,pro,19.99,paid,19.99,True
826,7,premium,29.99,paid,29.99,True
827,7,basic,9.99,paid,9.99,True
828,7,basic,9.99,paid,9.99,True
829,7,pro,19.99,paid,19.99,True
830,7,basic,9.99,paid,9.99,True
831,7,basic,9.99,paid,9.99,True
832,7,basic,9.99,paid,9.99,True
833,7,basic,9.99,paid,9.99,True
834,7,basic,9.99,failed,0.0,False
835,7,basic,9.99,failed,0.0,False
836,7,basic,9.99,paid,9.99,True
837,7,premium,29.99,paid,29.99,True
838,7,basic,9.99,failed,0.0,False
839,7,pro,19.99,paid,19.99,True
840,7,pro,19.99,paid,19.99,True
841,7,basic,9.99,paid,9.99,True
842,7,pro,19.99,paid,19.99,True
843,7,basic,9.99,paid,9.99,True
844,7,premium,29.99,paid,29.99,True
845,7,basic,9.99,paid,9.99,True
846,7,basic,9.99,paid,9.99,True
847,7,basic,9.99,failed,0.0,False
848,7,premium,29.99,paid,29.99,True
849,7,pro,19.99,paid,19.99,True
850,7,pro,19.99,failed,0.0,False
851,7,basic,9.99,failed,0.0,False
852,7,pro,19.99,paid,19.99,True
853,7,basic,9.99,paid,9.99,True
854,7,premium,29.99,paid,29.99,True
855,7,basic,9.99,paid,9.99,True
856,7,basic,9.99,failed,0.0,False
857,7,basic,9.99,paid,9.99,True
858,7,basic,9.99,paid,9.99,True
859,7,pro,19.99,failed,0.0,False
860,7,basic,9.99,paid,9.99,True
861,7,pro,19.99,paid,19.99,True
862,7,basic,9.99,paid,9.99,True
863,7,pro,19.99,paid,19.99,True
864,7,basic,9.99,paid,9.99,True
865,7,basic,9.99,paid,9.99,True
866,7,pro,19.99,paid,19.99,True
867,7,basic,9.99,paid,9.99,True
868,7,basic,9.99,paid,9.99,True
869,7,premium,29.99,paid,29.99,True
870,7,premium,29.99,failed,0.0,False
871,7,basic,9.99,paid,9.99,True
872,7,basic,9.99,paid,9.99,True
873,7,pro,19.99,paid,19.99,True
874,7,basic,9.99,paid,9.99,True
875,7,basic,9.99,paid,9.99,True
876,7,basic,9.99,paid,9.99,True
877,7,pro,19.99,paid,19.99,True
878,7,pro,19.99,paid,19.99,True
879,7,basic,9.99,failed,0.0,False
880,7,basic,9.99,paid,9.99,True
881,7,basic,9.99,failed,0.0,False
882,7,pro,19.99,paid,19.99,True
883,7,basic,9.99,paid,9.99,True
884,7,basic,9.99,paid,9.99,True
885,7,pro,19.99,failed,0.0,False
886,7,basic,9.99,paid,9.99,True
887,7,pro,19.99,paid,19.99,True
888,7,basic,9.99,paid,9.99,True
889,7,basic,9.99,failed,0.0,True
890,7,basic,9.99,paid,9.99,True
891,7,pro,19.99,paid,19.99,True
892,7,premium,29.99,paid,29.99,True
893,7,pro,19.99,paid,19.99,True
894,7,basic,9.99,paid,9.99,True
895,7,pro,19.99,paid,19.99,True
896,7,basic,9.99,paid,9.99,True
897,7,basic,9.99,paid,9.99,True
898,7,premium,29.99,paid,29.99,True
899,7,basic,9.99,paid,9.99,True
900,7,basic,9.99,paid,9.99,True
901,7,basic,9.99,failed,0.0,False
902,7,basic,9.99,failed,0.0,True
903,7,basic,9.99,paid,9.99,True
904,7,pro,19.99,paid,19.99,True
905,7,basic,9.99,paid,9.99,True
906,7,premium,29.99,failed,0.0,False
907,7,pro,19.99,paid,19.99,True
908,7,basic,9.99,paid,9.99,True
909,7,basic,9.99,paid,9.99,True
910,7,basic,9.99,failed,0.0,True
911,7,pro,19.99,failed,0.0,False
912,7,basic,9.99,paid,9.99,True
913,7,pro,19.99,failed,0.0,False
914,7,basic,9.99,paid,9.99,True
915,7,pro,19.99,paid,19.99,True
916,7,basic,9.99,paid,9.99,True
917,7,basic,9.99,paid,9.99,True
918,7,premium,29.99,paid,29.99,True
919,7,pro,19.99,paid,19.99,True
920,7,basic,9.99,paid,9.99,True
921,7,premium,29.99,failed,0.0,False
922,7,basic,9.99,paid,9.99,True
923,7,premium,29.99,paid,29.99,True
924,7,pro,19.99,failed,0.0,False
925,7,basic,9.99,paid,9.99,True
926,7,basic,9.99,paid,9.99,True
927,7,basic,9.99,paid,9.99,True
928,7,pro,19.99,paid,19.99,True
929,7,pro,19.99,paid,19.99,True
930,7,basic,9.99,paid,9.99,True
931,7,basic,9.99,paid,9.99,True
932,7,pro,19.99,paid,19.99,True
933,7,premium,29.99,paid,29.99,True
934,7,pro,19.99,paid,19.99,True
935,7,basic,9.99,paid,9.99,True
936,7,basic,9.99,failed,0.0,False
937,7,basic,9.99,paid,9.99,True
938,7,premium,29.99,paid,29.99,True
939,7,basic,9.99,paid,9.99,True
940,7,pro,19.99,paid,19.99,True
941,7,basic,9.99,paid,9.99,True
942,7,pro,19.99,paid,19.99,True
943,7,pro,19.99,paid,19.99,True
944,7,pro,19.99,paid,19.99,True
945,7,basic,9.99,paid,9.99,True
946,7,basic,9.99,paid,9.99,True
947,7,basic,9.99,paid,9.99,True
948,7,premium,29.99,paid,29.99,True
949,7,premium,29.99,paid,29.99,True
950,7,pro,19.99,paid,19.99,True
951,7,pro,19.99,failed,0.0,False
952,7,pro,19.99,paid,19.99,True
953,7,basic,9.99,paid,9.99,True
954,7,premium,29.99,paid,29.99,True
955,7,basic,9.99,paid,9.99,True
956,7,basic,9.99,paid,9.99,True
957,7,pro,19.99,paid,19.99,True
958,7,basic,9.99,failed,0.0,False
959,7,basic,9.99,paid,9.99,True
960,7,pro,19.99,failed,0.0,False
961,7,basic,9.99,paid,9.99,True
962,7,pro,19.99,paid,19.99,True
963,7,basic,9.99,paid,9.99,True
964,7,basic,9.99,paid,9.99,True
965,7,basic,9.99,paid,9.99,True
966,7,basic,9.99,paid,9.99,True
967,7,pro,19.99,paid,19.99,True
968,7,basic,9.99,paid,9.99,True
969,7,pro,19.99,paid,19.99,True
970,7,basic,9.99,paid,9.99,True
971,7,pro,19.99,paid,19.99,True
972,7,premium,29.99,paid,29.99,True
973,7,pro,19.99,failed,0.0,False
974,7,basic,9.99,failed,0.0,False
975,7,basic,9.99,failed,0.0,False
976,7,basic,9.99,paid,9.99,True
977,7,pro,19.99,paid,19.99,True
978,7,basic,9.99,paid,9.99,True
979,7,basic,9.99,paid,9.99,True
980,7,pro,19.99,paid,19.99,True
981,7,basic,9.99,paid,9.99,True
982,7,pro,19.99,paid,19.99,True
983,7,basic,9.99,paid,9.99,True
984,7,basic,9.99,paid,9.99,True
985,7,pro,19.99,paid,19.99,True
986,7,basic,9.99,paid,9.99,True
987,7,pro,19.99,paid,19.99,True
988,7,basic,9.99,paid,9.99,True
989,7,basic,9.99,paid,9.99,True
990,7,pro,19.99,paid,19.99,True
991,7,pro,19.99,paid,19.99,True
992,7,pro,19.99,paid,19.99,True
993,7,basic,9.99,failed,0.0,False
994,7,pro,19.99,failed,0.0,False
995,7,basic,9.99,failed,0.0,True
996,7,basic,9.99,paid,9.99,True
997,7,premium,29.99,paid,29.99,True
998,7,basic,9.99,paid,9.99,True
999,7,premium,29.99,paid,29.99,True
1000,7,basic,9.99,paid,9.99,True
1,8,basic,9.99,paid,9.99,True
2,8,premium,29.99,paid,29.99,True
3,8,pro,19.99,failed,0.0,False
4,8,pro,19.99,paid,19.99,True
5,8,basic,9.99,failed,0.0,False
6,8,basic,9.99,failed,0.0,False
7,8,basic,9.99,paid,9.99,True
8,8,premium,29.99,paid,29.99,True
9,8,pro,19.99,paid,19.99,True
10,8,pro,19.99,paid,19.99,True
11,8,basic,9.99,paid,9.99,True
12,8,premium,29.99,paid,29.99,True
13,8,pro,19.99,paid,19.99,True
14,8,basic,9.99,failed,0.0,False
15,8,basic,9.99,paid,9.99,True
16,8,basic,9.99,failed,0.0,False
17,8,basic,9.99,paid,9.99,True
18,8,pro,19.99,paid,19.99,True
19,8,basic,9.99,paid,9.99,True
20,8,basic,9.99,paid,9.99,True
21,8,pro,19.99,paid,19.99,True
22,8,basic,9.99,paid,9.99,True
23,8,basic,9.99,failed,0.0,False
24,8,basic,9.99,paid,9.99,True
25,8,basic,9.99,failed,0.0,False
26,8,pro,19.99,paid,19.99,True
27,8,basic,9.99,paid,9.99,True
28,8,pro,19.99,paid,19.99,True
29,8,pro,19.99,paid,19.99,True
30,8,basic,9.99,paid,9.99,True
31,8,pro,19.99,paid,19.99,True
32,8,basic,9.99,paid,9.99,True
33,8,basic,9.99,failed,0.0,False
34,8,premium,29.99,paid,29.99,True
35,8,premium,29.99,paid,29.99,True
36,8,pro,19.99,paid,19.99,True
37,8,basic,9.99,paid,9.99,True
38,8,basic,9.99,failed,0.0,False
39,8,pro,19.99,paid,19.99,True
40,8,basic,9.99,paid,9.99,True
41,8,basic,9.99,paid,9.99,True
42,8,basic,9.99,paid,9.99,True
43,8,basic,9.99,failed,0.0,False
44,8,premium,29.99,paid,29.99,True
45,8,basic,9.99,paid,9.99,True
46,8,pro,19.99,paid,19.99,True
47,8,basic,9.99,paid,9.99,True
48,8,pro,19.99,paid,19.99,True
49,8,pro,19.99,paid,19.99,True
50,8,basic,9.99,failed,0.0,True
51,8,premium,29.99,failed,0.0,True
52,8,pro,19.99,failed,0.0,False
53,8,premium,29.99,paid,29.99,True
54,8,premium,29.99,paid,29.99,True
55,8,pro,19.99,paid,19.99,True
56,8,premium,29.99,paid,29.99,True
57,8,basic,9.99,paid,9.99,True
58,8,basic,9.99,paid,9.99,True
59,8,basic,9.99,paid,9.99,True
60,8,basic,9.99,paid,9.99,True
61,8,basic,9.99,paid,9.99,True
62,8,basic,9.99,paid,9.99,True
63,8,pro,19.99,paid,19.99,True
64,8,basic,9.99,paid,9.99,True
65,8,basic,9.99,paid,9.99,True
66,8,pro,19.99,paid,19.99,True
67,8,basic,9.99,paid,9.99,True
68,8,pro,19.99,paid,19.99,True
69,8,basic,9.99,failed,0.0,False
70,8,premium,29.99,paid,29.99,True
71,8,pro,19.99,paid,19.99,True
72,8,basic,9.99,paid,9.99,True
73,8,basic,9.99,paid,9.99,True
74,8,pro,19.99,paid,19.99,True
75,8,pro,19.99,paid,19.99,True
76,8,pro,19.99,failed,0.0,True
77,8,pro,19.99,failed,0.0,True
78,8,basic,9.99,paid,9.99,True
79,8,basic,9.99,paid,9.99,True
80,8,basic,9.99,paid,9.99,True
81,8,premium,29.99,paid,29.99,True
82,8,pro,19.99,paid,19.99,True
83,8,basic,9.99,failed,0.0,False
84,8,basic,9.99,paid,9.99,True
85,8,basic,9.99,paid,9.99,True
86,8,basic,9.99,paid,9.99,True
87,8,pro,19.99,paid,19.99,True
88,8,pro,19.99,failed,0.0,False
89,8,premium,29.99,paid,29.99,True
90,8,basic,9.99,paid,9.99,True
91,8,basic,9.99,paid,9.99,True
92,8,pro,19.99,paid,19.99,True
93,8,pro,19.99,paid,19.99,True
94,8,pro,19.99,paid,19.99,True
95,8,pro,19.99,paid,19.99,True
96,8,basic,9.99,paid,9.99,True
97,8,pro,19.99,paid,19.99,True
98,8,basic,9.99,failed,0.0,False
99,8,basic,9.99,failed,0.0,False
100,8,basic,9.99,failed,0.0,False
101,8,basic,9.99,paid,9.99,True
102,8,pro,19.99,failed,0.0,False
103,8,basic,9.99,failed,0.0,False
104,8,pro,19.99,paid,19.99,True
105,8,premium,29.99,paid,29.99,True
106,8,basic,9.99,failed,0.0,False
107,8,basic,9.99,failed,0.0,False
108,8,pro,19.99,paid,19.99,True
109,8,basic,9.99,failed,0.0,False
110,8,basic,9.99,paid,9.99,True
111,8,basic,9.99,paid,9.99,True
112,8,basic,9.99,failed,0.0,False
113,8,premium,29.99,paid,29.99,True
114,8,pro,19.99,paid,19.99,True
115,8,pro,19.99,failed,0.0,False
116,8,premium,29.99,paid,29.99,True
117,8,pro,19.99,paid,19.99,True
118,8,basic,9.99,failed,0.0,False
119,8,premium,29.99,failed,0.0,False
120,8,pro,19.99,failed,0.0,False
121,8,pro,19.99,paid,19.99,True
122,8,premium,29.99,failed,0.0,True
123,8,basic,9.99,paid,9.99,True
124,8,basic,9.99,failed,0.0,False
125,8,basic,9.99,paid,9.99,True
126,8,basic,9.99,paid,9.99,True
127,8,pro,19.99,paid,19.99,True
128,8,premium,29.99,failed,0.0,False
129,8,basic,9.99,paid,9.99,True
130,8,pro,19.99,paid,19.99,True
131,8,basic,9.99,paid,9.99,True
132,8,basic,9.99,paid,9.99,True
133,8,basic,9.99,paid,9.99,True
134,8,basic,9.99,failed,0.0,False
135,8,premium,29.99,paid,29.99,True
136,8,basic,9.99,paid,9.99,True
137,8,pro,19.99,failed,0.0,False
138,8,pro,19.99,paid,19.99,True
139,8,basic,9.99,paid,9.99,True
140,8,premium,29.99,paid,29.99,True
141,8,premium,29.99,paid,29.99,True
142,8,basic,9.99,paid,9.99,True
143,8,basic,9.99,failed,0.0,False
144,8,basic,9.99,failed,0.0,True
145,8,basic,9.99,paid,9.99,True
146,8,basic,9.99,paid,9.99,True
147,8,pro,19.99,failed,0.0,False
148,8,pro,19.99,paid,19.99,True
149,8,basic,9.99,paid,9.99,True
150,8,basic,9.99,paid,9.99,True
151,8,premium,29.99,paid,29.99,True
152,8,basic,9.99,paid,9.99,True
153,8,basic,9.99,paid,9.99,True
154,8,basic,9.99,paid,9.99,True
155,8,premium,29.99,paid,29.99,True
156,8,basic,9.99,paid,9.99,True
157,8,pro,19.99,paid,19.99,True
158,8,pro,19.99,paid,19.99,True
159,8,basic,9.99,paid,9.99,True
160,8,pro,19.99,paid,19.99,True
161,8,basic,9.99,failed,0.0,False
162,8,pro,19.99,paid,19.99,True
163,8,pro,19.99,paid,19.99,True
164,8,pro,19.99,failed,0.0,False
165,8,basic,9.99,failed,0.0,True
166,8,pro,19.99,failed,0.0,False
167,8,basic,9.99,paid,9.99,True
168,8,basic,9.99,paid,9.99,True
169,8,basic,9.99,paid,9.99,True
170,8,pro,19.99,failed,0.0,False
171,8,pro,19.99,paid,19.99,True
172,8,basic,9.99,paid,9.99,True
173,8,pro,19.99,paid,19.99,True
174,8,basic,9.99,paid,9.99,True
175,8,pro,19.99,paid,19.99,True
176,8,basic,9.99,paid,9.99,True
177,8,pro,19.99,failed,0.0,False
178,8,basic,9.99,paid,9.99,True
179,8,premium,29.99,paid,29.99,True
180,8,basic,9.99,paid,9.99,True
181,8,basic,9.99,failed,0.0,False
182,8,basic,9.99,failed,0.0,True
183,8,premium,29.99,failed,0.0,False
184,8,premium,29.99,paid,29.99,True
185,8,basic,9.99,paid,9.99,True
186,8,pro,19.99,paid,19.99,True
187,8,pro,19.99,paid,19.99,True
188,8,pro,19.99,paid,19.99,True
189,8,pro,19.99,paid,19.99,True
190,8,basic,9.99,paid,9.99,True
191,8,basic,9.99,paid,9.99,True
192,8,premium,29.99,paid,29.99,True
193,8,premium,29.99,paid,29.99,True
194,8,pro,19.99,paid,19.99,True
195,8,basic,9.99,paid,9.99,True
196,8,basic,9.99,failed,0.0,False
197,8,pro,19.99,failed,0.0,False
198,8,premium,29.99,paid,29.99,True
199,8,premium,29.99,failed,0.0,False
200,8,pro,19.99,failed,0.0,False
201,8,pro,19.99,paid,19.99,True
202,8,basic,9.99,failed,0.0,False
203,8,basic,9.99,paid,9.99,True
204,8,premium,29.99,paid,29.99,True
205,8,pro,19.99,paid,19.99,True
206,8,basic,9.99,paid,9.99,True
207,8,basic,9.99,failed,0.0,False
208,8,pro,19.99,paid,19.99,True
209,8,basic,9.99,paid,9.99,True
210,8,basic,9.99,paid,9.99,True
211,8,pro,19.99,paid,19.99,True
212,8,pro,19.99,paid,19.99,True
213,8,pro,19.99,paid,19.99,True
214,8,basic,9.99,failed,0.0,True
215,8,pro,19.99,paid,19.99,True
216,8,basic,9.99,paid,9.99,True
217,8,basic,9.99,paid,9.99,True
218,8,pro,19.99,failed,0.0,False
219,8,pro,19.99,paid,19.99,True
220,8,pro,19.99,paid,19.99,True
221,8,pro,19.99,paid,19.99,True
222,8,pro,19.99,paid,19.99,True
223,8,basic,9.99,paid,9.99,True
224,8,basic,9.99,paid,9.99,True
225,8,basic,9.99,paid,9.99,True
226,8,basic,9.99,failed,0.0,False
227,8,premium,29.99,failed,0.0,True
228,8,basic,9.99,failed,0.0,False
229,8,premium,29.99,paid,29.99,True
230,8,pro,19.99,paid,19.99,True
231,8,pro,19.99,paid,19.99,True
232,8,pro,19.99,paid,19.99,True
233,8,pro,19.99,paid,19.99,True
234,8,basic,9.99,paid,9.99,True
235,8,basic,9.99,paid,9.99,True
236,8,pro,19.99,paid,19.99,True
237,8,basic,9.99,failed,0.0,False
238,8,basic,9.99,failed,0.0,False
239,8,pro,19.99,failed,0.0,False
240,8,basic,9.99,paid,9.99,True
241,8,premium,29.99,paid,29.99,True
242,8,premium,29.99,paid,29.99,True
243,8,premium,29.99,paid,29.99,True
244,8,basic,9.99,paid,9.99,True
245,8,basic,9.99,paid,9.99,True
246,8,premium,29.99,paid,29.99,True
247,8,basic,9.99,paid,9.99,True
248,8,premium,29.99,paid,29.99,True
249,8,premium,29.99,paid,29.99,True
250,8,premium,29.99,paid,29.99,True
251,8,basic,9.99,paid,9.99,True
252,8,basic,9.99,paid,9.99,True
253,8,premium,29.99,paid,29.99,True
254,8,basic,9.99,failed,0.0,True
255,8,basic,9.99,paid,9.99,True
256,8,pro,19.99,failed,0.0,False
257,8,premium,29.99,failed,0.0,False
258,8,pro,19.99,paid,19.99,True
259,8,pro,19.99,failed,0.0,True
260,8,basic,9.99,paid,9.99,True
261,8,pro,19.99,failed,0.0,False
262,8,premium,29.99,paid,29.99,True
263,8,basic,9.99,paid,9.99,True
264,8,pro,19.99,paid,19.99,True
265,8,premium,29.99,failed,0.0,False
266,8,pro,19.99,failed,0.0,False
267,8,pro,19.99,paid,19.99,True
268,8,pro,19.99,paid,19.99,True
269,8,basic,9.99,paid,9.99,True
270,8,basic,9.99,paid,9.99,True
271,8,pro,19.99,paid,19.99,True
272,8,pro,19.99,paid,19.99,True
273,8,premium,29.99,paid,29.99,True
274,8,premium,29.99,failed,0.0,True
275,8,pro,19.99,failed,0.0,False
276,8,pro,19.99,failed,0.0,True
277,8,pro,19.99,failed,0.0,False
278,8,pro,19.99,paid,19.99,True
279,8,pro,19.99,paid,19.99,True
280,8,pro,19.99,failed,0.0,False
281,8,premium,29.99,paid,29.99,True
282,8,basic,9.99,failed,0.0,False
283,8,basic,9.99,paid,9.99,True
284,8,basic,9.99,paid,9.99,True
285,8,pro,19.99,failed,0.0,True
286,8,basic,9.99,paid,9.99,True
287,8,basic,9.99,failed,0.0,False
288,8,pro,19.99,paid,19.99,True
289,8,basic,9.99,paid,9.99,True
290,8,pro,19.99,paid,19.99,True
291,8,basic,9.99,paid,9.99,True
292,8,basic,9.99,paid,9.99,True
293,8,pro,19.99,failed,0.0,False
294,8,basic,9.99,failed,0.0,False
295,8,basic,9.99,paid,9.99,True
296,8,pro,19.99,paid,19.99,True
297,8,pro,19.99,paid,19.99,True
298,8,basic,9.99,paid,9.99,True
299,8,pro,19.99,paid,19.99,True
300,8,basic,9.99,paid,9.99,True
301,8,basic,9.99,paid,9.99,True
302,8,pro,19.99,paid,19.99,True
303,8,pro,19.99,paid,19.99,True
304,8,pro,19.99,paid,19.99,True
305,8,pro,19.99,failed,0.0,False
306,8,premium,29.99,failed,0.0,False
307,8,pro,19.99,failed,0.0,False
308,8,basic,9.99,paid,9.99,True
309,8,pro,19.99,paid,19.99,True
310,8,basic,9.99,paid,9.99,True
311,8,basic,9.99,failed,0.0,False
312,8,basic,9.99,paid,9.99,True
313,8,basic,9.99,failed,0.0,True
314,8,premium,29.99,paid,29.99,True
315,8,pro,19.99,paid,19.99,True
316,8,pro,19.99,paid,19.99,True
317,8,basic,9.99,paid,9.99,True
318,8,basic,9.99,paid,9.99,True
319,8,basic,9.99,paid,9.99,True
320,8,basic,9.99,failed,0.0,False
321,8,pro,19.99,failed,0.0,False
322,8,pro,19.99,paid,19.99,True
323,8,pro,19.99,paid,19.99,True
324,8,basic,9.99,failed,0.0,False
325,8,premium,29.99,paid,29.99,True
326,8,pro,19.99,paid,19.99,True
327,8,pro,19.99,paid,19.99,True
328,8,pro,19.99,paid,19.99,True
329,8,basic,9.99,paid,9.99,True
330,8,basic,9.99,paid,9.99,True
331,8,basic,9.99,paid,9.99,True
332,8,pro,19.99,paid,19.99,True
333,8,basic,9.99,paid,9.99,True
334,8,basic,9.99,paid,9.99,True
335,8,basic,9.99,paid,9.99,True
336,8,basic,9.99,paid,9.99,True
337,8,premium,29.99,paid,29.99,True
338,8,pro,19.99,paid,19.99,True
339,8,basic,9.99,paid,9.99,True
340,8,basic,9.99,paid,9.99,True
341,8,basic,9.99,paid,9.99,True
342,8,basic,9.99,paid,9.99,True
343,8,basic,9.99,paid,9.99,True
344,8,basic,9.99,paid,9.99,True
345,8,basic,9.99,paid,9.99,True
346,8,pro,19.99,paid,19.99,True
347,8,pro,19.99,paid,19.99,True
348,8,basic,9.99,paid,9.99,True
349,8,basic,9.99,failed,0.0,False
350,8,pro,19.99,paid,19.99,True
351,8,pro,19.99,paid,19.99,True
352,8,premium,29.99,paid,29.99,True
353,8,pro,19.99,failed,0.0,False
354,8,basic,9.99,paid,9.99,True
355,8,basic,9.99,paid,9.99,True
356,8,pro,19.99,paid,19.99,True
357,8,basic,9.99,paid,9.99,True
358,8,pro,19.99,paid,19.99,True
359,8,premium,29.99,failed,0.0,False
360,8,pro,19.99,paid,19.99,True
361,8,basic,9.99,paid,9.99,True
362,8,pro,19.99,paid,19.99,True
363,8,basic,9.99,paid,9.99,True
364,8,pro,19.99,paid,19.99,True
365,8,premium,29.99,paid,29.99,True
366,8,basic,9.99,failed,0.0,False
367,8,premium,29.99,paid,29.99,True
368,8,premium,29.99,paid,29.99,True
369,8,basic,9.99,failed,0.0,False
370,8,basic,9.99,paid,9.99,True
371,8,basic,9.99,paid,9.99,True
372,8,basic,9.99,paid,9.99,True
373,8,basic,9.99,paid,9.99,True
374,8,pro,19.99,failed,0.0,False
375,8,basic,9.99,failed,0.0,False
376,8,basic,9.99,failed,0.0,False
377,8,pro,19.99,paid,19.99,True
378,8,basic,9.99,paid,9.99,True
379,8,pro,19.99,failed,0.0,True
380,8,basic,9.99,failed,0.0,False
381,8,basic,9.99,failed,0.0,False
382,8,pro,19.99,paid,19.99,True
383,8,pro,19.99,paid,19.99,True
384,8,premium,29.99,paid,29.99,True
385,8,pro,19.99,failed,0.0,False
386,8,pro,19.99,paid,19.99,True
387,8,basic,9.99,paid,9.99,True
388,8,basic,9.99,paid,9.99,True
389,8,pro,19.99,paid,19.99,True
390,8,pro,19.99,paid,19.99,True
391,8,premium,29.99,paid,29.99,True
392,8,basic,9.99,paid,9.99,True
393,8,basic,9.99,paid,9.99,True
394,8,pro,19.99,paid,19.99,True
395,8,basic,9.99,paid,9.99,True
396,8,premium,29.99,paid,29.99,True
397,8,premium,29.99,paid,29.99,True
398,8,basic,9.99,failed,0.0,False
399,8,pro,19.99,paid,19.99,True
400,8,pro,19.99,paid,19.99,True
401,8,basic,9.99,paid,9.99,True
402,8,premium,29.99,failed,0.0,False
403,8,pro,19.99,failed,0.0,False
404,8,pro,19.99,paid,19.99,True
405,8,basic,9.99,paid,9.99,True
406,8,premium,29.99,failed,0.0,True
407,8,basic,9.99,paid,9.99,True
408,8,basic,9.99,paid,9.99,True
409,8,premium,29.99,paid,29.99,True
410,8,basic,9.99,paid,9.99,True
411,8,basic,9.99,paid,9.99,True
412,8,premium,29.99,paid,29.99,True
413,8,premium,29.99,paid,29.99,True
414,8,pro,19.99,paid,19.99,True
415,8,pro,19.99,paid,19.99,True
416,8,basic,9.99,paid,9.99,True
417,8,basic,9.99,paid,9.99,True
418,8,basic,9.99,paid,9.99,True
419,8,pro,19.99,paid,19.99,True
420,8,pro,19.99,paid,19.99,True
421,8,pro,19.99,failed,0.0,False
422,8,pro,19.99,paid,19.99,True
423,8,basic,9.99,failed,0.0,False
424,8,basic,9.99,paid,9.99,True
425,8,basic,9.99,failed,0.0,False
426,8,pro,19.99,failed,0.0,False
427,8,basic,9.99,paid,9.99,True
428,8,premium,29.99,paid,29.99,True
429,8,basic,9.99,paid,9.99,True
430,8,basic,9.99,failed,0.0,False
431,8,basic,9.99,paid,9.99,True
432,8,pro,19.99,paid,19.99,True
433,8,pro,19.99,paid,19.99,True
434,8,basic,9.99,paid,9.99,True
435,8,basic,9.99,paid,9.99,True
436,8,pro,19.99,failed,0.0,False
437,8,basic,9.99,paid,9.99,True
438,8,pro,19.99,failed,0.0,False
439,8,pro,19.99,failed,0.0,True
440,8,basic,9.99,failed,0.0,False
441,8,basic,9.99,failed,0.0,False
442,8,premium,29.99,paid,29.99,True
443,8,basic,9.99,failed,0.0,False
444,8,basic,9.99,failed,0.0,False
445,8,pro,19.99,failed,0.0,False
446,8,premium,29.99,paid,29.99,True
447,8,premium,29.99,paid,29.99,True
448,8,pro,19.99,paid,19.99,True
449,8,basic,9.99,failed,0.0,False
450,8,basic,9.99,paid,9.99,True
451,8,pro,19.99,paid,19.99,True
452,8,pro,19.99,paid,19.99,True
453,8,basic,9.99,paid,9.99,True
454,8,premium,29.99,paid,29.99,True
455,8,basic,9.99,paid,9.99,True
456,8,basic,9.99,paid,9.99,True
457,8,basic,9.99,paid,9.99,True
458,8,basic,9.99,paid,9.99,True
459,8,basic,9.99,failed,0.0,False
460,8,basic,9.99,failed,0.0,False
461,8,basic,9.99,paid,9.99,True
462,8,pro,19.99,paid,19.99,True
463,8,pro,19.99,paid,19.99,True
464,8,pro,19.99,paid,19.99,True
465,8,premium,29.99,failed,0.0,False
466,8,basic,9.99,paid,9.99,True
467,8,basic,9.99,failed,0.0,False
468,8,premium,29.99,paid,29.99,True
469,8,basic,9.99,paid,9.99,True
470,8,premium,29.99,paid,29.99,True
471,8,basic,9.99,paid,9.99,True
472,8,premium,29.99,failed,0.0,False
473,8,basic,9.99,paid,9.99,True
474,8,premium,29.99,paid,29.99,True
475,8,pro,19.99,paid,19.99,True
476,8,premium,29.99,paid,29.99,True
477,8,basic,9.99,paid,9.99,True
478,8,pro,19.99,paid,19.99,True
479,8,premium,29.99,paid,29.99,True
480,8,pro,19.99,paid,19.99,True
481,8,pro,19.99,paid,19.99,True
482,8,pro,19.99,paid,19.99,True
483,8,basic,9.99,paid,9.99,True
484,8,pro,19.99,paid,19.99,True
485,8,pro,19.99,paid,19.99,True
486,8,premium,29.99,paid,29.99,True
487,8,basic,9.99,paid,9.99,True
488,8,basic,9.99,paid,9.99,True
489,8,premium,29.99,paid,29.99,True
490,8,premium,29.99,paid,29.99,True
491,8,basic,9.99,paid,9.99,True
492,8,pro,19.99,paid,19.99,True
493,8,basic,9.99,paid,9.99,True
494,8,basic,9.99,paid,9.99,True
495,8,basic,9.99,paid,9.99,True
496,8,basic,9.99,failed,0.0,False
497,8,pro,19.99,paid,19.99,True
498,8,basic,9.99,paid,9.99,True
499,8,premium,29.99,paid,29.99,True
500,8,premium,29.99,paid,29.99,True
501,8,pro,19.99,paid,19.99,True
502,8,pro,19.99,paid,19.99,True
503,8,basic,9.99,paid,9.99,True
504,8,pro,19.99,paid,19.99,True
505,8,pro,19.99,paid,19.99,True
506,8,basic,9.99,failed,0.0,False
507,8,premium,29.99,failed,0.0,False
508,8,pro,19.99,failed,0.0,True
509,8,premium,29.99,paid,29.99,True
510,8,pro,19.99,paid,19.99,True
511,8,pro,19.99,failed,0.0,False
512,8,basic,9.99,paid,9.99,True
513,8,premium,29.99,paid,29.99,True
514,8,premium,29.99,paid,29.99,True
515,8,basic,9.99,failed,0.0,False
516,8,basic,9.99,paid,9.99,True
517,8,basic,9.99,paid,9.99,True
518,8,pro,19.99,failed,0.0,True
519,8,premium,29.99,paid,29.99,True
520,8,basic,9.99,paid,9.99,True
521,8,pro,19.99,paid,19.99,True
522,8,basic,9.99,paid,9.99,True
523,8,premium,29.99,paid,29.99,True
524,8,pro,19.99,failed,0.0,True
525,8,pro,19.99,paid,19.99,True
526,8,basic,9.99,paid,9.99,True
527,8,basic,9.99,failed,0.0,False
528,8,basic,9.99,paid,9.99,True
529,8,basic,9.99,failed,0.0,False
530,8,premium,29.99,paid,29.99,True
531,8,pro,19.99,paid,19.99,True
532,8,premium,29.99,paid,29.99,True
533,8,premium,29.99,paid,29.99,True
534,8,pro,19.99,failed,0.0,False
535,8,pro,19.99,paid,19.99,True
536,8,premium,29.99,paid,29.99,True
537,8,pro,19.99,paid,19.99,True
538,8,basic,9.99,paid,9.99,True
539,8,basic,9.99,paid,9.99,True
540,8,basic,9.99,paid,9.99,True
541,8,premium,29.99,paid,29.99,True
542,8,pro,19.99,paid,19.99,True
543,8,basic,9.99,failed,0.0,False
544,8,pro,19.99,paid,19.99,True
545,8,pro,19.99,paid,19.99,True
546,8,basic,9.99,paid,9.99,True
547,8,basic,9.99,paid,9.99,True
548,8,pro,19.99,paid,19.99,True
549,8,pro,19.99,paid,19.99,True
550,8,pro,19.99,paid,19.99,True
551,8,pro,19.99,failed,0.0,True
552,8,premium,29.99,paid,29.99,True
553,8,pro,19.99,failed,0.0,False
554,8,pro,19.99,failed,0.0,False
555,8,premium,29.99,paid,29.99,True
556,8,basic,9.99,paid,9.99,True
557,8,basic,9.99,paid,9.99,True
558,8,basic,9.99,failed,0.0,False
559,8,pro,19.99,paid,19.99,True
560,8,pro,19.99,paid,19.99,True
561,8,pro,19.99,paid,19.99,True
562,8,basic,9.99,paid,9.99,True
563,8,basic,9.99,paid,9.99,True
564,8,basic,9.99,paid,9.99,True
565,8,basic,9.99,paid,9.99,True
566,8,pro,19.99,paid,19.99,True
567,8,basic,9.99,failed,0.0,False
568,8,basic,9.99,failed,0.0,True
569,8,premium,29.99,paid,29.99,True
570,8,basic,9.99,paid,9.99,True
571,8,pro,19.99,failed,0.0,False
572,8,pro,19.99,failed,0.0,False
573,8,basic,9.99,paid,9.99,True
574,8,pro,19.99,paid,19.99,True
575,8,premium,29.99,paid,29.99,True
576,8,premium,29.99,paid,29.99,True
577,8,basic,9.99,paid,9.99,True
578,8,premium,29.99,paid,29.99,True
579,8,basic,9.99,failed,0.0,True
580,8,basic,9.99,paid,9.99,True
581,8,basic,9.99,failed,0.0,False
582,8,premium,29.99,failed,0.0,False
583,8,basic,9.99,paid,9.99,True
584,8,basic,9.99,paid,9.99,True
585,8,pro,19.99,failed,0.0,False
586,8,basic,9.99,paid,9.99,True
587,8,basic,9.99,paid,9.99,True
588,8,basic,9.99,paid,9.99,True
589,8,basic,9.99,paid,9.99,True
590,8,basic,9.99,paid,9.99,True
591,8,basic,9.99,paid,9.99,True
592,8,pro,19.99,paid,19.99,True
593,8,basic,9.99,paid,9.99,True
594,8,basic,9.99,paid,9.99,True
595,8,premium,29.99,paid,29.99,True
596,8,basic,9.99,paid,9.99,True
597,8,pro,19.99,failed,0.0,False
598,8,basic,9.99,failed,0.0,False
599,8,basic,9.99,paid,9.99,True
600,8,basic,9.99,failed,0.0,False
601,8,basic,9.99,paid,9.99,True
602,8,basic,9.99,failed,0.0,False
603,8,basic,9.99,paid,9.99,True
604,8,basic,9.99,paid,9.99,True
605,8,basic,9.99,paid,9.99,True
606,8,basic,9.99,paid,9.99,True
607,8,basic,9.99,paid,9.99,True
608,8,basic,9.99,paid,9.99,True
609,8,pro,19.99,failed,0.0,False
610,8,pro,19.99,paid,19.99,True
611,8,basic,9.99,failed,0.0,False
612,8,pro,19.99,paid,19.99,True
613,8,pro,19.99,paid,19.99,True
614,8,basic,9.99,failed,0.0,False
615,8,premium,29.99,paid,29.99,True
616,8,premium,29.99,paid,29.99,True
617,8,basic,9.99,paid,9.99,True
618,8,basic,9.99,paid,9.99,True
619,8,pro,19.99,paid,19.99,True
620,8,pro,19.99,paid,19.99,True
621,8,basic,9.99,paid,9.99,True
622,8,basic,9.99,paid,9.99,True
623,8,basic,9.99,paid,9.99,True
624,8,basic,9.99,paid,9.99,True
625,8,pro,19.99,paid,19.99,True
626,8,basic,9.99,paid,9.99,True
627,8,basic,9.99,paid,9.99,True
628,8,pro,19.99,paid,19.99,True
629,8,basic,9.99,paid,9.99,True
630,8,basic,9.99,paid,9.99,True
631,8,pro,19.99,paid,19.99,True
632,8,premium,29.99,paid,29.99,True
633,8,pro,19.99,paid,19.99,True
634,8,pro,19.99,failed,0.0,False
635,8,basic,9.99,failed,0.0,False
636,8,basic,9.99,failed,0.0,False
637,8,pro,19.99,paid,19.99,True
638,8,basic,9.99,paid,9.99,True
639,8,basic,9.99,paid,9.99,True
640,8,basic,9.99,failed,0.0,False
641,8,basic,9.99,failed,0.0,False
642,8,basic,9.99,failed,0.0,False
643,8,basic,9.99,paid,9.99,True
644,8,basic,9.99,failed,0.0,False
645,8,basic,9.99,failed,0.0,False
646,8,premium,29.99,paid,29.99,True
647,8,pro,19.99,paid,19.99,True
648,8,pro,19.99,failed,0.0,False
649,8,pro,19.99,paid,19.99,True
650,8,basic,9.99,failed,0.0,False
651,8,basic,9.99,paid,9.99,True
652,8,pro,19.99,paid,19.99,True
653,8,pro,19.99,paid,19.99,True
654,8,pro,19.99,failed,0.0,False
655,8,basic,9.99,failed,0.0,True
656,8,basic,9.99,paid,9.99,True
657,8,basic,9.99,failed,0.0,False
658,8,basic,9.99,paid,9.99,True
659,8,pro,19.99,paid,19.99,True
660,8,pro,19.99,paid,19.99,True
661,8,basic,9.99,failed,0.0,False
662,8,premium,29.99,paid,29.99,True
663,8,pro,19.99,paid,19.99,True
664,8,basic,9.99,failed,0.0,False
665,8,basic,9.99,paid,9.99,True
666,8,basic,9.99,failed,0.0,False
667,8,basic,9.99,paid,9.99,True
668,8,basic,9.99,paid,9.99,True
669,8,basic,9.99,paid,9.99,True
670,8,basic,9.99,paid,9.99,True
671,8,basic,9.99,paid,9.99,True
672,8,premium,29.99,paid,29.99,True
673,8,basic,9.99,paid,9.99,True
674,8,pro,19.99,paid,19.99,True
675,8,basic,9.99,paid,9.99,True
676,8,premium,29.99,paid,29.99,True
677,8,basic,9.99,paid,9.99,True
678,8,basic,9.99,failed,0.0,False
679,8,premium,29.99,paid,29.99,True
680,8,premium,29.99,paid,29.99,True
681,8,pro,19.99,failed,0.0,False
682,8,basic,9.99,paid,9.99,True
683,8,basic,9.99,paid,9.99,True
684,8,pro,19.99,paid,19.99,True
685,8,premium,29.99,paid,29.99,True
686,8,pro,19.99,paid,19.99,True
687,8,pro,19.99,paid,19.99,True
688,8,basic,9.99,paid,9.99,True
689,8,pro,19.99,paid,19.99,True
690,8,basic,9.99,failed,0.0,False
691,8,basic,9.99,failed,0.0,False
692,8,basic,9.99,paid,9.99,True
693,8,pro,19.99,paid,19.99,True
694,8,basic,9.99,failed,0.0,False
695,8,basic,9.99,paid,9.99,True
696,8,pro,19.99,paid,19.99,True
697,8,basic,9.99,failed,0.0,False
698,8,pro,19.99,failed,0.0,False
699,8,basic,9.99,paid,9.99,True
700,8,basic,9.99,paid,9.99,True
701,8,pro,19.99,paid,19.99,True
702,8,basic,9.99,failed,0.0,False
703,8,basic,9.99,paid,9.99,True
704,8,basic,9.99,failed,0.0,True
705,8,basic,9.99,paid,9.99,True
706,8,premium,29.99,failed,0.0,True
707,8,basic,9.99,failed,0.0,False
708,8,pro,19.99,paid,19.99,True
709,8,basic,9.99,paid,9.99,True
710,8,pro,19.99,paid,19.99,True
711,8,pro,19.99,paid,19.99,True
712,8,pro,19.99,paid,19.99,True
713,8,basic,9.99,paid,9.99,True
714,8,basic,9.99,paid,9.99,True
715,8,basic,9.99,failed,0.0,False
716,8,premium,29.99,failed,0.0,True
717,8,pro,19.99,paid,19.99,True
718,8,premium,29.99,failed,0.0,False
719,8,basic,9.99,paid,9.99,True
720,8,pro,19.99,paid,19.99,True
721,8,premium,29.99,paid,29.99,True
722,8,basic,9.99,failed,0.0,False
723,8,basic,9.99,paid,9.99,True
724,8,pro,19.99,paid,19.99,True
725,8,pro,19.99,paid,19.99,True
726,8,pro,19.99,paid,19.99,True
727,8,basic,9.99,paid,9.99,True
728,8,pro,19.99,paid,19.99,True
729,8,basic,9.99,failed,0.0,False
730,8,basic,9.99,paid,9.99,True
731,8,basic,9.99,paid,9.99,True
732,8,pro,19.99,paid,19.99,True
733,8,pro,19.99,paid,19.99,True
734,8,pro,19.99,paid,19.99,True
735,8,basic,9.99,failed,0.0,False
736,8,premium,29.99,paid,29.99,True
737,8,basic,9.99,paid,9.99,True
738,8,pro,19.99,paid,19.99,True
739,8,basic,9.99,paid,9.99,True
740,8,basic,9.99,paid,9.99,True
741,8,basic,9.99,paid,9.99,True
742,8,basic,9.99,paid,9.99,True
743,8,pro,19.99,paid,19.99,True
744,8,pro,19.99,failed,0.0,False
745,8,basic,9.99,paid,9.99,True
746,8,premium,29.99,paid,29.99,True
747,8,basic,9.99,paid,9.99,True
748,8,pro,19.99,paid,19.99,True
749,8,premium,29.99,paid,29.99,True
750,8,pro,19.99,paid,19.99,True
751,8,basic,9.99,failed,0.0,False
752,8,premium,29.99,paid,29.99,True
753,8,pro,19.99,paid,19.99,True
754,8,basic,9.99,paid,9.99,True
755,8,basic,9.99,failed,0.0,True
756,8,pro,19.99,paid,19.99,True
757,8,pro,19.99,failed,0.0,False
758,8,pro,19.99,paid,19.99,True
759,8,premium,29.99,paid,29.99,True
760,8,pro,19.99,paid,19.99,True
761,8,basic,9.99,paid,9.99,True
762,8,basic,9.99,failed,0.0,False
763,8,basic,9.99,paid,9.99,True
764,8,pro,19.99,failed,0.0,False
765,8,basic,9.99,paid,9.99,True
766,8,pro,19.99,paid,19.99,True
767,8,pro,19.99,paid,19.99,True
768,8,premium,29.99,paid,29.99,True
769,8,basic,9.99,paid,9.99,True
770,8,pro,19.99,paid,19.99,True
771,8,basic,9.99,failed,0.0,False
772,8,pro,19.99,paid,19.99,True
773,8,basic,9.99,paid,9.99,True
774,8,basic,9.99,paid,9.99,True
775,8,pro,19.99,paid,19.99,True
776,8,basic,9.99,paid,9.99,True
777,8,basic,9.99,paid,9.99,True
778,8,pro,19.99,failed,0.0,False
779,8,pro,19.99,paid,19.99,True
780,8,pro,19.99,paid,19.99,True
781,8,pro,19.99,paid,19.99,True
782,8,pro,19.99,failed,0.0,False
783,8,basic,9.99,paid,9.99,True
784,8,basic,9.99,paid,9.99,True
785,8,basic,9.99,failed,0.0,False
786,8,premium,29.99,paid,29.99,True
787,8,pro,19.99,paid,19.99,True
788,8,basic,9.99,failed,0.0,False
789,8,basic,9.99,paid,9.99,True
790,8,premium,29.99,paid,29.99,True
791,8,basic,9.99,paid,9.99,True
792,8,pro,19.99,paid,19.99,True
793,8,pro,19.99,paid,19.99,True
794,8,pro,19.99,paid,19.99,True
795,8,basic,9.99,paid,9.99,True
796,8,premium,29.99,paid,29.99,True
797,8,premium,29.99,paid,29.99,True
798,8,pro,19.99,paid,19.99,True
799,8,pro,19.99,failed,0.0,True
800,8,premium,29.99,paid,29.99,True
801,8,pro,19.99,paid,19.99,True
802,8,basic,9.99,failed,0.0,False
803,8,pro,19.99,paid,19.99,True
804,8,pro,19.99,paid,19.99,True
805,8,basic,9.99,failed,0.0,False
806,8,pro,19.99,paid,19.99,True
807,8,premium,29.99,failed,0.0,True
808,8,premium,29.99,paid,29.99,True
809,8,basic,9.99,paid,9.99,True
810,8,basic,9.99,failed,0.0,False
811,8,premium,29.99,paid,29.99,True
812,8,pro,19.99,paid,19.99,True
813,8,basic,9.99,paid,9.99,True
814,8,premium,29.99,failed,0.0,True
815,8,premium,29.99,paid,29.99,True
816,8,pro,19.99,failed,0.0,False
817,8,pro,19.99,paid,19.99,True
818,8,basic,9.99,paid,9.99,True
819,8,basic,9.99,paid,9.99,True
820,8,basic,9.99,paid,9.99,True
821,8,pro,19.99,failed,0.0,False
822,8,basic,9.99,paid,9.99,True
823,8,basic,9.99,failed,0.0,False
824,8,basic,9.99,paid,9.99,True
825,8,pro,19.99,paid,19.99,True
826,8,premium,29.99,paid,29.99,True
827,8,basic,9.99,paid,9.99,True
828,8,basic,9.99,paid,9.99,True
829,8,pro,19.99,paid,19.99,True
830,8,basic,9.99,paid,9.99,True
831,8,basic,9.99,paid,9.99,True
832,8,basic,9.99,paid,9.99,True
833,8,basic,9.99,paid,9.99,True
834,8,basic,9.99,failed,0.0,False
835,8,basic,9.99,failed,0.0,False
836,8,basic,9.99,paid,9.99,True
837,8,premium,29.99,paid,29.99,True
838,8,basic,9.99,failed,0.0,False
839,8,pro,19.99,paid,19.99,True
840,8,pro,19.99,paid,19.99,True
841,8,basic,9.99,paid,9.99,True
842,8,pro,19.99,paid,19.99,True
843,8,basic,9.99,paid,9.99,True
844,8,premium,29.99,paid,29.99,True
845,8,basic,9.99,paid,9.99,True
846,8,basic,9.99,paid,9.99,True
847,8,basic,9.99,failed,0.0,False
848,8,premium,29.99,failed,0.0,True
849,8,pro,19.99,paid,19.99,True
850,8,pro,19.99,failed,0.0,False
851,8,basic,9.99,failed,0.0,False
852,8,pro,19.99,paid,19.99,True
853,8,basic,9.99,paid,9.99,True
854,8,premium,29.99,paid,29.99,True
855,8,basic,9.99,failed,0.0,False
856,8,basic,9.99,failed,0.0,False
857,8,basic,9.99,failed,0.0,False
858,8,basic,9.99,paid,9.99,True
859,8,pro,19.99,failed,0.0,False
860,8,basic,9.99,paid,9.99,True
861,8,pro,19.99,paid,19.99,True
862,8,basic,9.99,paid,9.99,True
863,8,pro,19.99,paid,19.99,True
864,8,basic,9.99,paid,9.99,True
865,8,basic,9.99,paid,9.99,True
866,8,pro,19.99,paid,19.99,True
867,8,basic,9.99,paid,9.99,True
868,8,basic,9.99,paid,9.99,True
869,8,premium,29.99,paid,29.99,True
870,8,premium,29.99,failed,0.0,False
871,8,basic,9.99,paid,9.99,True
872,8,basic,9.99,paid,9.99,True
873,8,pro,19.99,paid,19.99,True
874,8,basic,9.99,paid,9.99,True
875,8,basic,9.99,paid,9.99,True
876,8,basic,9.99,paid,9.99,True
877,8,pro,19.99,paid,19.99,True
878,8,pro,19.99,paid,19.99,True
879,8,basic,9.99,failed,0.0,False
880,8,basic,9.99,paid,9.99,True
881,8,basic,9.99,failed,0.0,False
882,8,pro,19.99,paid,19.99,True
883,8,basic,9.99,paid,9.99,True
884,8,basic,9.99,paid,9.99,True
885,8,pro,19.99,failed,0.0,False
886,8,basic,9.99,paid,9.99,True
887,8,pro,19.99,paid,19.99,True
888,8,basic,9.99,paid,9.99,True
889,8,basic,9.99,paid,9.99,True
890,8,basic,9.99,paid,9.99,True
891,8,pro,19.99,failed,0.0,False
892,8,premium,29.99,paid,29.99,True
893,8,pro,19.99,paid,19.99,True
894,8,basic,9.99,paid,9.99,True
895,8,pro,19.99,paid,19.99,True
896,8,basic,9.99,paid,9.99,True
897,8,basic,9.99,paid,9.99,True
898,8,premium,29.99,paid,29.99,True
899,8,basic,9.99,paid,9.99,True
900,8,basic,9.99,paid,9.99,True
901,8,basic,9.99,failed,0.0,False
902,8,basic,9.99,paid,9.99,True
903,8,basic,9.99,paid,9.99,True
904,8,pro,19.99,paid,19.99,True
905,8,basic,9.99,failed,0.0,False
906,8,premium,29.99,failed,0.0,False
907,8,pro,19.99,paid,19.99,True
908,8,basic,9.99,paid,9.99,True
909,8,basic,9.99,paid,9.99,True
910,8,basic,9.99,paid,9.99,True
911,8,pro,19.99,failed,0.0,False
912,8,basic,9.99,paid,9.99,True
913,8,pro,19.99,failed,0.0,False
914,8,basic,9.99,paid,9.99,True
915,8,pro,19.99,paid,19.99,True
916,8,basic,9.99,paid,9.99,True
917,8,basic,9.99,paid,9.99,True
918,8,premium,29.99,failed,0.0,True
919,8,pro,19.99,paid,19.99,True
920,8,basic,9.99,paid,9.99,True
921,8,premium,29.99,failed,0.0,False
922,8,basic,9.99,paid,9.99,True
923,8,premium,29.99,paid,29.99,True
924,8,pro,19.99,failed,0.0,False
925,8,basic,9.99,paid,9.99,True
926,8,basic,9.99,paid,9.99,True
927,8,basic,9.99,paid,9.99,True
928,8,pro,19.99,paid,19.99,True
929,8,pro,19.99,paid,19.99,True
930,8,basic,9.99,paid,9.99,True
931,8,basic,9.99,paid,9.99,True
932,8,pro,19.99,paid,19.99,True
933,8,premium,29.99,paid,29.99,True
934,8,pro,19.99,paid,19.99,True
935,8,basic,9.99,paid,9.99,True
936,8,basic,9.99,failed,0.0,False
937,8,basic,9.99,paid,9.99,True
938,8,premium,29.99,paid,29.99,True
939,8,basic,9.99,paid,9.99,True
940,8,pro,19.99,paid,19.99,True
941,8,basic,9.99,paid,9.99,True
942,8,pro,19.99,paid,19.99,True
943,8,pro,19.99,paid,19.99,True
944,8,pro,19.99,paid,19.99,True
945,8,basic,9.99,paid,9.99,True
946,8,basic,9.99,paid,9.99,True
947,8,basic,9.99,paid,9.99,True
948,8,premium,29.99,paid,29.99,True
949,8,premium,29.99,paid,29.99,True
950,8,pro,19.99,paid,19.99,True
951,8,pro,19.99,failed,0.0,False
952,8,pro,19.99,paid,19.99,True
953,8,basic,9.99,paid,9.99,True
954,8,premium,29.99,paid,29.99,True
955,8,basic,9.99,paid,9.99,True
956,8,basic,9.99,paid,9.99,True
957,8,pro,19.99,paid,19.99,True
958,8,basic,9.99,failed,0.0,False
959,8,basic,9.99,paid,9.99,True
960,8,pro,19.99,failed,0.0,False
961,8,basic,9.99,paid,9.99,True
962,8,pro,19.99,paid,19.99,True
963,8,basic,9.99,failed,0.0,True
964,8,basic,9.99,paid,9.99,True
965,8,basic,9.99,paid,9.99,True
966,8,basic,9.99,paid,9.99,True
967,8,pro,19.99,paid,19.99,True
968,8,basic,9.99,failed,0.0,False
969,8,pro,19.99,paid,19.99,True
970,8,basic,9.99,paid,9.99,True
971,8,pro,19.99,paid,19.99,True
972,8,premium,29.99,failed,0.0,True
973,8,pro,19.99,failed,0.0,False
974,8,basic,9.99,failed,0.0,False
975,8,basic,9.99,failed,0.0,False
976,8,basic,9.99,paid,9.99,True
977,8,pro,19.99,paid,19.99,True
978,8,basic,9.99,paid,9.99,True
979,8,basic,9.99,paid,9.99,True
980,8,pro,19.99,paid,19.99,True
981,8,basic,9.99,paid,9.99,True
982,8,pro,19.99,paid,19.99,True
983,8,basic,9.99,paid,9.99,True
984,8,basic,9.99,paid,9.99,True
985,8,pro,19.99,failed,0.0,True
986,8,basic,9.99,paid,9.99,True
987,8,pro,19.99,paid,19.99,True
988,8,basic,9.99,paid,9.99,True
989,8,basic,9.99,paid,9.99,True
990,8,pro,19.99,paid,19.99,True
991,8,pro,19.99,paid,19.99,True
992,8,pro,19.99,paid,19.99,True
993,8,basic,9.99,failed,0.0,False
994,8,pro,19.99,failed,0.0,False
995,8,basic,9.99,paid,9.99,True
996,8,basic,9.99,failed,0.0,True
997,8,premium,29.99,paid,29.99,True
998,8,basic,9.99,paid,9.99,True
999,8,premium,29.99,paid,29.99,True
1000,8,basic,9.99,paid,9.99,True
1,9,basic,9.99,paid,9.99,True
2,9,premium,29.99,paid,29.99,True
3,9,pro,19.99,failed,0.0,False
4,9,pro,19.99,paid,19.99,True
5,9,basic,9.99,failed,0.0,False
6,9,basic,9.99,failed,0.0,False
7,9,basic,9.99,paid,9.99,True
8,9,premium,29.99,paid,29.99,True
9,9,pro,19.99,paid,19.99,True
10,9,pro,19.99,paid,19.99,True
11,9,basic,9.99,paid,9.99,True
12,9,premium,29.99,failed,0.0,False
13,9,pro,19.99,paid,19.99,True
14,9,basic,9.99,failed,0.0,False
15,9,basic,9.99,paid,9.99,True
16,9,basic,9.99,failed,0.0,False
17,9,basic,9.99,paid,9.99,True
18,9,pro,19.99,paid,19.99,True
19,9,basic,9.99,paid,9.99,True
20,9,basic,9.99,paid,9.99,True
21,9,pro,19.99,paid,19.99,True
22,9,basic,9.99,paid,9.99,True
23,9,basic,9.99,failed,0.0,False
24,9,basic,9.99,paid,9.99,True
25,9,basic,9.99,failed,0.0,False
26,9,pro,19.99,paid,19.99,True
27,9,basic,9.99,failed,0.0,True
28,9,pro,19.99,paid,19.99,True
29,9,pro,19.99,paid,19.99,True
30,9,basic,9.99,failed,0.0,False
31,9,pro,19.99,paid,19.99,True
32,9,basic,9.99,failed,0.0,True
33,9,basic,9.99,failed,0.0,False
34,9,premium,29.99,paid,29.99,True
35,9,premium,29.99,paid,29.99,True
36,9,pro,19.99,paid,19.99,True
37,9,basic,9.99,paid,9.99,True
38,9,basic,9.99,failed,0.0,False
39,9,pro,19.99,paid,19.99,True
40,9,basic,9.99,paid,9.99,True
41,9,basic,9.99,failed,0.0,False
42,9,basic,9.99,failed,0.0,False
43,9,basic,9.99,failed,0.0,False
44,9,premium,29.99,paid,29.99,True
45,9,basic,9.99,paid,9.99,True
46,9,pro,19.99,failed,0.0,True
47,9,basic,9.99,failed,0.0,True
48,9,pro,19.99,paid,19.99,True
49,9,pro,19.99,paid,19.99,True
50,9,basic,9.99,failed,0.0,True
51,9,premium,29.99,paid,29.99,True
52,9,pro,19.99,failed,0.0,False
53,9,premium,29.99,paid,29.99,True
54,9,premium,29.99,paid,29.99,True
55,9,pro,19.99,paid,19.99,True
56,9,premium,29.99,paid,29.99,True
57,9,basic,9.99,paid,9.99,True
58,9,basic,9.99,failed,0.0,False
59,9,basic,9.99,paid,9.99,True
60,9,basic,9.99,failed,0.0,False
61,9,basic,9.99,paid,9.99,True
62,9,basic,9.99,paid,9.99,True
63,9,pro,19.99,paid,19.99,True
64,9,basic,9.99,paid,9.99,True
65,9,basic,9.99,paid,9.99,True
66,9,pro,19.99,paid,19.99,True
67,9,basic,9.99,paid,9.99,True
68,9,pro,19.99,paid,19.99,True
69,9,basic,9.99,failed,0.0,False
70,9,premium,29.99,paid,29.99,True
71,9,pro,19.99,paid,19.99,True
72,9,basic,9.99,paid,9.99,True
73,9,basic,9.99,paid,9.99,True
74,9,pro,19.99,paid,19.99,True
75,9,pro,19.99,paid,19.99,True
76,9,pro,19.99,paid,19.99,True
77,9,pro,19.99,paid,19.99,True
78,9,basic,9.99,paid,9.99,True
79,9,basic,9.99,paid,9.99,True
80,9,basic,9.99,paid,9.99,True
81,9,premium,29.99,paid,29.99,True
82,9,pro,19.99,paid,19.99,True
83,9,basic,9.99,failed,0.0,False
84,9,basic,9.99,paid,9.99,True
85,9,basic,9.99,failed,0.0,True
86,9,basic,9.99,paid,9.99,True
87,9,pro,19.99,paid,19.99,True
88,9,pro,19.99,failed,0.0,False
89,9,premium,29.99,paid,29.99,True
90,9,basic,9.99,paid,9.99,True
91,9,basic,9.99,paid,9.99,True
92,9,pro,19.99,paid,19.99,True
93,9,pro,19.99,paid,19.99,True
94,9,pro,19.99,paid,19.99,True
95,9,pro,19.99,paid,19.99,True
96,9,basic,9.99,paid,9.99,True
97,9,pro,19.99,paid,19.99,True
98,9,basic,9.99,failed,0.0,False
99,9,basic,9.99,failed,0.0,False
100,9,basic,9.99,failed,0.0,False
101,9,basic,9.99,paid,9.99,True
102,9,pro,19.99,failed,0.0,False
103,9,basic,9.99,failed,0.0,False
104,9,pro,19.99,paid,19.99,True
105,9,premium,29.99,paid,29.99,True
106,9,basic,9.99,failed,0.0,False
107,9,basic,9.99,failed,0.0,False
108,9,pro,19.99,paid,19.99,True
109,9,basic,9.99,failed,0.0,False
110,9,basic,9.99,paid,9.99,True
111,9,basic,9.99,paid,9.99,True
112,9,basic,9.99,failed,0.0,False
113,9,premium,29.99,paid,29.99,True
114,9,pro,19.99,paid,19.99,True
115,9,pro,19.99,failed,0.0,False
116,9,premium,29.99,paid,29.99,True
117,9,pro,19.99,failed,0.0,True
118,9,basic,9.99,failed,0.0,False
119,9,premium,29.99,failed,0.0,False
120,9,pro,19.99,failed,0.0,False
121,9,pro,19.99,paid,19.99,True
122,9,premium,29.99,paid,29.99,True
123,9,basic,9.99,paid,9.99,True
124,9,basic,9.99,failed,0.0,False
125,9,basic,9.99,failed,0.0,False
126,9,basic,9.99,paid,9.99,True
127,9,pro,19.99,paid,19.99,True
128,9,premium,29.99,failed,0.0,False
129,9,basic,9.99,paid,9.99,True
130,9,pro,19.99,paid,19.99,True
131,9,basic,9.99,paid,9.99,True
132,9,basic,9.99,paid,9.99,True
133,9,basic,9.99,paid,9.99,True
134,9,basic,9.99,failed,0.0,False
135,9,premium,29.99,paid,29.99,True
136,9,basic,9.99,paid,9.99,True
137,9,pro,19.99,failed,0.0,False
138,9,pro,19.99,paid,19.99,True
139,9,basic,9.99,paid,9.99,True
140,9,premium,29.99,paid,29.99,True
141,9,premium,29.99,paid,29.99,True
142,9,basic,9.99,paid,9.99,True
143,9,basic,9.99,failed,0.0,False
144,9,basic,9.99,paid,9.99,True
145,9,basic,9.99,paid,9.99,True
146,9,basic,9.99,paid,9.99,True
147,9,pro,19.99,failed,0.0,False
148,9,pro,19.99,paid,19.99,True
149,9,basic,9.99,paid,9.99,True
150,9,basic,9.99,paid,9.99,True
151,9,premium,29.99,paid,29.99,True
152,9,basic,9.99,paid,9.99,True
153,9,basic,9.99,paid,9.99,True
154,9,basic,9.99,paid,9.99,True
155,9,premium,29.99,paid,29.99,True
156,9,basic,9.99,paid,9.99,True
157,9,pro,19.99,paid,19.99,True
158,9,pro,19.99,paid,19.99,True
159,9,basic,9.99,paid,9.99,True
160,9,pro,19.99,paid,19.99,True
161,9,basic,9.99,failed,0.0,False
162,9,pro,19.99,paid,19.99,True
163,9,pro,19.99,paid,19.99,True
164,9,pro,19.99,failed,0.0,False
165,9,basic,9.99,paid,9.99,True
166,9,pro,19.99,failed,0.0,False
167,9,basic,9.99,failed,0.0,False
168,9,basic,9.99,paid,9.99,True
169,9,basic,9.99,paid,9.99,True
170,9,pro,19.99,failed,0.0,False
171,9,pro,19.99,paid,19.99,True
172,9,basic,9.99,paid,9.99,True
173,9,pro,19.99,paid,19.99,True
174,9,basic,9.99,paid,9.99,True
175,9,pro,19.99,paid,19.99,True
176,9,basic,9.99,paid,9.99,True
177,9,pro,19.99,failed,0.0,False
178,9,basic,9.99,paid,9.99,True
179,9,premium,29.99,paid,29.99,True
180,9,basic,9.99,paid,9.99,True
181,9,basic,9.99,failed,0.0,False
182,9,basic,9.99,paid,9.99,True
183,9,premium,29.99,failed,0.0,False
184,9,premium,29.99,paid,29.99,True
185,9,basic,9.99,paid,9.99,True
186,9,pro,19.99,paid,19.99,True
187,9,pro,19.99,paid,19.99,True
188,9,pro,19.99,paid,19.99,True
189,9,pro,19.99,paid,19.99,True
190,9,basic,9.99,paid,9.99,True
191,9,basic,9.99,paid,9.99,True
192,9,premium,29.99,paid,29.99,True
193,9,premium,29.99,paid,29.99,True
194,9,pro,19.99,paid,19.99,True
195,9,basic,9.99,paid,9.99,True
196,9,basic,9.99,failed,0.0,False
197,9,pro,19.99,failed,0.0,False
198,9,premium,29.99,paid,29.99,True
199,9,premium,29.99,failed,0.0,False
200,9,pro,19.99,failed,0.0,False
201,9,pro,19.99,paid,19.99,True
202,9,basic,9.99,failed,0.0,False
203,9,basic,9.99,paid,9.99,True
204,9,premium,29.99,paid,29.99,True
205,9,pro,19.99,paid,19.99,True
206,9,basic,9.99,paid,9.99,True
207,9,basic,9.99,failed,0.0,False
208,9,pro,19.99,failed,0.0,True
209,9,basic,9.99,paid,9.99,True
210,9,basic,9.99,paid,9.99,True
211,9,pro,19.99,paid,19.99,True
212,9,pro,19.99,failed,0.0,True
213,9,pro,19.99,failed,0.0,True
214,9,basic,9.99,failed,0.0,True
215,9,pro,19.99,paid,19.99,True
216,9,basic,9.99,paid,9.99,True
217,9,basic,9.99,paid,9.99,True
218,9,pro,19.99,failed,0.0,False
219,9,pro,19.99,paid,19.99,True
220,9,pro,19.99,paid,19.99,True
221,9,pro,19.99,paid,19.99,True
222,9,pro,19.99,paid,19.99,True
223,9,basic,9.99,paid,9.99,True
224,9,basic,9.99,paid,9.99,True
225,9,basic,9.99,paid,9.99,True
226,9,basic,9.99,failed,0.0,False
227,9,premium,29.99,paid,29.99,True
228,9,basic,9.99,failed,0.0,False
229,9,premium,29.99,paid,29.99,True
230,9,pro,19.99,paid,19.99,True
231,9,pro,19.99,paid,19.99,True
232,9,pro,19.99,paid,19.99,True
233,9,pro,19.99,paid,19.99,True
234,9,basic,9.99,failed,0.0,False
235,9,basic,9.99,paid,9.99,True
236,9,pro,19.99,failed,0.0,True
237,9,basic,9.99,failed,0.0,False
238,9,basic,9.99,failed,0.0,False
239,9,pro,19.99,failed,0.0,False
240,9,basic,9.99,paid,9.99,True
241,9,premium,29.99,failed,0.0,True
242,9,premium,29.99,paid,29.99,True
243,9,premium,29.99,paid,29.99,True
244,9,basic,9.99,failed,0.0,False
245,9,basic,9.99,paid,9.99,True
246,9,premium,29.99,paid,29.99,True
247,9,basic,9.99,paid,9.99,True
248,9,premium,29.99,failed,0.0,False
249,9,premium,29.99,paid,29.99,True
250,9,premium,29.99,paid,29.99,True
251,9,basic,9.99,paid,9.99,True
252,9,basic,9.99,paid,9.99,True
253,9,premium,29.99,paid,29.99,True
254,9,basic,9.99,paid,9.99,True
255,9,basic,9.99,paid,9.99,True
256,9,pro,19.99,failed,0.0,False
257,9,premium,29.99,failed,0.0,False
258,9,pro,19.99,paid,19.99,True
259,9,pro,19.99,paid,19.99,True
260,9,basic,9.99,paid,9.99,True
261,9,pro,19.99,failed,0.0,False
262,9,premium,29.99,paid,29.99,True
263,9,basic,9.99,paid,9.99,True
264,9,pro,19.99,paid,19.99,True
265,9,premium,29.99,failed,0.0,False
266,9,pro,19.99,failed,0.0,False
267,9,pro,19.99,paid,19.99,True
268,9,pro,19.99,paid,19.99,True
269,9,basic,9.99,paid,9.99,True
270,9,basic,9.99,paid,9.99,True
271,9,pro,19.99,paid,19.99,True
272,9,pro,19.99,paid,19.99,True
273,9,premium,29.99,paid,29.99,True
274,9,premium,29.99,paid,29.99,True
275,9,pro,19.99,failed,0.0,False
276,9,pro,19.99,paid,19.99,True
277,9,pro,19.99,failed,0.0,False
278,9,pro,19.99,paid,19.99,True
279,9,pro,19.99,paid,19.99,True
280,9,pro,19.99,failed,0.0,False
281,9,premium,29.99,paid,29.99,True
282,9,basic,9.99,failed,0.0,False
283,9,basic,9.99,paid,9.99,True
284,9,basic,9.99,paid,9.99,True
285,9,pro,19.99,paid,19.99,True
286,9,basic,9.99,paid,9.99,True
287,9,basic,9.99,failed,0.0,False
288,9,pro,19.99,paid,19.99,True
289,9,basic,9.99,paid,9.99,True
290,9,pro,19.99,failed,0.0,True
291,9,basic,9.99,paid,9.99,True
292,9,basic,9.99,paid,9.99,True
293,9,pro,19.99,failed,0.0,False
294,9,basic,9.99,failed,0.0,False
295,9,basic,9.99,paid,9.99,True
296,9,pro,19.99,paid,19.99,True
297,9,pro,19.99,paid,19.99,True
298,9,basic,9.99,paid,9.99,True
299,9,pro,19.99,paid,19.99,True
300,9,basic,9.99,paid,9.99,True
301,9,basic,9.99,failed,0.0,True
302,9,pro,19.99,paid,19.99,True
303,9,pro,19.99,paid,19.99,True
304,9,pro,19.99,paid,19.99,True
305,9,pro,19.99,failed,0.0,False
306,9,premium,29.99,failed,0.0,False
307,9,pro,19.99,failed,0.0,False
308,9,basic,9.99,paid,9.99,True
309,9,pro,19.99,paid,19.99,True
310,9,basic,9.99,paid,9.99,True
311,9,basic,9.99,failed,0.0,False
312,9,basic,9.99,failed,0.0,True
313,9,basic,9.99,paid,9.99,True
314,9,premium,29.99,paid,29.99,True
315,9,pro,19.99,paid,19.99,True
316,9,pro,19.99,paid,19.99,True
317,9,basic,9.99,paid,9.99,True
318,9,basic,9.99,paid,9.99,True
319,9,basic,9.99,paid,9.99,True
320,9,basic,9.99,failed,0.0,False
321,9,pro,19.99,failed,0.0,False
322,9,pro,19.99,paid,19.99,True
323,9,pro,19.99,paid,19.99,True
324,9,basic,9.99,failed,0.0,False
325,9,premium,29.99,paid,29.99,True
326,9,pro,19.99,paid,19.99,True
327,9,pro,19.99,paid,19.99,True
328,9,pro,19.99,paid,19.99,True
329,9,basic,9.99,failed,0.0,True
330,9,basic,9.99,failed,0.0,True
331,9,basic,9.99,paid,9.99,True
332,9,pro,19.99,paid,19.99,True
333,9,basic,9.99,paid,9.99,True
334,9,basic,9.99,paid,9.99,True
335,9,basic,9.99,paid,9.99,True
336,9,basic,9.99,paid,9.99,True
337,9,premium,29.99,paid,29.99,True
338,9,pro,19.99,paid,19.99,True
339,9,basic,9.99,paid,9.99,True
340,9,basic,9.99,paid,9.99,True
341,9,basic,9.99,paid,9.99,True
342,9,basic,9.99,failed,0.0,False
343,9,basic,9.99,paid,9.99,True
344,9,basic,9.99,failed,0.0,False
345,9,basic,9.99,paid,9.99,True
346,9,pro,19.99,paid,19.99,True
347,9,pro,19.99,paid,19.99,True
348,9,basic,9.99,paid,9.99,True
349,9,basic,9.99,failed,0.0,False
350,9,pro,19.99,paid,19.99,True
351,9,pro,19.99,paid,19.99,True
352,9,premium,29.99,paid,29.99,True
353,9,pro,19.99,failed,0.0,False
354,9,basic,9.99,paid,9.99,True
355,9,basic,9.99,paid,9.99,True
356,9,pro,19.99,paid,19.99,True
357,9,basic,9.99,paid,9.99,True
358,9,pro,19.99,paid,19.99,True
359,9,premium,29.99,failed,0.0,False
360,9,pro,19.99,paid,19.99,True
361,9,basic,9.99,paid,9.99,True
362,9,pro,19.99,paid,19.99,True
363,9,basic,9.99,paid,9.99,True
364,9,pro,19.99,paid,19.99,True
365,9,premium,29.99,failed,0.0,True
366,9,basic,9.99,failed,0.0,False
367,9,premium,29.99,paid,29.99,True
368,9,premium,29.99,paid,29.99,True
369,9,basic,9.99,failed,0.0,False
370,9,basic,9.99,paid,9.99,True
371,9,basic,9.99,paid,9.99,True
372,9,basic,9.99,failed,0.0,False
373,9,basic,9.99,paid,9.99,True
374,9,pro,19.99,failed,0.0,False
375,9,basic,9.99,failed,0.0,False
376,9,basic,9.99,failed,0.0,False
377,9,pro,19.99,paid,19.99,True
378,9,basic,9.99,paid,9.99,True
379,9,pro,19.99,failed,0.0,False
380,9,basic,9.99,failed,0.0,False
381,9,basic,9.99,failed,0.0,False
382,9,pro,19.99,paid,19.99,True
383,9,pro,19.99,paid,19.99,True
384,9,premium,29.99,paid,29.99,True
385,9,pro,19.99,failed,0.0,False
386,9,pro,19.99,paid,19.99,True
387,9,basic,9.99,paid,9.99,True
388,9,basic,9.99,paid,9.99,True
389,9,pro,19.99,paid,19.99,True
390,9,pro,19.99,paid,19.99,True
391,9,premium,29.99,paid,29.99,True
392,9,basic,9.99,paid,9.99,True
393,9,basic,9.99,failed,0.0,True
394,9,pro,19.99,paid,19.99,True
395,9,basic,9.99,paid,9.99,True
396,9,premium,29.99,paid,29.99,True
397,9,premium,29.99,paid,29.99,True
398,9,basic,9.99,failed,0.0,False
399,9,pro,19.99,paid,19.99,True
400,9,pro,19.99,paid,19.99,True
401,9,basic,9.99,paid,9.99,True
402,9,premium,29.99,failed,0.0,False
403,9,pro,19.99,failed,0.0,False
404,9,pro,19.99,paid,19.99,True
405,9,basic,9.99,paid,9.99,True
406,9,premium,29.99,paid,29.99,True
407,9,basic,9.99,paid,9.99,True
408,9,basic,9.99,paid,9.99,True
409,9,premium,29.99,paid,29.99,True
410,9,basic,9.99,paid,9.99,True
411,9,basic,9.99,failed,0.0,False
412,9,premium,29.99,paid,29.99,True
413,9,premium,29.99,paid,29.99,True
414,9,pro,19.99,paid,19.99,True
415,9,pro,19.99,paid,19.99,True
416,9,basic,9.99,paid,9.99,True
417,9,basic,9.99,paid,9.99,True
418,9,basic,9.99,paid,9.99,True
419,9,pro,19.99,paid,19.99,True
420,9,pro,19.99,paid,19.99,True
421,9,pro,19.99,failed,0.0,False
422,9,pro,19.99,paid,19.99,True
423,9,basic,9.99,failed,0.0,False
424,9,basic,9.99,paid,9.99,True
425,9,basic,9.99,failed,0.0,False
426,9,pro,19.99,failed,0.0,False
427,9,basic,9.99,paid,9.99,True
428,9,premium,29.99,paid,29.99,True
429,9,basic,9.99,paid,9.99,True
430,9,basic,9.99,failed,0.0,False
431,9,basic,9.99,paid,9.99,True
432,9,pro,19.99,paid,19.99,True
433,9,pro,19.99,paid,19.99,True
434,9,basic,9.99,failed,0.0,False
435,9,basic,9.99,paid,9.99,True
436,9,pro,19.99,failed,0.0,False
437,9,basic,9.99,paid,9.99,True
438,9,pro,19.99,failed,0.0,False
439,9,pro,19.99,paid,19.99,True
440,9,basic,9.99,failed,0.0,False
441,9,basic,9.99,failed,0.0,False
442,9,premium,29.99,paid,29.99,True
443,9,basic,9.99,failed,0.0,False
444,9,basic,9.99,failed,0.0,False
445,9,pro,19.99,failed,0.0,False
446,9,premium,29.99,paid,29.99,True
447,9,premium,29.99,paid,29.99,True
448,9,pro,19.99,paid,19.99,True
449,9,basic,9.99,failed,0.0,False
450,9,basic,9.99,failed,0.0,False
451,9,pro,19.99,paid,19.99,True
452,9,pro,19.99,paid,19.99,True
453,9,basic,9.99,paid,9.99,True
454,9,premium,29.99,paid,29.99,True
455,9,basic,9.99,paid,9.99,True
456,9,basic,9.99,paid,9.99,True
457,9,basic,9.99,paid,9.99,True
458,9,basic,9.99,paid,9.99,True
459,9,basic,9.99,failed,0.0,False
460,9,basic,9.99,failed,0.0,False
461,9,basic,9.99,paid,9.99,True
462,9,pro,19.99,paid,19.99,True
463,9,pro,19.99,paid,19.99,True
464,9,pro,19.99,paid,19.99,True
465,9,premium,29.99,failed,0.0,False
466,9,basic,9.99,failed,0.0,True
467,9,basic,9.99,failed,0.0,False
468,9,premium,29.99,paid,29.99,True
469,9,basic,9.99,failed,0.0,False
470,9,premium,29.99,paid,29.99,True
471,9,basic,9.99,paid,9.99,True
472,9,premium,29.99,failed,0.0,False
473,9,basic,9.99,paid,9.99,True
474,9,premium,29.99,paid,29.99,True
475,9,pro,19.99,paid,19.99,True
476,9,premium,29.99,paid,29.99,True
477,9,basic,9.99,paid,9.99,True
478,9,pro,19.99,paid,19.99,True
479,9,premium,29.99,paid,29.99,True
480,9,pro,19.99,paid,19.99,True
481,9,pro,19.99,paid,19.99,True
482,9,pro,19.99,paid,19.99,True
483,9,basic,9.99,paid,9.99,True
484,9,pro,19.99,paid,19.99,True
485,9,pro,19.99,paid,19.99,True
486,9,premium,29.99,paid,29.99,True
487,9,basic,9.99,paid,9.99,True
488,9,basic,9.99,paid,9.99,True
489,9,premium,29.99,paid,29.99,True
490,9,premium,29.99,paid,29.99,True
491,9,basic,9.99,paid,9.99,True
492,9,pro,19.99,paid,19.99,True
493,9,basic,9.99,paid,9.99,True
494,9,basic,9.99,paid,9.99,True
495,9,basic,9.99,failed,0.0,False
496,9,basic,9.99,failed,0.0,False
497,9,pro,19.99,paid,19.99,True
498,9,basic,9.99,paid,9.99,True
499,9,premium,29.99,paid,29.99,True
500,9,premium,29.99,paid,29.99,True
501,9,pro,19.99,paid,19.99,True
502,9,pro,19.99,paid,19.99,True
503,9,basic,9.99,paid,9.99,True
504,9,pro,19.99,failed,0.0,True
505,9,pro,19.99,paid,19.99,True
506,9,basic,9.99,failed,0.0,False
507,9,premium,29.99,failed,0.0,False
508,9,pro,19.99,paid,19.99,True
509,9,premium,29.99,paid,29.99,True
510,9,pro,19.99,paid,19.99,True
511,9,pro,19.99,failed,0.0,False
512,9,basic,9.99,paid,9.99,True
513,9,premium,29.99,paid,29.99,True
514,9,premium,29.99,paid,29.99,True
515,9,basic,9.99,failed,0.0,False
516,9,basic,9.99,paid,9.99,True
517,9,basic,9.99,paid,9.99,True
518,9,pro,19.99,paid,19.99,True
519,9,premium,29.99,paid,29.99,True
520,9,basic,9.99,paid,9.99,True
521,9,pro,19.99,paid,19.99,True
522,9,basic,9.99,paid,9.99,True
523,9,premium,29.99,paid,29.99,True
524,9,pro,19.99,paid,19.99,True
525,9,pro,19.99,paid,19.99,True
526,9,basic,9.99,paid,9.99,True
527,9,basic,9.99,failed,0.0,False
528,9,basic,9.99,paid,9.99,True
529,9,basic,9.99,failed,0.0,False
530,9,premium,29.99,paid,29.99,True
531,9,pro,19.99,paid,19.99,True
532,9,premium,29.99,paid,29.99,True
533,9,premium,29.99,paid,29.99,True
534,9,pro,19.99,failed,0.0,False
535,9,pro,19.99,paid,19.99,True
536,9,premium,29.99,paid,29.99,True
537,9,pro,19.99,paid,19.99,True
538,9,basic,9.99,paid,9.99,True
539,9,basic,9.99,paid,9.99,True
540,9,basic,9.99,paid,9.99,True
541,9,premium,29.99,failed,0.0,True
542,9,pro,19.99,paid,19.99,True
543,9,basic,9.99,failed,0.0,False
544,9,pro,19.99,paid,19.99,True
545,9,pro,19.99,paid,19.99,True
546,9,basic,9.99,failed,0.0,True
547,9,basic,9.99,paid,9.99,True
548,9,pro,19.99,failed,0.0,True
549,9,pro,19.99,paid,19.99,True
550,9,pro,19.99,paid,19.99,True
551,9,pro,19.99,failed,0.0,False
552,9,premium,29.99,paid,29.99,True
553,9,pro,19.99,failed,0.0,False
554,9,pro,19.99,failed,0.0,False
555,9,premium,29.99,paid,29.99,True
556,9,basic,9.99,failed,0.0,True
557,9,basic,9.99,paid,9.99,True
558,9,basic,9.99,failed,0.0,False
559,9,pro,19.99,paid,19.99,True
560,9,pro,19.99,paid,19.99,True
561,9,pro,19.99,paid,19.99,True
562,9,basic,9.99,paid,9.99,True
563,9,basic,9.99,paid,9.99,True
564,9,basic,9.99,paid,9.99,True
565,9,basic,9.99,paid,9.99,True
566,9,pro,19.99,paid,19.99,True
567,9,basic,9.99,failed,0.0,False
568,9,basic,9.99,paid,9.99,True
569,9,premium,29.99,paid,29.99,True
570,9,basic,9.99,paid,9.99,True
571,9,pro,19.99,failed,0.0,False
572,9,pro,19.99,failed,0.0,False
573,9,basic,9.99,paid,9.99,True
574,9,pro,19.99,paid,19.99,True
575,9,premium,29.99,paid,29.99,True
576,9,premium,29.99,paid,29.99,True
577,9,basic,9.99,paid,9.99,True
578,9,premium,29.99,paid,29.99,True
579,9,basic,9.99,failed,0.0,True
580,9,basic,9.99,paid,9.99,True
581,9,basic,9.99,failed,0.0,False
582,9,premium,29.99,failed,0.0,False
583,9,basic,9.99,failed,0.0,False
584,9,basic,9.99,paid,9.99,True
585,9,pro,19.99,failed,0.0,False
586,9,basic,9.99,paid,9.99,True
587,9,basic,9.99,paid,9.99,True
588,9,basic,9.99,paid,9.99,True
589,9,basic,9.99,paid,9.99,True
590,9,basic,9.99,paid,9.99,True
591,9,basic,9.99,failed,0.0,True
592,9,pro,19.99,paid,19.99,True
593,9,basic,9.99,paid,9.99,True
594,9,basic,9.99,failed,0.0,False
595,9,premium,29.99,paid,29.99,True
596,9,basic,9.99,paid,9.99,True
597,9,pro,19.99,failed,0.0,False
598,9,basic,9.99,failed,0.0,False
599,9,basic,9.99,paid,9.99,True
600,9,basic,9.99,failed,0.0,False
601,9,basic,9.99,paid,9.99,True
602,9,basic,9.99,failed,0.0,False
603,9,basic,9.99,paid,9.99,True
604,9,basic,9.99,paid,9.99,True
605,9,basic,9.99,paid,9.99,True
606,9,basic,9.99,paid,9.99,True
607,9,basic,9.99,paid,9.99,True
608,9,basic,9.99,paid,9.99,True
609,9,pro,19.99,failed,0.0,False
610,9,pro,19.99,paid,19.99,True
611,9,basic,9.99,failed,0.0,False
612,9,pro,19.99,paid,19.99,True
613,9,pro,19.99,paid,19.99,True
614,9,basic,9.99,failed,0.0,False
615,9,premium,29.99,failed,0.0,True
616,9,premium,29.99,paid,29.99,True
617,9,basic,9.99,paid,9.99,True
618,9,basic,9.99,paid,9.99,True
619,9,pro,19.99,failed,0.0,True
620,9,pro,19.99,paid,19.99,True
621,9,basic,9.99,paid,9.99,True
622,9,basic,9.99,paid,9.99,True
623,9,basic,9.99,paid,9.99,True
624,9,basic,9.99,paid,9.99,True
625,9,pro,19.99,paid,19.99,True
626,9,basic,9.99,paid,9.99,True
627,9,basic,9.99,failed,0.0,True
628,9,pro,19.99,paid,19.99,True
629,9,basic,9.99,paid,9.99,True
630,9,basic,9.99,failed,0.0,False
631,9,pro,19.99,paid,19.99,True
632,9,premium,29.99,failed,0.0,False
633,9,pro,19.99,paid,19.99,True
634,9,pro,19.99,failed,0.0,False
635,9,basic,9.99,failed,0.0,False
636,9,basic,9.99,failed,0.0,False
637,9,pro,19.99,paid,19.99,True
638,9,basic,9.99,paid,9.99,True
639,9,basic,9.99,paid,9.99,True
640,9,basic,9.99,failed,0.0,False
641,9,basic,9.99,failed,0.0,False
642,9,basic,9.99,failed,0.0,False
643,9,basic,9.99,paid,9.99,True
644,9,basic,9.99,failed,0.0,False
645,9,basic,9.99,failed,0.0,False
646,9,premium,29.99,paid,29.99,True
647,9,pro,19.99,paid,19.99,True
648,9,pro,19.99,failed,0.0,False
649,9,pro,19.99,paid,19.99,True
650,9,basic,9.99,failed,0.0,False
651,9,basic,9.99,paid,9.99,True
652,9,pro,19.99,paid,19.99,True
653,9,pro,19.99,paid,19.99,True
654,9,pro,19.99,failed,0.0,False
655,9,basic,9.99,paid,9.99,True
656,9,basic,9.99,paid,9.99,True
657,9,basic,9.99,failed,0.0,False
658,9,basic,9.99,paid,9.99,True
659,9,pro,19.99,paid,19.99,True
660,9,pro,19.99,paid,19.99,True
661,9,basic,9.99,failed,0.0,False
662,9,premium,29.99,paid,29.99,True
663,9,pro,19.99,paid,19.99,True
664,9,basic,9.99,failed,0.0,False
665,9,basic,9.99,paid,9.99,True
666,9,basic,9.99,failed,0.0,False
667,9,basic,9.99,failed,0.0,True
668,9,basic,9.99,paid,9.99,True
669,9,basic,9.99,paid,9.99,True
670,9,basic,9.99,paid,9.99,True
671,9,basic,9.99,paid,9.99,True
672,9,premium,29.99,paid,29.99,True
673,9,basic,9.99,paid,9.99,True
674,9,pro,19.99,paid,19.99,True
675,9,basic,9.99,failed,0.0,False
676,9,premium,29.99,paid,29.99,True
677,9,basic,9.99,paid,9.99,True
678,9,basic,9.99,failed,0.0,False
679,9,premium,29.99,paid,29.99,True
680,9,premium,29.99,paid,29.99,True
681,9,pro,19.99,failed,0.0,False
682,9,basic,9.99,paid,9.99,True
683,9,basic,9.99,paid,9.99,True
684,9,pro,19.99,paid,19.99,True
685,9,premium,29.99,paid,29.99,True
686,9,pro,19.99,paid,19.99,True
687,9,pro,19.99,paid,19.99,True
688,9,basic,9.99,paid,9.99,True
689,9,pro,19.99,paid,19.99,True
690,9,basic,9.99,failed,0.0,False
691,9,basic,9.99,failed,0.0,False
692,9,basic,9.99,paid,9.99,True
693,9,pro,19.99,paid,19.99,True
694,9,basic,9.99,failed,0.0,False
695,9,basic,9.99,paid,9.99,True
696,9,pro,19.99,paid,19.99,True
697,9,basic,9.99,failed,0.0,False
698,9,pro,19.99,failed,0.0,False
699,9,basic,9.99,paid,9.99,True
700,9,basic,9.99,paid,9.99,True
701,9,pro,19.99,paid,19.99,True
702,9,basic,9.99,failed,0.0,False
703,9,basic,9.99,paid,9.99,True
704,9,basic,9.99,paid,9.99,True
705,9,basic,9.99,paid,9.99,True
706,9,premium,29.99,failed,0.0,False
707,9,basic,9.99,failed,0.0,False
708,9,pro,19.99,paid,19.99,True
709,9,basic,9.99,paid,9.99,True
710,9,pro,19.99,paid,19.99,True
711,9,pro,19.99,paid,19.99,True
712,9,pro,19.99,paid,19.99,True
713,9,basic,9.99,failed,0.0,False
714,9,basic,9.99,paid,9.99,True
715,9,basic,9.99,failed,0.0,False
716,9,premium,29.99,paid,29.99,True
717,9,pro,19.99,paid,19.99,True
718,9,premium,29.99,failed,0.0,False
719,9,basic,9.99,paid,9.99,True
720,9,pro,19.99,paid,19.99,True
721,9,premium,29.99,paid,29.99,True
722,9,basic,9.99,failed,0.0,False
723,9,basic,9.99,paid,9.99,True
724,9,pro,19.99,paid,19.99,True
725,9,pro,19.99,paid,19.99,True
726,9,pro,19.99,paid,19.99,True
727,9,basic,9.99,paid,9.99,True
728,9,pro,19.99,paid,19.99,True
729,9,basic,9.99,failed,0.0,False
730,9,basic,9.99,paid,9.99,True
731,9,basic,9.99,paid,9.99,True
732,9,pro,19.99,paid,19.99,True
733,9,pro,19.99,paid,19.99,True
734,9,pro,19.99,failed,0.0,True
735,9,basic,9.99,failed,0.0,False
736,9,premium,29.99,paid,29.99,True
737,9,basic,9.99,paid,9.99,True
738,9,pro,19.99,paid,19.99,True
739,9,basic,9.99,paid,9.99,True
740,9,basic,9.99,paid,9.99,True
741,9,basic,9.99,failed,0.0,True
742,9,basic,9.99,paid,9.99,True
743,9,pro,19.99,paid,19.99,True
744,9,pro,19.99,failed,0.0,False
745,9,basic,9.99,paid,9.99,True
746,9,premium,29.99,failed,0.0,True
747,9,basic,9.99,paid,9.99,True
748,9,pro,19.99,paid,19.99,True
749,9,premium,29.99,paid,29.99,True
750,9,pro,19.99,paid,19.99,True
751,9,basic,9.99,failed,0.0,False
752,9,premium,29.99,paid,29.99,True
753,9,pro,19.99,paid,19.99,True
754,9,basic,9.99,paid,9.99,True
755,9,basic,9.99,paid,9.99,True
756,9,pro,19.99,paid,19.99,True
757,9,pro,19.99,failed,0.0,False
758,9,pro,19.99,paid,19.99,True
759,9,premium,29.99,paid,29.99,True
760,9,pro,19.99,paid,19.99,True
761,9,basic,9.99,paid,9.99,True
762,9,basic,9.99,failed,0.0,False
763,9,basic,9.99,paid,9.99,True
764,9,pro,19.99,failed,0.0,False
765,9,basic,9.99,paid,9.99,True
766,9,pro,19.99,paid,19.99,True
767,9,pro,19.99,paid,19.99,True
768,9,premium,29.99,paid,29.99,True
769,9,basic,9.99,paid,9.99,True
770,9,pro,19.99,paid,19.99,True
771,9,basic,9.99,failed,0.0,False
772,9,pro,19.99,paid,19.99,True
773,9,basic,9.99,paid,9.99,True
774,9,basic,9.99,paid,9.99,True
775,9,pro,19.99,paid,19.99,True
776,9,basic,9.99,paid,9.99,True
777,9,basic,9.99,paid,9.99,True
778,9,pro,19.99,failed,0.0,False
779,9,pro,19.99,paid,19.99,True
780,9,pro,19.99,paid,19.99,True
781,9,pro,19.99,paid,19.99,True
782,9,pro,19.99,failed,0.0,False
783,9,basic,9.99,paid,9.99,True
784,9,basic,9.99,paid,9.99,True
785,9,basic,9.99,failed,0.0,False
786,9,premium,29.99,paid,29.99,True
787,9,pro,19.99,paid,19.99,True
788,9,basic,9.99,failed,0.0,False
789,9,basic,9.99,paid,9.99,True
790,9,premium,29.99,paid,29.99,True
791,9,basic,9.99,paid,9.99,True
792,9,pro,19.99,paid,19.99,True
793,9,pro,19.99,paid,19.99,True
794,9,pro,19.99,paid,19.99,True
795,9,basic,9.99,failed,0.0,True
796,9,premium,29.99,paid,29.99,True
797,9,premium,29.99,paid,29.99,True
798,9,pro,19.99,paid,19.99,True
799,9,pro,19.99,paid,19.99,True
800,9,premium,29.99,paid,29.99,True
801,9,pro,19.99,paid,19.99,True
802,9,basic,9.99,failed,0.0,False
803,9,pro,19.99,paid,19.99,True
804,9,pro,19.99,paid,19.99,True
805,9,basic,9.99,failed,0.0,False
806,9,pro,19.99,paid,19.99,True
807,9,premium,29.99,paid,29.99,True
808,9,premium,29.99,paid,29.99,True
809,9,basic,9.99,paid,9.99,True
810,9,basic,9.99,failed,0.0,False
811,9,premium,29.99,paid,29.99,True
812,9,pro,19.99,paid,19.99,True
813,9,basic,9.99,paid,9.99,True
814,9,premium,29.99,paid,29.99,True
815,9,premium,29.99,paid,29.99,True
816,9,pro,19.99,failed,0.0,False
817,9,pro,19.99,paid,19.99,True
818,9,basic,9.99,paid,9.99,True
819,9,basic,9.99,failed,0.0,False
820,9,basic,9.99,failed,0.0,False
821,9,pro,19.99,failed,0.0,False
822,9,basic,9.99,failed,0.0,False
823,9,basic,9.99,failed,0.0,False
824,9,basic,9.99,paid,9.99,True
825,9,pro,19.99,paid,19.99,True
826,9,premium,29.99,paid,29.99,True
827,9,basic,9.99,paid,9.99,True
828,9,basic,9.99,paid,9.99,True
829,9,pro,19.99,paid,19.99,True
830,9,basic,9.99,paid,9.99,True
831,9,basic,9.99,paid,9.99,True
832,9,basic,9.99,paid,9.99,True
833,9,basic,9.99,paid,9.99,True
834,9,basic,9.99,failed,0.0,False
835,9,basic,9.99,failed,0.0,False
836,9,basic,9.99,paid,9.99,True
837,9,premium,29.99,paid,29.99,True
838,9,basic,9.99,failed,0.0,False
839,9,pro,19.99,paid,19.99,True
840,9,pro,19.99,paid,19.99,True
841,9,basic,9.99,paid,9.99,True
842,9,pro,19.99,paid,19.99,True
843,9,basic,9.99,paid,9.99,True
844,9,premium,29.99,paid,29.99,True
845,9,basic,9.99,paid,9.99,True
846,9,basic,9.99,paid,9.99,True
847,9,basic,9.99,failed,0.0,False
848,9,premium,29.99,paid,29.99,True
849,9,pro,19.99,paid,19.99,True
850,9,pro,19.99,failed,0.0,False
851,9,basic,9.99,failed,0.0,False
852,9,pro,19.99,paid,19.99,True
853,9,basic,9.99,failed,0.0,True
854,9,premium,29.99,paid,29.99,True
855,9,basic,9.99,failed,0.0,False
856,9,basic,9.99,failed,0.0,False
857,9,basic,9.99,failed,0.0,False
858,9,basic,9.99,paid,9.99,True
859,9,pro,19.99,failed,0.0,False
860,9,basic,9.99,paid,9.99,True
861,9,pro,19.99,paid,19.99,True
862,9,basic,9.99,paid,9.99,True
863,9,pro,19.99,paid,19.99,True
864,9,basic,9.99,paid,9.99,True
865,9,basic,9.99,paid,9.99,True
866,9,pro,19.99,paid,19.99,True
867,9,basic,9.99,paid,9.99,True
868,9,basic,9.99,paid,9.99,True
869,9,premium,29.99,paid,29.99,True
870,9,premium,29.99,failed,0.0,False
871,9,basic,9.99,paid,9.99,True
872,9,basic,9.99,paid,9.99,True
873,9,pro,19.99,paid,19.99,True
874,9,basic,9.99,paid,9.99,True
875,9,basic,9.99,paid,9.99,True
876,9,basic,9.99,paid,9.99,True
877,9,pro,19.99,paid,19.99,True
878,9,pro,19.99,paid,19.99,True
879,9,basic,9.99,failed,0.0,False
880,9,basic,9.99,paid,9.99,True
881,9,basic,9.99,failed,0.0,False
882,9,pro,19.99,failed,0.0,True
883,9,basic,9.99,paid,9.99,True
884,9,basic,9.99,paid,9.99,True
885,9,pro,19.99,failed,0.0,False
886,9,basic,9.99,paid,9.99,True
887,9,pro,19.99,paid,19.99,True
888,9,basic,9.99,failed,0.0,False
889,9,basic,9.99,paid,9.99,True
890,9,basic,9.99,failed,0.0,False
891,9,pro,19.99,failed,0.0,False
892,9,premium,29.99,paid,29.99,True
893,9,pro,19.99,paid,19.99,True
894,9,basic,9.99,paid,9.99,True
895,9,pro,19.99,paid,19.99,True
896,9,basic,9.99,paid,9.99,True
897,9,basic,9.99,paid,9.99,True
898,9,premium,29.99,paid,29.99,True
899,9,basic,9.99,paid,9.99,True
900,9,basic,9.99,paid,9.99,True
901,9,basic,9.99,failed,0.0,False
902,9,basic,9.99,paid,9.99,True
903,9,basic,9.99,paid,9.99,True
904,9,pro,19.99,paid,19.99,True
905,9,basic,9.99,failed,0.0,False
906,9,premium,29.99,failed,0.0,False
907,9,pro,19.99,paid,19.99,True
908,9,basic,9.99,paid,9.99,True
909,9,basic,9.99,paid,9.99,True
910,9,basic,9.99,failed,0.0,True
911,9,pro,19.99,failed,0.0,False
912,9,basic,9.99,failed,0.0,True
913,9,pro,19.99,failed,0.0,False
914,9,basic,9.99,paid,9.99,True
915,9,pro,19.99,failed,0.0,True
916,9,basic,9.99,paid,9.99,True
917,9,basic,9.99,paid,9.99,True
918,9,premium,29.99,paid,29.99,True
919,9,pro,19.99,paid,19.99,True
920,9,basic,9.99,paid,9.99,True
921,9,premium,29.99,failed,0.0,False
922,9,basic,9.99,paid,9.99,True
923,9,premium,29.99,paid,29.99,True
924,9,pro,19.99,failed,0.0,False
925,9,basic,9.99,paid,9.99,True
926,9,basic,9.99,paid,9.99,True
927,9,basic,9.99,paid,9.99,True
928,9,pro,19.99,paid,19.99,True
929,9,pro,19.99,paid,19.99,True
930,9,basic,9.99,paid,9.99,True
931,9,basic,9.99,paid,9.99,True
932,9,pro,19.99,failed,0.0,False
933,9,premium,29.99,paid,29.99,True
934,9,pro,19.99,paid,19.99,True
935,9,basic,9.99,paid,9.99,True
936,9,basic,9.99,failed,0.0,False
937,9,basic,9.99,paid,9.99,True
938,9,premium,29.99,paid,29.99,True
939,9,basic,9.99,paid,9.99,True
940,9,pro,19.99,paid,19.99,True
941,9,basic,9.99,paid,9.99,True
942,9,pro,19.99,paid,19.99,True
943,9,pro,19.99,paid,19.99,True
944,9,pro,19.99,paid,19.99,True
945,9,basic,9.99,paid,9.99,True
946,9,basic,9.99,paid,9.99,True
947,9,basic,9.99,failed,0.0,True
948,9,premium,29.99,paid,29.99,True
949,9,premium,29.99,paid,29.99,True
950,9,pro,19.99,paid,19.99,True
951,9,pro,19.99,failed,0.0,False
952,9,pro,19.99,paid,19.99,True
953,9,basic,9.99,paid,9.99,True
954,9,premium,29.99,paid,29.99,True
955,9,basic,9.99,paid,9.99,True
956,9,basic,9.99,paid,9.99,True
957,9,pro,19.99,paid,19.99,True
958,9,basic,9.99,failed,0.0,False
959,9,basic,9.99,paid,9.99,True
960,9,pro,19.99,failed,0.0,False
961,9,basic,9.99,failed,0.0,True
962,9,pro,19.99,paid,19.99,True
963,9,basic,9.99,paid,9.99,True
964,9,basic,9.99,paid,9.99,True
965,9,basic,9.99,paid,9.99,True
966,9,basic,9.99,paid,9.99,True
967,9,pro,19.99,paid,19.99,True
968,9,basic,9.99,failed,0.0,False
969,9,pro,19.99,paid,19.99,True
970,9,basic,9.99,failed,0.0,False
971,9,pro,19.99,paid,19.99,True
972,9,premium,29.99,paid,29.99,True
973,9,pro,19.99,failed,0.0,False
974,9,basic,9.99,failed,0.0,False
975,9,basic,9.99,failed,0.0,False
976,9,basic,9.99,paid,9.99,True
977,9,pro,19.99,paid,19.99,True
978,9,basic,9.99,failed,0.0,True
979,9,basic,9.99,paid,9.99,True
980,9,pro,19.99,paid,19.99,True
981,9,basic,9.99,paid,9.99,True
982,9,pro,19.99,paid,19.99,True
983,9,basic,9.99,paid,9.99,True
984,9,basic,9.99,paid,9.99,True
985,9,pro,19.99,paid,19.99,True
986,9,basic,9.99,paid,9.99,True
987,9,pro,19.99,paid,19.99,True
988,9,basic,9.99,paid,9.99,True
989,9,basic,9.99,paid,9.99,True
990,9,pro,19.99,paid,19.99,True
991,9,pro,19.99,paid,19.99,True
992,9,pro,19.99,failed,0.0,True
993,9,basic,9.99,failed,0.0,False
994,9,pro,19.99,failed,0.0,False
995,9,basic,9.99,paid,9.99,True
996,9,basic,9.99,paid,9.99,True
997,9,premium,29.99,failed,0.0,False
998,9,basic,9.99,paid,9.99,True
999,9,premium,29.99,paid,29.99,True
1000,9,basic,9.99,paid,9.99,True
1,10,basic,9.99,paid,9.99,True
2,10,premium,29.99,paid,29.99,True
3,10,pro,19.99,failed,0.0,False
4,10,pro,19.99,paid,19.99,True
5,10,basic,9.99,failed,0.0,False
6,10,basic,9.99,failed,0.0,False
7,10,basic,9.99,paid,9.99,True
8,10,premium,29.99,paid,29.99,True
9,10,pro,19.99,paid,19.99,True
10,10,pro,19.99,paid,19.99,True
11,10,basic,9.99,paid,9.99,True
12,10,premium,29.99,failed,0.0,False
13,10,pro,19.99,failed,0.0,False
14,10,basic,9.99,failed,0.0,False
15,10,basic,9.99,paid,9.99,True
16,10,basic,9.99,failed,0.0,False
17,10,basic,9.99,paid,9.99,True
18,10,pro,19.99,paid,19.99,True
19,10,basic,9.99,paid,9.99,True
20,10,basic,9.99,paid,9.99,True
21,10,pro,19.99,failed,0.0,True
22,10,basic,9.99,paid,9.99,True
23,10,basic,9.99,failed,0.0,False
24,10,basic,9.99,paid,9.99,True
25,10,basic,9.99,failed,0.0,False
26,10,pro,19.99,paid,19.99,True
27,10,basic,9.99,paid,9.99,True
28,10,pro,19.99,paid,19.99,True
29,10,pro,19.99,paid,19.99,True
30,10,basic,9.99,failed,0.0,False
31,10,pro,19.99,paid,19.99,True
32,10,basic,9.99,failed,0.0,True
33,10,basic,9.99,failed,0.0,False
34,10,premium,29.99,paid,29.99,True
35,10,premium,29.99,paid,29.99,True
36,10,pro,19.99,paid,19.99,True
37,10,basic,9.99,paid,9.99,True
38,10,basic,9.99,failed,0.0,False
39,10,pro,19.99,paid,19.99,True
40,10,basic,9.99,paid,9.99,True
41,10,basic,9.99,failed,0.0,False
42,10,basic,9.99,failed,0.0,False
43,10,basic,9.99,failed,0.0,False
44,10,premium,29.99,paid,29.99,True
45,10,basic,9.99,paid,9.99,True
46,10,pro,19.99,paid,19.99,True
47,10,basic,9.99,paid,9.99,True
48,10,pro,19.99,paid,19.99,True
49,10,pro,19.99,paid,19.99,True
50,10,basic,9.99,paid,9.99,True
51,10,premium,29.99,paid,29.99,True
52,10,pro,19.99,failed,0.0,False
53,10,premium,29.99,paid,29.99,True
54,10,premium,29.99,paid,29.99,True
55,10,pro,19.99,paid,19.99,True
56,10,premium,29.99,paid,29.99,True
57,10,basic,9.99,paid,9.99,True
58,10,basic,9.99,failed,0.0,False
59,10,basic,9.99,paid,9.99,True
60,10,basic,9.99,failed,0.0,False
61,10,basic,9.99,paid,9.99,True
62,10,basic,9.99,paid,9.99,True
63,10,pro,19.99,paid,19.99,True
64,10,basic,9.99,paid,9.99,True
65,10,basic,9.99,paid,9.99,True
66,10,pro,19.99,paid,19.99,True
67,10,basic,9.99,paid,9.99,True
68,10,pro,19.99,paid,19.99,True
69,10,basic,9.99,failed,0.0,False
70,10,premium,29.99,paid,29.99,True
71,10,pro,19.99,paid,19.99,True
72,10,basic,9.99,paid,9.99,True
73,10,basic,9.99,failed,0.0,True
74,10,pro,19.99,paid,19.99,True
75,10,pro,19.99,paid,19.99,True
76,10,pro,19.99,failed,0.0,False
77,10,pro,19.99,paid,19.99,True
78,10,basic,9.99,paid,9.99,True
79,10,basic,9.99,failed,0.0,True
80,10,basic,9.99,paid,9.99,True
81,10,premium,29.99,paid,29.99,True
82,10,pro,19.99,paid,19.99,True
83,10,basic,9.99,failed,0.0,False
84,10,basic,9.99,paid,9.99,True
85,10,basic,9.99,paid,9.99,True
86,10,basic,9.99,paid,9.99,True
87,10,pro,19.99,paid,19.99,True
88,10,pro,19.99,failed,0.0,False
89,10,premium,29.99,paid,29.99,True
90,10,basic,9.99,failed,0.0,False
91,10,basic,9.99,paid,9.99,True
92,10,pro,19.99,paid,19.99,True
93,10,pro,19.99,failed,0.0,False
94,10,pro,19.99,paid,19.99,True
95,10,pro,19.99,paid,19.99,True
96,10,basic,9.99,paid,9.99,True
97,10,pro,19.99,paid,19.99,True
98,10,basic,9.99,failed,0.0,False
99,10,basic,9.99,failed,0.0,False
100,10,basic,9.99,failed,0.0,False
101,10,basic,9.99,paid,9.99,True
102,10,pro,19.99,failed,0.0,False
103,10,basic,9.99,failed,0.0,False
104,10,pro,19.99,paid,19.99,True
105,10,premium,29.99,paid,29.99,True
106,10,basic,9.99,failed,0.0,False
107,10,basic,9.99,failed,0.0,False
108,10,pro,19.99,failed,0.0,True
109,10,basic,9.99,failed,0.0,False
110,10,basic,9.99,paid,9.99,True
111,10,basic,9.99,paid,9.99,True
112,10,basic,9.99,failed,0.0,False
113,10,premium,29.99,paid,29.99,True
114,10,pro,19.99,paid,19.99,True
115,10,pro,19.99,failed,0.0,False
116,10,premium,29.99,paid,29.99,True
117,10,pro,19.99,paid,19.99,True
118,10,basic,9.99,failed,0.0,False
119,10,premium,29.99,failed,0.0,False
120,10,pro,19.99,failed,0.0,False
121,10,pro,19.99,paid,19.99,True
122,10,premium,29.99,paid,29.99,True
123,10,basic,9.99,paid,9.99,True
124,10,basic,9.99,failed,0.0,False
125,10,basic,9.99,failed,0.0,False
126,10,basic,9.99,paid,9.99,True
127,10,pro,19.99,paid,19.99,True
128,10,premium,29.99,failed,0.0,False
129,10,basic,9.99,paid,9.99,True
130,10,pro,19.99,paid,19.99,True
131,10,basic,9.99,paid,9.99,True
132,10,basic,9.99,paid,9.99,True
133,10,basic,9.99,paid,9.99,True
134,10,basic,9.99,failed,0.0,False
135,10,premium,29.99,paid,29.99,True
136,10,basic,9.99,paid,9.99,True
137,10,pro,19.99,failed,0.0,False
138,10,pro,19.99,paid,19.99,True
139,10,basic,9.99,paid,9.99,True
140,10,premium,29.99,paid,29.99,True
141,10,premium,29.99,paid,29.99,True
142,10,basic,9.99,paid,9.99,True
143,10,basic,9.99,failed,0.0,False
144,10,basic,9.99,paid,9.99,True
145,10,basic,9.99,paid,9.99,True
146,10,basic,9.99,paid,9.99,True
147,10,pro,19.99,failed,0.0,False
148,10,pro,19.99,paid,19.99,True
149,10,basic,9.99,paid,9.99,True
150,10,basic,9.99,paid,9.99,True
151,10,premium,29.99,paid,29.99,True
152,10,basic,9.99,paid,9.99,True
153,10,basic,9.99,paid,9.99,True
154,10,basic,9.99,failed,0.0,True
155,10,premium,29.99,paid,29.99,True
156,10,basic,9.99,paid,9.99,True
157,10,pro,19.99,paid,19.99,True
158,10,pro,19.99,paid,19.99,True
159,10,basic,9.99,paid,9.99,True
160,10,pro,19.99,paid,19.99,True
161,10,basic,9.99,failed,0.0,False
162,10,pro,19.99,paid,19.99,True
163,10,pro,19.99,paid,19.99,True
164,10,pro,19.99,failed,0.0,False
165,10,basic,9.99,paid,9.99,True
166,10,pro,19.99,failed,0.0,False
167,10,basic,9.99,failed,0.0,False
168,10,basic,9.99,paid,9.99,True
169,10,basic,9.99,paid,9.99,True
170,10,pro,19.99,failed,0.0,False
171,10,pro,19.99,paid,19.99,True
172,10,basic,9.99,paid,9.99,True
173,10,pro,19.99,paid,19.99,True
174,10,basic,9.99,paid,9.99,True
175,10,pro,19.99,paid,19.99,True
176,10,basic,9.99,paid,9.99,True
177,10,pro,19.99,failed,0.0,False
178,10,basic,9.99,paid,9.99,True
179,10,premium,29.99,paid,29.99,True
180,10,basic,9.99,paid,9.99,True
181,10,basic,9.99,failed,0.0,False
182,10,basic,9.99,paid,9.99,True
183,10,premium,29.99,failed,0.0,False
184,10,premium,29.99,paid,29.99,True
185,10,basic,9.99,paid,9.99,True
186,10,pro,19.99,paid,19.99,True
187,10,pro,19.99,paid,19.99,True
188,10,pro,19.99,paid,19.99,True
189,10,pro,19.99,paid,19.99,True
190,10,basic,9.99,paid,9.99,True
191,10,basic,9.99,paid,9.99,True
192,10,premium,29.99,paid,29.99,True
193,10,premium,29.99,failed,0.0,True
194,10,pro,19.99,paid,19.99,True
195,10,basic,9.99,paid,9.99,True
196,10,basic,9.99,failed,0.0,False
197,10,pro,19.99,failed,0.0,False
198,10,premium,29.99,paid,29.99,True
199,10,premium,29.99,failed,0.0,False
200,10,pro,19.99,failed,0.0,False
201,10,pro,19.99,failed,0.0,False
202,10,basic,9.99,failed,0.0,False
203,10,basic,9.99,paid,9.99,True
204,10,premium,29.99,paid,29.99,True
205,10,pro,19.99,paid,19.99,True
206,10,basic,9.99,paid,9.99,True
207,10,basic,9.99,failed,0.0,False
208,10,pro,19.99,paid,19.99,True
209,10,basic,9.99,paid,9.99,True
210,10,basic,9.99,paid,9.99,True
211,10,pro,19.99,paid,19.99,True
212,10,pro,19.99,paid,19.99,True
213,10,pro,19.99,paid,19.99,True
214,10,basic,9.99,paid,9.99,True
215,10,pro,19.99,paid,19.99,True
216,10,basic,9.99,paid,9.99,True
217,10,basic,9.99,paid,9.99,True
218,10,pro,19.99,failed,0.0,False
219,10,pro,19.99,paid,19.99,True
220,10,pro,19.99,paid,19.99,True
221,10,pro,19.99,paid,19.99,True
222,10,pro,19.99,paid,19.99,True
223,10,basic,9.99,failed,0.0,False
224,10,basic,9.99,failed,0.0,True
225,10,basic,9.99,paid,9.99,True
226,10,basic,9.99,failed,0.0,False
227,10,premium,29.99,paid,29.99,True
228,10,basic,9.99,failed,0.0,False
229,10,premium,29.99,paid,29.99,True
230,10,pro,19.99,paid,19.99,True
231,10,pro,19.99,paid,19.99,True
232,10,pro,19.99,paid,19.99,True
233,10,pro,19.99,paid,19.99,True
234,10,basic,9.99,failed,0.0,False
235,10,basic,9.99,paid,9.99,True
236,10,pro,19.99,paid,19.99,True
237,10,basic,9.99,failed,0.0,False
238,10,basic,9.99,failed,0.0,False
239,10,pro,19.99,failed,0.0,False
240,10,basic,9.99,paid,9.99,True
241,10,premium,29.99,paid,29.99,True
242,10,premium,29.99,paid,29.99,True
243,10,premium,29.99,paid,29.99,True
244,10,basic,9.99,failed,0.0,False
245,10,basic,9.99,paid,9.99,True
246,10,premium,29.99,paid,29.99,True
247,10,basic,9.99,paid,9.99,True
248,10,premium,29.99,failed,0.0,False
249,10,premium,29.99,paid,29.99,True
250,10,premium,29.99,paid,29.99,True
251,10,basic,9.99,paid,9.99,True
252,10,basic,9.99,paid,9.99,True
253,10,premium,29.99,paid,29.99,True
254,10,basic,9.99,failed,0.0,True
255,10,basic,9.99,paid,9.99,True
256,10,pro,19.99,failed,0.0,False
257,10,premium,29.99,failed,0.0,False
258,10,pro,19.99,paid,19.99,True
259,10,pro,19.99,paid,19.99,True
260,10,basic,9.99,paid,9.99,True
261,10,pro,19.99,failed,0.0,False
262,10,premium,29.99,paid,29.99,True
263,10,basic,9.99,paid,9.99,True
264,10,pro,19.99,paid,19.99,True
265,10,premium,29.99,failed,0.0,False
266,10,pro,19.99,failed,0.0,False
267,10,pro,19.99,paid,19.99,True
268,10,pro,19.99,paid,19.99,True
269,10,basic,9.99,paid,9.99,True
270,10,basic,9.99,paid,9.99,True
271,10,pro,19.99,paid,19.99,True
272,10,pro,19.99,paid,19.99,True
273,10,premium,29.99,paid,29.99,True
274,10,premium,29.99,paid,29.99,True
275,10,pro,19.99,failed,0.0,False
276,10,pro,19.99,paid,19.99,True
277,10,pro,19.99,failed,0.0,False
278,10,pro,19.99,paid,19.99,True
279,10,pro,19.99,paid,19.99,True
280,10,pro,19.99,failed,0.0,False
281,10,premium,29.99,paid,29.99,True
282,10,basic,9.99,failed,0.0,False
283,10,basic,9.99,paid,9.99,True
284,10,basic,9.99,paid,9.99,True
285,10,pro,19.99,paid,19.99,True
286,10,basic,9.99,failed,0.0,True
287,10,basic,9.99,failed,0.0,False
288,10,pro,19.99,paid,19.99,True
289,10,basic,9.99,paid,9.99,True
290,10,pro,19.99,paid,19.99,True
291,10,basic,9.99,paid,9.99,True
292,10,basic,9.99,paid,9.99,True
293,10,pro,19.99,failed,0.0,False
294,10,basic,9.99,failed,0.0,False
295,10,basic,9.99,paid,9.99,True
296,10,pro,19.99,paid,19.99,True
297,10,pro,19.99,paid,19.99,True
298,10,basic,9.99,paid,9.99,True
299,10,pro,19.99,failed,0.0,True
300,10,basic,9.99,paid,9.99,True
301,10,basic,9.99,paid,9.99,True
302,10,pro,19.99,paid,19.99,True
303,10,pro,19.99,paid,19.99,True
304,10,pro,19.99,paid,19.99,True
305,10,pro,19.99,failed,0.0,False
306,10,premium,29.99,failed,0.0,False
307,10,pro,19.99,failed,0.0,False
308,10,basic,9.99,paid,9.99,True
309,10,pro,19.99,paid,19.99,True
310,10,basic,9.99,paid,9.99,True
311,10,basic,9.99,failed,0.0,False
312,10,basic,9.99,paid,9.99,True
313,10,basic,9.99,paid,9.99,True
314,10,premium,29.99,paid,29.99,True
315,10,pro,19.99,failed,0.0,True
316,10,pro,19.99,paid,19.99,True
317,10,basic,9.99,paid,9.99,True
318,10,basic,9.99,failed,0.0,False
319,10,basic,9.99,paid,9.99,True
320,10,basic,9.99,failed,0.0,False
321,10,pro,19.99,failed,0.0,False
322,10,pro,19.99,paid,19.99,True
323,10,pro,19.99,paid,19.99,True
324,10,basic,9.99,failed,0.0,False
325,10,premium,29.99,paid,29.99,True
326,10,pro,19.99,paid,19.99,True
327,10,pro,19.99,paid,19.99,True
328,10,pro,19.99,paid,19.99,True
329,10,basic,9.99,paid,9.99,True
330,10,basic,9.99,paid,9.99,True
331,10,basic,9.99,paid,9.99,True
332,10,pro,19.99,paid,19.99,True
333,10,basic,9.99,failed,0.0,False
334,10,basic,9.99,paid,9.99,True
335,10,basic,9.99,failed,0.0,False
336,10,basic,9.99,paid,9.99,True
337,10,premium,29.99,paid,29.99,True
338,10,pro,19.99,paid,19.99,True
339,10,basic,9.99,paid,9.99,True
340,10,basic,9.99,paid,9.99,True
341,10,basic,9.99,paid,9.99,True
342,10,basic,9.99,failed,0.0,False
343,10,basic,9.99,paid,9.99,True
344,10,basic,9.99,failed,0.0,False
345,10,basic,9.99,paid,9.99,True
346,10,pro,19.99,paid,19.99,True
347,10,pro,19.99,paid,19.99,True
348,10,basic,9.99,paid,9.99,True
349,10,basic,9.99,failed,0.0,False
350,10,pro,19.99,paid,19.99,True
351,10,pro,19.99,paid,19.99,True
352,10,premium,29.99,paid,29.99,True
353,10,pro,19.99,failed,0.0,False
354,10,basic,9.99,paid,9.99,True
355,10,basic,9.99,paid,9.99,True
356,10,pro,19.99,paid,19.99,True
357,10,basic,9.99,failed,0.0,False
358,10,pro,19.99,paid,19.99,True
359,10,premium,29.99,failed,0.0,False
360,10,pro,19.99,paid,19.99,True
361,10,basic,9.99,paid,9.99,True
362,10,pro,19.99,paid,19.99,True
363,10,basic,9.99,paid,9.99,True
364,10,pro,19.99,paid,19.99,True
365,10,premium,29.99,paid,29.99,True
366,10,basic,9.99,failed,0.0,False
367,10,premium,29.99,paid,29.99,True
368,10,premium,29.99,paid,29.99,True
369,10,basic,9.99,failed,0.0,False
370,10,basic,9.99,paid,9.99,True
371,10,basic,9.99,failed,0.0,True
372,10,basic,9.99,failed,0.0,False
373,10,basic,9.99,paid,9.99,True
374,10,pro,19.99,failed,0.0,False
375,10,basic,9.99,failed,0.0,False
376,10,basic,9.99,failed,0.0,False
377,10,pro,19.99,paid,19.99,True
378,10,basic,9.99,paid,9.99,True
379,10,pro,19.99,failed,0.0,False
380,10,basic,9.99,failed,0.0,False
381,10,basic,9.99,failed,0.0,False
382,10,pro,19.99,paid,19.99,True
383,10,pro,19.99,paid,19.99,True
384,10,premium,29.99,paid,29.99,True
385,10,pro,19.99,failed,0.0,False
386,10,pro,19.99,paid,19.99,True
387,10,basic,9.99,paid,9.99,True
388,10,basic,9.99,paid,9.99,True
389,10,pro,19.99,paid,19.99,True
390,10,pro,19.99,paid,19.99,True
391,10,premium,29.99,paid,29.99,True
392,10,basic,9.99,paid,9.99,True
393,10,basic,9.99,paid,9.99,True
394,10,pro,19.99,paid,19.99,True
395,10,basic,9.99,paid,9.99,True
396,10,premium,29.99,paid,29.99,True
397,10,premium,29.99,paid,29.99,True
398,10,basic,9.99,failed,0.0,False
399,10,pro,19.99,paid,19.99,True
400,10,pro,19.99,paid,19.99,True
401,10,basic,9.99,paid,9.99,True
402,10,premium,29.99,failed,0.0,False
403,10,pro,19.99,failed,0.0,False
404,10,pro,19.99,failed,0.0,True
405,10,basic,9.99,paid,9.99,True
406,10,premium,29.99,paid,29.99,True
407,10,basic,9.99,paid,9.99,True
408,10,basic,9.99,paid,9.99,True
409,10,premium,29.99,paid,29.99,True
410,10,basic,9.99,paid,9.99,True
411,10,basic,9.99,failed,0.0,False
412,10,premium,29.99,paid,29.99,True
413,10,premium,29.99,paid,29.99,True
414,10,pro,19.99,paid,19.99,True
415,10,pro,19.99,paid,19.99,True
416,10,basic,9.99,paid,9.99,True
417,10,basic,9.99,paid,9.99,True
418,10,basic,9.99,paid,9.99,True
419,10,pro,19.99,paid,19.99,True
420,10,pro,19.99,paid,19.99,True
421,10,pro,19.99,failed,0.0,False
422,10,pro,19.99,failed,0.0,True
423,10,basic,9.99,failed,0.0,False
424,10,basic,9.99,paid,9.99,True
425,10,basic,9.99,failed,0.0,False
426,10,pro,19.99,failed,0.0,False
427,10,basic,9.99,paid,9.99,True
428,10,premium,29.99,paid,29.99,True
429,10,basic,9.99,paid,9.99,True
430,10,basic,9.99,failed,0.0,False
431,10,basic,9.99,paid,9.99,True
432,10,pro,19.99,failed,0.0,False
433,10,pro,19.99,paid,19.99,True
434,10,basic,9.99,failed,0.0,False
435,10,basic,9.99,failed,0.0,True
436,10,pro,19.99,failed,0.0,False
437,10,basic,9.99,failed,0.0,False
438,10,pro,19.99,failed,0.0,False
439,10,pro,19.99,paid,19.99,True
440,10,basic,9.99,failed,0.0,False
441,10,basic,9.99,failed,0.0,False
442,10,premium,29.99,paid,29.99,True
443,10,basic,9.99,failed,0.0,False
444,10,basic,9.99,failed,0.0,False
445,10,pro,19.99,failed,0.0,False
446,10,premium,29.99,paid,29.99,True
447,10,premium,29.99,paid,29.99,True
448,10,pro,19.99,paid,19.99,True
449,10,basic,9.99,failed,0.0,False
450,10,basic,9.99,failed,0.0,False
451,10,pro,19.99,paid,19.99,True
452,10,pro,19.99,paid,19.99,True
453,10,basic,9.99,paid,9.99,True
454,10,premium,29.99,paid,29.99,True
455,10,basic,9.99,paid,9.99,True
456,10,basic,9.99,paid,9.99,True
457,10,basic,9.99,paid,9.99,True
458,10,basic,9.99,paid,9.99,True
459,10,basic,9.99,failed,0.0,False
460,10,basic,9.99,failed,0.0,False
461,10,basic,9.99,paid,9.99,True
462,10,pro,19.99,failed,0.0,False
463,10,pro,19.99,paid,19.99,True
464,10,pro,19.99,paid,19.99,True
465,10,premium,29.99,failed,0.0,False
466,10,basic,9.99,paid,9.99,True
467,10,basic,9.99,failed,0.0,False
468,10,premium,29.99,paid,29.99,True
469,10,basic,9.99,failed,0.0,False
470,10,premium,29.99,paid,29.99,True
471,10,basic,9.99,paid,9.99,True
472,10,premium,29.99,failed,0.0,False
473,10,basic,9.99,paid,9.99,True
474,10,premium,29.99,paid,29.99,True
475,10,pro,19.99,paid,19.99,True
476,10,premium,29.99,paid,29.99,True
477,10,basic,9.99,paid,9.99,True
478,10,pro,19.99,paid,19.99,True
479,10,premium,29.99,failed,0.0,True
480,10,pro,19.99,paid,19.99,True
481,10,pro,19.99,failed,0.0,True
482,10,pro,19.99,paid,19.99,True
483,10,basic,9.99,paid,9.99,True
484,10,pro,19.99,paid,19.99,True
485,10,pro,19.99,paid,19.99,True
486,10,premium,29.99,paid,29.99,True
487,10,basic,9.99,paid,9.99,True
488,10,basic,9.99,failed,0.0,False
489,10,premium,29.99,failed,0.0,True
490,10,premium,29.99,paid,29.99,True
491,10,basic,9.99,paid,9.99,True
492,10,pro,19.99,paid,19.99,True
493,10,basic,9.99,paid,9.99,True
494,10,basic,9.99,paid,9.99,True
495,10,basic,9.99,failed,0.0,False
496,10,basic,9.99,failed,0.0,False
497,10,pro,19.99,paid,19.99,True
498,10,basic,9.99,paid,9.99,True
499,10,premium,29.99,paid,29.99,True
500,10,premium,29.99,paid,29.99,True
501,10,pro,19.99,paid,19.99,True
502,10,pro,19.99,paid,19.99,True
503,10,basic,9.99,paid,9.99,True
504,10,pro,19.99,paid,19.99,True
505,10,pro,19.99,paid,19.99,True
506,10,basic,9.99,failed,0.0,False
507,10,premium,29.99,failed,0.0,False
508,10,pro,19.99,paid,19.99,True
509,10,premium,29.99,failed,0.0,False
510,10,pro,19.99,paid,19.99,True
511,10,pro,19.99,failed,0.0,False
512,10,basic,9.99,paid,9.99,True
513,10,premium,29.99,paid,29.99,True
514,10,premium,29.99,paid,29.99,True
515,10,basic,9.99,failed,0.0,False
516,10,basic,9.99,paid,9.99,True
517,10,basic,9.99,paid,9.99,True
518,10,pro,19.99,paid,19.99,True
519,10,premium,29.99,failed,0.0,True
520,10,basic,9.99,paid,9.99,True
521,10,pro,19.99,paid,19.99,True
522,10,basic,9.99,paid,9.99,True
523,10,premium,29.99,paid,29.99,True
524,10,pro,19.99,paid,19.99,True
525,10,pro,19.99,paid,19.99,True
526,10,basic,9.99,paid,9.99,True
527,10,basic,9.99,failed,0.0,False
528,10,basic,9.99,paid,9.99,True
529,10,basic,9.99,failed,0.0,False
530,10,premium,29.99,paid,29.99,True
531,10,pro,19.99,paid,19.99,True
532,10,premium,29.99,paid,29.99,True
533,10,premium,29.99,paid,29.99,True
534,10,pro,19.99,failed,0.0,False
535,10,pro,19.99,paid,19.99,True
536,10,premium,29.99,paid,29.99,True
537,10,pro,19.99,paid,19.99,True
538,10,basic,9.99,paid,9.99,True
539,10,basic,9.99,failed,0.0,True
540,10,basic,9.99,paid,9.99,True
541,10,premium,29.99,paid,29.99,True
542,10,pro,19.99,paid,19.99,True
543,10,basic,9.99,failed,0.0,False
544,10,pro,19.99,paid,19.99,True
545,10,pro,19.99,paid,19.99,True
546,10,basic,9.99,paid,9.99,True
547,10,basic,9.99,paid,9.99,True
548,10,pro,19.99,paid,19.99,True
549,10,pro,19.99,paid,19.99,True
550,10,pro,19.99,paid,19.99,True
551,10,pro,19.99,failed,0.0,False
552,10,premium,29.99,paid,29.99,True
553,10,pro,19.99,failed,0.0,False
554,10,pro,19.99,failed,0.0,False
555,10,premium,29.99,failed,0.0,True
556,10,basic,9.99,paid,9.99,True
557,10,basic,9.99,paid,9.99,True
558,10,basic,9.99,failed,0.0,False
559,10,pro,19.99,failed,0.0,True
560,10,pro,19.99,failed,0.0,True
561,10,pro,19.99,paid,19.99,True
562,10,basic,9.99,paid,9.99,True
563,10,basic,9.99,paid,9.99,True
564,10,basic,9.99,failed,0.0,False
565,10,basic,9.99,paid,9.99,True
566,10,pro,19.99,paid,19.99,True
567,10,basic,9.99,failed,0.0,False
568,10,basic,9.99,failed,0.0,True
569,10,premium,29.99,failed,0.0,True
570,10,basic,9.99,paid,9.99,True
571,10,pro,19.99,failed,0.0,False
572,10,pro,19.99,failed,0.0,False
573,10,basic,9.99,paid,9.99,True
574,10,pro,19.99,paid,19.99,True
575,10,premium,29.99,paid,29.99,True
576,10,premium,29.99,paid,29.99,True
577,10,basic,9.99,paid,9.99,True
578,10,premium,29.99,paid,29.99,True
579,10,basic,9.99,paid,9.99,True
580,10,basic,9.99,paid,9.99,True
581,10,basic,9.99,failed,0.0,False
582,10,premium,29.99,failed,0.0,False
583,10,basic,9.99,failed,0.0,False
584,10,basic,9.99,paid,9.99,True
585,10,pro,19.99,failed,0.0,False
586,10,basic,9.99,paid,9.99,True
587,10,basic,9.99,paid,9.99,True
588,10,basic,9.99,paid,9.99,True
589,10,basic,9.99,paid,9.99,True
590,10,basic,9.99,failed,0.0,True
591,10,basic,9.99,paid,9.99,True
592,10,pro,19.99,paid,19.99,True
593,10,basic,9.99,paid,9.99,True
594,10,basic,9.99,failed,0.0,False
595,10,premium,29.99,paid,29.99,True
596,10,basic,9.99,paid,9.99,True
597,10,pro,19.99,failed,0.0,False
598,10,basic,9.99,failed,0.0,False
599,10,basic,9.99,paid,9.99,True
600,10,basic,9.99,failed,0.0,False
601,10,basic,9.99,paid,9.99,True
602,10,basic,9.99,failed,0.0,False
603,10,basic,9.99,failed,0.0,False
604,10,basic,9.99,paid,9.99,True
605,10,basic,9.99,paid,9.99,True
606,10,basic,9.99,paid,9.99,True
607,10,basic,9.99,paid,9.99,True
608,10,basic,9.99,paid,9.99,True
609,10,pro,19.99,failed,0.0,False
610,10,pro,19.99,paid,19.99,True
611,10,basic,9.99,failed,0.0,False
612,10,pro,19.99,paid,19.99,True
613,10,pro,19.99,paid,19.99,True
614,10,basic,9.99,failed,0.0,False
615,10,premium,29.99,paid,29.99,True
616,10,premium,29.99,paid,29.99,True
617,10,basic,9.99,paid,9.99,True
618,10,basic,9.99,paid,9.99,True
619,10,pro,19.99,paid,19.99,True
620,10,pro,19.99,paid,19.99,True
621,10,basic,9.99,paid,9.99,True
622,10,basic,9.99,failed,0.0,False
623,10,basic,9.99,paid,9.99,True
624,10,basic,9.99,paid,9.99,True
625,10,pro,19.99,paid,19.99,True
626,10,basic,9.99,failed,0.0,True
627,10,basic,9.99,paid,9.99,True
628,10,pro,19.99,paid,19.99,True
629,10,basic,9.99,paid,9.99,True
630,10,basic,9.99,failed,0.0,False
631,10,pro,19.99,paid,19.99,True
632,10,premium,29.99,failed,0.0,False
633,10,pro,19.99,paid,19.99,True
634,10,pro,19.99,failed,0.0,False
635,10,basic,9.99,failed,0.0,False
636,10,basic,9.99,failed,0.0,False
637,10,pro,19.99,failed,0.0,False
638,10,basic,9.99,paid,9.99,True
639,10,basic,9.99,failed,0.0,True
640,10,basic,9.99,failed,0.0,False
641,10,basic,9.99,failed,0.0,False
642,10,basic,9.99,failed,0.0,False
643,10,basic,9.99,paid,9.99,True
644,10,basic,9.99,failed,0.0,False
645,10,basic,9.99,failed,0.0,False
646,10,premium,29.99,paid,29.99,True
647,10,pro,19.99,paid,19.99,True
648,10,pro,19.99,failed,0.0,False
649,10,pro,19.99,paid,19.99,True
650,10,basic,9.99,failed,0.0,False
651,10,basic,9.99,paid,9.99,True
652,10,pro,19.99,paid,19.99,True
653,10,pro,19.99,paid,19.99,True
654,10,pro,19.99,failed,0.0,False
655,10,basic,9.99,paid,9.99,True
656,10,basic,9.99,paid,9.99,True
657,10,basic,9.99,failed,0.0,False
658,10,basic,9.99,paid,9.99,True
659,10,pro,19.99,paid,19.99,True
660,10,pro,19.99,paid,19.99,True
661,10,basic,9.99,failed,0.0,False
662,10,premium,29.99,paid,29.99,True
663,10,pro,19.99,paid,19.99,True
664,10,basic,9.99,failed,0.0,False
665,10,basic,9.99,paid,9.99,True
666,10,basic,9.99,failed,0.0,False
667,10,basic,9.99,paid,9.99,True
668,10,basic,9.99,paid,9.99,True
669,10,basic,9.99,paid,9.99,True
670,10,basic,9.99,paid,9.99,True
671,10,basic,9.99,paid,9.99,True
672,10,premium,29.99,paid,29.99,True
673,10,basic,9.99,paid,9.99,True
674,10,pro,19.99,paid,19.99,True
675,10,basic,9.99,failed,0.0,False
676,10,premium,29.99,paid,29.99,True
677,10,basic,9.99,paid,9.99,True
678,10,basic,9.99,failed,0.0,False
679,10,premium,29.99,paid,29.99,True
680,10,premium,29.99,paid,29.99,True
681,10,pro,19.99,failed,0.0,False
682,10,basic,9.99,paid,9.99,True
683,10,basic,9.99,paid,9.99,True
684,10,pro,19.99,paid,19.99,True
685,10,premium,29.99,paid,29.99,True
686,10,pro,19.99,paid,19.99,True
687,10,pro,19.99,paid,19.99,True
688,10,basic,9.99,paid,9.99,True
689,10,pro,19.99,failed,0.0,False
690,10,basic,9.99,failed,0.0,False
691,10,basic,9.99,failed,0.0,False
692,10,basic,9.99,paid,9.99,True
693,10,pro,19.99,paid,19.99,True
694,10,basic,9.99,failed,0.0,False
695,10,basic,9.99,paid,9.99,True
696,10,pro,19.99,paid,19.99,True
697,10,basic,9.99,failed,0.0,False
698,10,pro,19.99,failed,0.0,False
699,10,basic,9.99,paid,9.99,True
700,10,basic,9.99,paid,9.99,True
701,10,pro,19.99,paid,19.99,True
702,10,basic,9.99,failed,0.0,False
703,10,basic,9.99,paid,9.99,True
704,10,basic,9.99,paid,9.99,True
705,10,basic,9.99,paid,9.99,True
706,10,premium,29.99,failed,0.0,False
707,10,basic,9.99,failed,0.0,False
708,10,pro,19.99,failed,0.0,False
709,10,basic,9.99,failed,0.0,False
710,10,pro,19.99,paid,19.99,True
711,10,pro,19.99,paid,19.99,True
712,10,pro,19.99,paid,19.99,True
713,10,basic,9.99,failed,0.0,False
714,10,basic,9.99,paid,9.99,True
715,10,basic,9.99,failed,0.0,False
716,10,premium,29.99,paid,29.99,True
717,10,pro,19.99,paid,19.99,True
718,10,premium,29.99,failed,0.0,False
719,10,basic,9.99,paid,9.99,True
720,10,pro,19.99,failed,0.0,True
721,10,premium,29.99,paid,29.99,True
722,10,basic,9.99,failed,0.0,False
723,10,basic,9.99,failed,0.0,True
724,10,pro,19.99,paid,19.99,True
725,10,pro,19.99,paid,19.99,True
726,10,pro,19.99,paid,19.99,True
727,10,basic,9.99,paid,9.99,True
728,10,pro,19.99,paid,19.99,True
729,10,basic,9.99,failed,0.0,False
730,10,basic,9.99,paid,9.99,True
731,10,basic,9.99,paid,9.99,True
732,10,pro,19.99,paid,19.99,True
733,10,pro,19.99,paid,19.99,True
734,10,pro,19.99,paid,19.99,True
735,10,basic,9.99,failed,0.0,False
736,10,premium,29.99,paid,29.99,True
737,10,basic,9.99,paid,9.99,True
738,10,pro,19.99,paid,19.99,True
739,10,basic,9.99,paid,9.99,True
740,10,basic,9.99,paid,9.99,True
741,10,basic,9.99,paid,9.99,True
742,10,basic,9.99,paid,9.99,True
743,10,pro,19.99,paid,19.99,True
744,10,pro,19.99,failed,0.0,False
745,10,basic,9.99,paid,9.99,True
746,10,premium,29.99,paid,29.99,True
747,10,basic,9.99,paid,9.99,True
748,10,pro,19.99,paid,19.99,True
749,10,premium,29.99,paid,29.99,True
750,10,pro,19.99,paid,19.99,True
751,10,basic,9.99,failed,0.0,False
752,10,premium,29.99,paid,29.99,True
753,10,pro,19.99,paid,19.99,True
754,10,basic,9.99,failed,0.0,False
755,10,basic,9.99,paid,9.99,True
756,10,pro,19.99,paid,19.99,True
757,10,pro,19.99,failed,0.0,False
758,10,pro,19.99,paid,19.99,True
759,10,premium,29.99,paid,29.99,True
760,10,pro,19.99,paid,19.99,True
761,10,basic,9.99,paid,9.99,True
762,10,basic,9.99,failed,0.0,False
763,10,basic,9.99,paid,9.99,True
764,10,pro,19.99,failed,0.0,False
765,10,basic,9.99,paid,9.99,True
766,10,pro,19.99,paid,19.99,True
767,10,pro,19.99,paid,19.99,True
768,10,premium,29.99,paid,29.99,True
769,10,basic,9.99,paid,9.99,True
770,10,pro,19.99,paid,19.99,True
771,10,basic,9.99,failed,0.0,False
772,10,pro,19.99,paid,19.99,True
773,10,basic,9.99,paid,9.99,True
774,10,basic,9.99,paid,9.99,True
775,10,pro,19.99,failed,0.0,True
776,10,basic,9.99,paid,9.99,True
777,10,basic,9.99,paid,9.99,True
778,10,pro,19.99,failed,0.0,False
779,10,pro,19.99,failed,0.0,True
780,10,pro,19.99,failed,0.0,False
781,10,pro,19.99,paid,19.99,True
782,10,pro,19.99,failed,0.0,False
783,10,basic,9.99,paid,9.99,True
784,10,basic,9.99,paid,9.99,True
785,10,basic,9.99,failed,0.0,False
786,10,premium,29.99,paid,29.99,True
787,10,pro,19.99,paid,19.99,True
788,10,basic,9.99,failed,0.0,False
789,10,basic,9.99,paid,9.99,True
790,10,premium,29.99,paid,29.99,True
791,10,basic,9.99,paid,9.99,True
792,10,pro,19.99,paid,19.99,True
793,10,pro,19.99,paid,19.99,True
794,10,pro,19.99,paid,19.99,True
795,10,basic,9.99,failed,0.0,False
796,10,premium,29.99,paid,29.99,True
797,10,premium,29.99,failed,0.0,False
798,10,pro,19.99,paid,19.99,True
799,10,pro,19.99,paid,19.99,True
800,10,premium,29.99,paid,29.99,True
801,10,pro,19.99,paid,19.99,True
802,10,basic,9.99,failed,0.0,False
803,10,pro,19.99,paid,19.99,True
804,10,pro,19.99,paid,19.99,True
805,10,basic,9.99,failed,0.0,False
806,10,pro,19.99,paid,19.99,True
807,10,premium,29.99,paid,29.99,True
808,10,premium,29.99,paid,29.99,True
809,10,basic,9.99,paid,9.99,True
810,10,basic,9.99,failed,0.0,False
811,10,premium,29.99,paid,29.99,True
812,10,pro,19.99,paid,19.99,True
813,10,basic,9.99,paid,9.99,True
814,10,premium,29.99,paid,29.99,True
815,10,premium,29.99,paid,29.99,True
816,10,pro,19.99,failed,0.0,False
817,10,pro,19.99,paid,19.99,True
818,10,basic,9.99,paid,9.99,True
819,10,basic,9.99,failed,0.0,False
820,10,basic,9.99,failed,0.0,False
821,10,pro,19.99,failed,0.0,False
822,10,basic,9.99,failed,0.0,False
823,10,basic,9.99,failed,0.0,False
824,10,basic,9.99,paid,9.99,True
825,10,pro,19.99,paid,19.99,True
826,10,premium,29.99,failed,0.0,False
827,10,basic,9.99,paid,9.99,True
828,10,basic,9.99,paid,9.99,True
829,10,pro,19.99,paid,19.99,True
830,10,basic,9.99,paid,9.99,True
831,10,basic,9.99,paid,9.99,True
832,10,basic,9.99,paid,9.99,True
833,10,basic,9.99,paid,9.99,True
834,10,basic,9.99,failed,0.0,False
835,10,basic,9.99,failed,0.0,False
836,10,basic,9.99,paid,9.99,True
837,10,premium,29.99,failed,0.0,False
838,10,basic,9.99,failed,0.0,False
839,10,pro,19.99,paid,19.99,True
840,10,pro,19.99,paid,19.99,True
841,10,basic,9.99,paid,9.99,True
842,10,pro,19.99,paid,19.99,True
843,10,basic,9.99,paid,9.99,True
844,10,premium,29.99,paid,29.99,True
845,10,basic,9.99,paid,9.99,True
846,10,basic,9.99,paid,9.99,True
847,10,basic,9.99,failed,0.0,False
848,10,premium,29.99,paid,29.99,True
849,10,pro,19.99,paid,19.99,True
850,10,pro,19.99,failed,0.0,False
851,10,basic,9.99,failed,0.0,False
852,10,pro,19.99,paid,19.99,True
853,10,basic,9.99,paid,9.99,True
854,10,premium,29.99,paid,29.99,True
855,10,basic,9.99,failed,0.0,False
856,10,basic,9.99,failed,0.0,False
857,10,basic,9.99,failed,0.0,False
858,10,basic,9.99,paid,9.99,True
859,10,pro,19.99,failed,0.0,False
860,10,basic,9.99,paid,9.99,True
861,10,pro,19.99,paid,19.99,True
862,10,basic,9.99,paid,9.99,True
863,10,pro,19.99,paid,19.99,True
864,10,basic,9.99,paid,9.99,True
865,10,basic,9.99,paid,9.99,True
866,10,pro,19.99,paid,19.99,True
867,10,basic,9.99,paid,9.99,True
868,10,basic,9.99,failed,0.0,False
869,10,premium,29.99,paid,29.99,True
870,10,premium,29.99,failed,0.0,False
871,10,basic,9.99,paid,9.99,True
872,10,basic,9.99,paid,9.99,True
873,10,pro,19.99,paid,19.99,True
874,10,basic,9.99,paid,9.99,True
875,10,basic,9.99,failed,0.0,False
876,10,basic,9.99,paid,9.99,True
877,10,pro,19.99,paid,19.99,True
878,10,pro,19.99,paid,19.99,True
879,10,basic,9.99,failed,0.0,False
880,10,basic,9.99,paid,9.99,True
881,10,basic,9.99,failed,0.0,False
882,10,pro,19.99,paid,19.99,True
883,10,basic,9.99,paid,9.99,True
884,10,basic,9.99,failed,0.0,False
885,10,pro,19.99,failed,0.0,False
886,10,basic,9.99,paid,9.99,True
887,10,pro,19.99,paid,19.99,True
888,10,basic,9.99,failed,0.0,False
889,10,basic,9.99,paid,9.99,True
890,10,basic,9.99,failed,0.0,False
891,10,pro,19.99,failed,0.0,False
892,10,premium,29.99,paid,29.99,True
893,10,pro,19.99,failed,0.0,False
894,10,basic,9.99,paid,9.99,True
895,10,pro,19.99,paid,19.99,True
896,10,basic,9.99,paid,9.99,True
897,10,basic,9.99,failed,0.0,True
898,10,premium,29.99,paid,29.99,True
899,10,basic,9.99,paid,9.99,True
900,10,basic,9.99,paid,9.99,True
901,10,basic,9.99,failed,0.0,False
902,10,basic,9.99,failed,0.0,True
903,10,basic,9.99,paid,9.99,True
904,10,pro,19.99,paid,19.99,True
905,10,basic,9.99,failed,0.0,False
906,10,premium,29.99,failed,0.0,False
907,10,pro,19.99,paid,19.99,True
908,10,basic,9.99,paid,9.99,True
909,10,basic,9.99,paid,9.99,True
910,10,basic,9.99,paid,9.99,True
911,10,pro,19.99,failed,0.0,False
912,10,basic,9.99,paid,9.99,True
913,10,pro,19.99,failed,0.0,False
914,10,basic,9.99,paid,9.99,True
915,10,pro,19.99,failed,0.0,False
916,10,basic,9.99,paid,9.99,True
917,10,basic,9.99,paid,9.99,True
918,10,premium,29.99,paid,29.99,True
919,10,pro,19.99,paid,19.99,True
920,10,basic,9.99,failed,0.0,False
921,10,premium,29.99,failed,0.0,False
922,10,basic,9.99,paid,9.99,True
923,10,premium,29.99,paid,29.99,True
924,10,pro,19.99,failed,0.0,False
925,10,basic,9.99,paid,9.99,True
926,10,basic,9.99,failed,0.0,True
927,10,basic,9.99,paid,9.99,True
928,10,pro,19.99,paid,19.99,True
929,10,pro,19.99,paid,19.99,True
930,10,basic,9.99,paid,9.99,True
931,10,basic,9.99,paid,9.99,True
932,10,pro,19.99,failed,0.0,False
933,10,premium,29.99,paid,29.99,True
934,10,pro,19.99,paid,19.99,True
935,10,basic,9.99,paid,9.99,True
936,10,basic,9.99,failed,0.0,False
937,10,basic,9.99,paid,9.99,True
938,10,premium,29.99,paid,29.99,True
939,10,basic,9.99,paid,9.99,True
940,10,pro,19.99,paid,19.99,True
941,10,basic,9.99,paid,9.99,True
942,10,pro,19.99,paid,19.99,True
943,10,pro,19.99,paid,19.99,True
944,10,pro,19.99,paid,19.99,True
945,10,basic,9.99,paid,9.99,True
946,10,basic,9.99,paid,9.99,True
947,10,basic,9.99,paid,9.99,True
948,10,premium,29.99,paid,29.99,True
949,10,premium,29.99,paid,29.99,True
950,10,pro,19.99,paid,19.99,True
951,10,pro,19.99,failed,0.0,False
952,10,pro,19.99,failed,0.0,False
953,10,basic,9.99,paid,9.99,True
954,10,premium,29.99,paid,29.99,True
955,10,basic,9.99,paid,9.99,True
956,10,basic,9.99,failed,0.0,True
957,10,pro,19.99,paid,19.99,True
958,10,basic,9.99,failed,0.0,False
959,10,basic,9.99,paid,9.99,True
960,10,pro,19.99,failed,0.0,False
961,10,basic,9.99,paid,9.99,True
962,10,pro,19.99,paid,19.99,True
963,10,basic,9.99,paid,9.99,True
964,10,basic,9.99,paid,9.99,True
965,10,basic,9.99,failed,0.0,True
966,10,basic,9.99,paid,9.99,True
967,10,pro,19.99,paid,19.99,True
968,10,basic,9.99,failed,0.0,False
969,10,pro,19.99,paid,19.99,True
970,10,basic,9.99,failed,0.0,False
971,10,pro,19.99,paid,19.99,True
972,10,premium,29.99,paid,29.99,True
973,10,pro,19.99,failed,0.0,False
974,10,basic,9.99,failed,0.0,False
975,10,basic,9.99,failed,0.0,False
976,10,basic,9.99,failed,0.0,False
977,10,pro,19.99,failed,0.0,False
978,10,basic,9.99,paid,9.99,True
979,10,basic,9.99,paid,9.99,True
980,10,pro,19.99,paid,19.99,True
981,10,basic,9.99,paid,9.99,True
982,10,pro,19.99,paid,19.99,True
983,10,basic,9.99,paid,9.99,True
984,10,basic,9.99,paid,9.99,True
985,10,pro,19.99,paid,19.99,True
986,10,basic,9.99,paid,9.99,True
987,10,pro,19.99,paid,19.99,True
988,10,basic,9.99,paid,9.99,True
989,10,basic,9.99,paid,9.99,True
990,10,pro,19.99,paid,19.99,True
991,10,pro,19.99,paid,19.99,True
992,10,pro,19.99,paid,19.99,True
993,10,basic,9.99,failed,0.0,False
994,10,pro,19.99,failed,0.0,False
995,10,basic,9.99,paid,9.99,True
996,10,basic,9.99,paid,9.99,True
997,10,premium,29.99,failed,0.0,False
998,10,basic,9.99,paid,9.99,True
999,10,premium,29.99,paid,29.99,True
1000,10,basic,9.99,paid,9.99,True
1,11,basic,9.99,paid,9.99,True
2,11,premium,29.99,paid,29.99,True
3,11,pro,19.99,failed,0.0,False
4,11,pro,19.99,paid,19.99,True
5,11,basic,9.99,failed,0.0,False
6,11,basic,9.99,failed,0.0,False
7,11,basic,9.99,paid,9.99,True
8,11,premium,29.99,failed,0.0,False
9,11,pro,19.99,paid,19.99,True
10,11,pro,19.99,paid,19.99,True
11,11,basic,9.99,paid,9.99,True
12,11,premium,29.99,failed,0.0,False
13,11,pro,19.99,failed,0.0,False
14,11,basic,9.99,failed,0.0,False
15,11,basic,9.99,paid,9.99,True
16,11,basic,9.99,failed,0.0,False
17,11,basic,9.99,paid,9.99,True
18,11,pro,19.99,paid,19.99,True
19,11,basic,9.99,paid,9.99,True
20,11,basic,9.99,failed,0.0,False
21,11,pro,19.99,paid,19.99,True
22,11,basic,9.99,paid,9.99,True
23,11,basic,9.99,failed,0.0,False
24,11,basic,9.99,paid,9.99,True
25,11,basic,9.99,failed,0.0,False
26,11,pro,19.99,paid,19.99,True
27,11,basic,9.99,paid,9.99,True
28,11,pro,19.99,paid,19.99,True
29,11,pro,19.99,paid,19.99,True
30,11,basic,9.99,failed,0.0,False
31,11,pro,19.99,paid,19.99,True
32,11,basic,9.99,paid,9.99,True
33,11,basic,9.99,failed,0.0,False
34,11,premium,29.99,paid,29.99,True
35,11,premium,29.99,paid,29.99,True
36,11,pro,19.99,paid,19.99,True
37,11,basic,9.99,paid,9.99,True
38,11,basic,9.99,failed,0.0,False
39,11,pro,19.99,paid,19.99,True
40,11,basic,9.99,paid,9.99,True
41,11,basic,9.99,failed,0.0,False
42,11,basic,9.99,failed,0.0,False
43,11,basic,9.99,failed,0.0,False
44,11,premium,29.99,paid,29.99,True
45,11,basic,9.99,paid,9.99,True
46,11,pro,19.99,paid,19.99,True
47,11,basic,9.99,paid,9.99,True
48,11,pro,19.99,failed,0.0,False
49,11,pro,19.99,paid,19.99,True
50,11,basic,9.99,paid,9.99,True
51,11,premium,29.99,paid,29.99,True
52,11,pro,19.99,failed,0.0,False
53,11,premium,29.99,paid,29.99,True
54,11,premium,29.99,paid,29.99,True
55,11,pro,19.99,paid,19.99,True
56,11,premium,29.99,paid,29.99,True
57,11,basic,9.99,paid,9.99,True
58,11,basic,9.99,failed,0.0,False
59,11,basic,9.99,paid,9.99,True
60,11,basic,9.99,failed,0.0,False
61,11,basic,9.99,paid,9.99,True
62,11,basic,9.99,paid,9.99,True
63,11,pro,19.99,paid,19.99,True
64,11,basic,9.99,failed,0.0,False
65,11,basic,9.99,paid,9.99,True
66,11,pro,19.99,paid,19.99,True
67,11,basic,9.99,paid,9.99,True
68,11,pro,19.99,paid,19.99,True
69,11,basic,9.99,failed,0.0,False
70,11,premium,29.99,paid,29.99,True
71,11,pro,19.99,paid,19.99,True
72,11,basic,9.99,paid,9.99,True
73,11,basic,9.99,paid,9.99,True
74,11,pro,19.99,paid,19.99,True
75,11,pro,19.99,paid,19.99,True
76,11,pro,19.99,failed,0.0,False
77,11,pro,19.99,failed,0.0,False
78,11,basic,9.99,paid,9.99,True
79,11,basic,9.99,paid,9.99,True
80,11,basic,9.99,failed,0.0,True
81,11,premium,29.99,paid,29.99,True
82,11,pro,19.99,paid,19.99,True
83,11,basic,9.99,failed,0.0,False
84,11,basic,9.99,paid,9.99,True
85,11,basic,9.99,paid,9.99,True
86,11,basic,9.99,paid,9.99,True
87,11,pro,19.99,paid,19.99,True
88,11,pro,19.99,failed,0.0,False
89,11,premium,29.99,paid,29.99,True
90,11,basic,9.99,failed,0.0,False
91,11,basic,9.99,paid,9.99,True
92,11,pro,19.99,failed,0.0,False
93,11,pro,19.99,failed,0.0,False
94,11,pro,19.99,paid,19.99,True
95,11,pro,19.99,paid,19.99,True
96,11,basic,9.99,paid,9.99,True
97,11,pro,19.99,paid,19.99,True
98,11,basic,9.99,failed,0.0,False
99,11,basic,9.99,failed,0.0,False
100,11,basic,9.99,failed,0.0,False
101,11,basic,9.99,paid,9.99,True
102,11,pro,19.99,failed,0.0,False
103,11,basic,9.99,failed,0.0,False
104,11,pro,19.99,paid,19.99,True
105,11,premium,29.99,paid,29.99,True
106,11,basic,9.99,failed,0.0,False
107,11,basic,9.99,failed,0.0,False
108,11,pro,19.99,paid,19.99,True
109,11,basic,9.99,failed,0.0,False
110,11,basic,9.99,paid,9.99,True
111,11,basic,9.99,paid,9.99,True
112,11,basic,9.99,failed,0.0,False
113,11,premium,29.99,paid,29.99,True
114,11,pro,19.99,paid,19.99,True
115,11,pro,19.99,failed,0.0,False
116,11,premium,29.99,paid,29.99,True
117,11,pro,19.99,failed,0.0,False
118,11,basic,9.99,failed,0.0,False
119,11,premium,29.99,failed,0.0,False
120,11,pro,19.99,failed,0.0,False
121,11,pro,19.99,paid,19.99,True
122,11,premium,29.99,paid,29.99,True
123,11,basic,9.99,paid,9.99,True
124,11,basic,9.99,failed,0.0,False
125,11,basic,9.99,failed,0.0,False
126,11,basic,9.99,paid,9.99,True
127,11,pro,19.99,paid,19.99,True
128,11,premium,29.99,failed,0.0,False
129,11,basic,9.99,paid,9.99,True
130,11,pro,19.99,paid,19.99,True
131,11,basic,9.99,paid,9.99,True
132,11,basic,9.99,paid,9.99,True
133,11,basic,9.99,paid,9.99,True
134,11,basic,9.99,failed,0.0,False
135,11,premium,29.99,paid,29.99,True
136,11,basic,9.99,paid,9.99,True
137,11,pro,19.99,failed,0.0,False
138,11,pro,19.99,paid,19.99,True
139,11,basic,9.99,paid,9.99,True
140,11,premium,29.99,paid,29.99,True
141,11,premium,29.99,paid,29.99,True
142,11,basic,9.99,paid,9.99,True
143,11,basic,9.99,failed,0.0,False
144,11,basic,9.99,paid,9.99,True
145,11,basic,9.99,paid,9.99,True
146,11,basic,9.99,paid,9.99,True
147,11,pro,19.99,failed,0.0,False
148,11,pro,19.99,paid,19.99,True
149,11,basic,9.99,paid,9.99,True
150,11,basic,9.99,paid,9.99,True
151,11,premium,29.99,paid,29.99,True
152,11,basic,9.99,paid,9.99,True
153,11,basic,9.99,paid,9.99,True
154,11,basic,9.99,paid,9.99,True
155,11,premium,29.99,paid,29.99,True
156,11,basic,9.99,paid,9.99,True
157,11,pro,19.99,failed,0.0,True
158,11,pro,19.99,paid,19.99,True
159,11,basic,9.99,paid,9.99,True
160,11,pro,19.99,paid,19.99,True
161,11,basic,9.99,failed,0.0,False
162,11,pro,19.99,paid,19.99,True
163,11,pro,19.99,paid,19.99,True
164,11,pro,19.99,failed,0.0,False
165,11,basic,9.99,paid,9.99,True
166,11,pro,19.99,failed,0.0,False
167,11,basic,9.99,failed,0.0,False
168,11,basic,9.99,paid,9.99,True
169,11,basic,9.99,failed,0.0,False
170,11,pro,19.99,failed,0.0,False
171,11,pro,19.99,paid,19.99,True
172,11,basic,9.99,paid,9.99,True
173,11,pro,19.99,paid,19.99,True
174,11,basic,9.99,paid,9.99,True
175,11,pro,19.99,paid,19.99,True
176,11,basic,9.99,paid,9.99,True
177,11,pro,19.99,failed,0.0,False
178,11,basic,9.99,paid,9.99,True
179,11,premium,29.99,paid,29.99,True
180,11,basic,9.99,paid,9.99,True
181,11,basic,9.99,failed,0.0,False
182,11,basic,9.99,paid,9.99,True
183,11,premium,29.99,failed,0.0,False
184,11,premium,29.99,paid,29.99,True
185,11,basic,9.99,failed,0.0,False
186,11,pro,19.99,failed,0.0,False
187,11,pro,19.99,paid,19.99,True
188,11,pro,19.99,failed,0.0,True
189,11,pro,19.99,paid,19.99,True
190,11,basic,9.99,paid,9.99,True
191,11,basic,9.99,paid,9.99,True
192,11,premium,29.99,paid,29.99,True
193,11,premium,29.99,paid,29.99,True
194,11,pro,19.99,paid,19.99,True
195,11,basic,9.99,paid,9.99,True
196,11,basic,9.99,failed,0.0,False
197,11,pro,19.99,failed,0.0,False
198,11,premium,29.99,paid,29.99,True
199,11,premium,29.99,failed,0.0,False
200,11,pro,19.99,failed,0.0,False
201,11,pro,19.99,failed,0.0,False
202,11,basic,9.99,failed,0.0,False
203,11,basic,9.99,failed,0.0,False
204,11,premium,29.99,paid,29.99,True
205,11,pro,19.99,paid,19.99,True
206,11,basic,9.99,paid,9.99,True
207,11,basic,9.99,failed,0.0,False
208,11,pro,19.99,failed,0.0,False
209,11,basic,9.99,paid,9.99,True
210,11,basic,9.99,paid,9.99,True
211,11,pro,19.99,paid,19.99,True
212,11,pro,19.99,paid,19.99,True
213,11,pro,19.99,paid,19.99,True
214,11,basic,9.99,paid,9.99,True
215,11,pro,19.99,paid,19.99,True
216,11,basic,9.99,failed,0.0,False
217,11,basic,9.99,paid,9.99,True
218,11,pro,19.99,failed,0.0,False
219,11,pro,19.99,paid,19.99,True
220,11,pro,19.99,paid,19.99,True
221,11,pro,19.99,failed,0.0,True
222,11,pro,19.99,paid,19.99,True
223,11,basic,9.99,failed,0.0,False
224,11,basic,9.99,paid,9.99,True
225,11,basic,9.99,paid,9.99,True
226,11,basic,9.99,failed,0.0,False
227,11,premium,29.99,failed,0.0,True
228,11,basic,9.99,failed,0.0,False
229,11,premium,29.99,paid,29.99,True
230,11,pro,19.99,paid,19.99,True
231,11,pro,19.99,failed,0.0,True
232,11,pro,19.99,paid,19.99,True
233,11,pro,19.99,paid,19.99,True
234,11,basic,9.99,failed,0.0,False
235,11,basic,9.99,paid,9.99,True
236,11,pro,19.99,paid,19.99,True
237,11,basic,9.99,failed,0.0,False
238,11,basic,9.99,failed,0.0,False
239,11,pro,19.99,failed,0.0,False
240,11,basic,9.99,paid,9.99,True
241,11,premium,29.99,paid,29.99,True
242,11,premium,29.99,paid,29.99,True
243,11,premium,29.99,paid,29.99,True
244,11,basic,9.99,failed,0.0,False
245,11,basic,9.99,paid,9.99,True
246,11,premium,29.99,paid,29.99,True
247,11,basic,9.99,paid,9.99,True
248,11,premium,29.99,failed,0.0,False
249,11,premium,29.99,paid,29.99,True
250,11,premium,29.99,paid,29.99,True
251,11,basic,9.99,paid,9.99,True
252,11,basic,9.99,failed,0.0,True
253,11,premium,29.99,failed,0.0,True
254,11,basic,9.99,paid,9.99,True
255,11,basic,9.99,paid,9.99,True
256,11,pro,19.99,failed,0.0,False
257,11,premium,29.99,failed,0.0,False
258,11,pro,19.99,paid,19.99,True
259,11,pro,19.99,failed,0.0,False
260,11,basic,9.99,paid,9.99,True
261,11,pro,19.99,failed,0.0,False
262,11,premium,29.99,paid,29.99,True
263,11,basic,9.99,paid,9.99,True
264,11,pro,19.99,paid,19.99,True
265,11,premium,29.99,failed,0.0,False
266,11,pro,19.99,failed,0.0,False
267,11,pro,19.99,paid,19.99,True
268,11,pro,19.99,paid,19.99,True
269,11,basic,9.99,paid,9.99,True
270,11,basic,9.99,failed,0.0,False
271,11,pro,19.99,paid,19.99,True
272,11,pro,19.99,paid,19.99,True
273,11,premium,29.99,paid,29.99,True
274,11,premium,29.99,paid,29.99,True
275,11,pro,19.99,failed,0.0,False
276,11,pro,19.99,failed,0.0,True
277,11,pro,19.99,failed,0.0,False
278,11,pro,19.99,paid,19.99,True
279,11,pro,19.99,paid,19.99,True
280,11,pro,19.99,failed,0.0,False
281,11,premium,29.99,failed,0.0,True
282,11,basic,9.99,failed,0.0,False
283,11,basic,9.99,paid,9.99,True
284,11,basic,9.99,failed,0.0,False
285,11,pro,19.99,failed,0.0,True
286,11,basic,9.99,paid,9.99,True
287,11,basic,9.99,failed,0.0,False
288,11,pro,19.99,failed,0.0,False
289,11,basic,9.99,paid,9.99,True
290,11,pro,19.99,paid,19.99,True
291,11,basic,9.99,paid,9.99,True
292,11,basic,9.99,paid,9.99,True
293,11,pro,19.99,failed,0.0,False
294,11,basic,9.99,failed,0.0,False
295,11,basic,9.99,paid,9.99,True
296,11,pro,19.99,paid,19.99,True
297,11,pro,19.99,paid,19.99,True
298,11,basic,9.99,paid,9.99,True
299,11,pro,19.99,failed,0.0,False
300,11,basic,9.99,paid,9.99,True
301,11,basic,9.99,paid,9.99,True
302,11,pro,19.99,paid,19.99,True
303,11,pro,19.99,paid,19.99,True
304,11,pro,19.99,paid,19.99,True
305,11,pro,19.99,failed,0.0,False
306,11,premium,29.99,failed,0.0,False
307,11,pro,19.99,failed,0.0,False
308,11,basic,9.99,paid,9.99,True
309,11,pro,19.99,paid,19.99,True
310,11,basic,9.99,paid,9.99,True
311,11,basic,9.99,failed,0.0,False
312,11,basic,9.99,failed,0.0,False
313,11,basic,9.99,paid,9.99,True
314,11,premium,29.99,paid,29.99,True
315,11,pro,19.99,paid,19.99,True
316,11,pro,19.99,failed,0.0,False
317,11,basic,9.99,paid,9.99,True
318,11,basic,9.99,failed,0.0,False
319,11,basic,9.99,failed,0.0,False
320,11,basic,9.99,failed,0.0,False
321,11,pro,19.99,failed,0.0,False
322,11,pro,19.99,paid,19.99,True
323,11,pro,19.99,paid,19.99,True
324,11,basic,9.99,failed,0.0,False
325,11,premium,29.99,paid,29.99,True
326,11,pro,19.99,paid,19.99,True
327,11,pro,19.99,failed,0.0,True
328,11,pro,19.99,failed,0.0,True
329,11,basic,9.99,paid,9.99,True
330,11,basic,9.99,paid,9.99,True
331,11,basic,9.99,paid,9.99,True
332,11,pro,19.99,paid,19.99,True
333,11,basic,9.99,failed,0.0,False
334,11,basic,9.99,paid,9.99,True
335,11,basic,9.99,failed,0.0,False
336,11,basic,9.99,paid,9.99,True
337,11,premium,29.99,paid,29.99,True
338,11,pro,19.99,paid,19.99,True
339,11,basic,9.99,paid,9.99,True
340,11,basic,9.99,paid,9.99,True
341,11,basic,9.99,paid,9.99,True
342,11,basic,9.99,failed,0.0,False
343,11,basic,9.99,paid,9.99,True
344,11,basic,9.99,failed,0.0,False
345,11,basic,9.99,paid,9.99,True
346,11,pro,19.99,paid,19.99,True
347,11,pro,19.99,failed,0.0,True
348,11,basic,9.99,paid,9.99,True
349,11,basic,9.99,failed,0.0,False
350,11,pro,19.99,paid,19.99,True
351,11,pro,19.99,paid,19.99,True
352,11,premium,29.99,paid,29.99,True
353,11,pro,19.99,failed,0.0,False
354,11,basic,9.99,paid,9.99,True
355,11,basic,9.99,paid,9.99,True
356,11,pro,19.99,paid,19.99,True
357,11,basic,9.99,failed,0.0,False
358,11,pro,19.99,paid,19.99,True
359,11,premium,29.99,failed,0.0,False
360,11,pro,19.99,paid,19.99,True
361,11,basic,9.99,paid,9.99,True
362,11,pro,19.99,paid,19.99,True
363,11,basic,9.99,paid,9.99,True
364,11,pro,19.99,paid,19.99,True
365,11,premium,29.99,paid,29.99,True
366,11,basic,9.99,failed,0.0,False
367,11,premium,29.99,paid,29.99,True
368,11,premium,29.99,paid,29.99,True
369,11,basic,9.99,failed,0.0,False
370,11,basic,9.99,failed,0.0,False
371,11,basic,9.99,paid,9.99,True
372,11,basic,9.99,failed,0.0,False
373,11,basic,9.99,paid,9.99,True
374,11,pro,19.99,failed,0.0,False
375,11,basic,9.99,failed,0.0,False
376,11,basic,9.99,failed,0.0,False
377,11,pro,19.99,paid,19.99,True
378,11,basic,9.99,paid,9.99,True
379,11,pro,19.99,failed,0.0,False
380,11,basic,9.99,failed,0.0,False
381,11,basic,9.99,failed,0.0,False
382,11,pro,19.99,paid,19.99,True
383,11,pro,19.99,paid,19.99,True
384,11,premium,29.99,paid,29.99,True
385,11,pro,19.99,failed,0.0,False
386,11,pro,19.99,paid,19.99,True
387,11,basic,9.99,paid,9.99,True
388,11,basic,9.99,paid,9.99,True
389,11,pro,19.99,paid,19.99,True
390,11,pro,19.99,paid,19.99,True
391,11,premium,29.99,paid,29.99,True
392,11,basic,9.99,paid,9.99,True
393,11,basic,9.99,paid,9.99,True
394,11,pro,19.99,paid,19.99,True
395,11,basic,9.99,paid,9.99,True
396,11,premium,29.99,paid,29.99,True
397,11,premium,29.99,paid,29.99,True
398,11,basic,9.99,failed,0.0,False
399,11,pro,19.99,paid,19.99,True
400,11,pro,19.99,paid,19.99,True
401,11,basic,9.99,paid,9.99,True
402,11,premium,29.99,failed,0.0,False
403,11,pro,19.99,failed,0.0,False
404,11,pro,19.99,paid,19.99,True
405,11,basic,9.99,failed,0.0,False
406,11,premium,29.99,paid,29.99,True
407,11,basic,9.99,paid,9.99,True
408,11,basic,9.99,paid,9.99,True
409,11,premium,29.99,paid,29.99,True
410,11,basic,9.99,paid,9.99,True
411,11,basic,9.99,failed,0.0,False
412,11,premium,29.99,paid,29.99,True
413,11,premium,29.99,failed,0.0,True
414,11,pro,19.99,paid,19.99,True
415,11,pro,19.99,paid,19.99,True
416,11,basic,9.99,failed,0.0,True
417,11,basic,9.99,paid,9.99,True
418,11,basic,9.99,paid,9.99,True
419,11,pro,19.99,paid,19.99,True
420,11,pro,19.99,failed,0.0,True
421,11,pro,19.99,failed,0.0,False
422,11,pro,19.99,paid,19.99,True
423,11,basic,9.99,failed,0.0,False
424,11,basic,9.99,paid,9.99,True
425,11,basic,9.99,failed,0.0,False
426,11,pro,19.99,failed,0.0,False
427,11,basic,9.99,paid,9.99,True
428,11,premium,29.99,paid,29.99,True
429,11,basic,9.99,paid,9.99,True
430,11,basic,9.99,failed,0.0,False
431,11,basic,9.99,paid,9.99,True
432,11,pro,19.99,failed,0.0,False
433,11,pro,19.99,paid,19.99,True
434,11,basic,9.99,failed,0.0,False
435,11,basic,9.99,paid,9.99,True
436,11,pro,19.99,failed,0.0,False
437,11,basic,9.99,failed,0.0,False
438,11,pro,19.99,failed,0.0,False
439,11,pro,19.99,paid,19.99,True
440,11,basic,9.99,failed,0.0,False
441,11,basic,9.99,failed,0.0,False
442,11,premium,29.99,paid,29.99,True
443,11,basic,9.99,failed,0.0,False
444,11,basic,9.99,failed,0.0,False
445,11,pro,19.99,failed,0.0,False
446,11,premium,29.99,paid,29.99,True
447,11,premium,29.99,paid,29.99,True
448,11,pro,19.99,paid,19.99,True
449,11,basic,9.99,failed,0.0,False
450,11,basic,9.99,failed,0.0,False
451,11,pro,19.99,paid,19.99,True
452,11,pro,19.99,paid,19.99,True
453,11,basic,9.99,paid,9.99,True
454,11,premium,29.99,paid,29.99,True
455,11,basic,9.99,paid,9.99,True
456,11,basic,9.99,paid,9.99,True
457,11,basic,9.99,paid,9.99,True
458,11,basic,9.99,paid,9.99,True
459,11,basic,9.99,failed,0.0,False
460,11,basic,9.99,failed,0.0,False
461,11,basic,9.99,paid,9.99,True
462,11,pro,19.99,failed,0.0,False
463,11,pro,19.99,paid,19.99,True
464,11,pro,19.99,paid,19.99,True
465,11,premium,29.99,failed,0.0,False
466,11,basic,9.99,paid,9.99,True
467,11,basic,9.99,failed,0.0,False
468,11,premium,29.99,paid,29.99,True
469,11,basic,9.99,failed,0.0,False
470,11,premium,29.99,paid,29.99,True
471,11,basic,9.99,failed,0.0,True
472,11,premium,29.99,failed,0.0,False
473,11,basic,9.99,paid,9.99,True
474,11,premium,29.99,failed,0.0,True
475,11,pro,19.99,paid,19.99,True
476,11,premium,29.99,paid,29.99,True
477,11,basic,9.99,paid,9.99,True
478,11,pro,19.99,paid,19.99,True
479,11,premium,29.99,paid,29.99,True
480,11,pro,19.99,paid,19.99,True
481,11,pro,19.99,paid,19.99,True
482,11,pro,19.99,paid,19.99,True
483,11,basic,9.99,paid,9.99,True
484,11,pro,19.99,paid,19.99,True
485,11,pro,19.99,paid,19.99,True
486,11,premium,29.99,paid,29.99,True
487,11,basic,9.99,paid,9.99,True
488,11,basic,9.99,failed,0.0,False
489,11,premium,29.99,paid,29.99,True
490,11,premium,29.99,paid,29.99,True
491,11,basic,9.99,paid,9.99,True
492,11,pro,19.99,paid,19.99,True
493,11,basic,9.99,paid,9.99,True
494,11,basic,9.99,paid,9.99,True
495,11,basic,9.99,failed,0.0,False
496,11,basic,9.99,failed,0.0,False
497,11,pro,19.99,paid,19.99,True
498,11,basic,9.99,paid,9.99,True
499,11,premium,29.99,paid,29.99,True
500,11,premium,29.99,paid,29.99,True
501,11,pro,19.99,paid,19.99,True
502,11,pro,19.99,paid,19.99,True
503,11,basic,9.99,paid,9.99,True
504,11,pro,19.99,paid,19.99,True
505,11,pro,19.99,paid,19.99,True
506,11,basic,9.99,failed,0.0,False
507,11,premium,29.99,failed,0.0,False
508,11,pro,19.99,paid,19.99,True
509,11,premium,29.99,failed,0.0,False
510,11,pro,19.99,paid,19.99,True
511,11,pro,19.99,failed,0.0,False
512,11,basic,9.99,paid,9.99,True
513,11,premium,29.99,paid,29.99,True
514,11,premium,29.99,paid,29.99,True
515,11,basic,9.99,failed,0.0,False
516,11,basic,9.99,failed,0.0,False
517,11,basic,9.99,paid,9.99,True
518,11,pro,19.99,paid,19.99,True
519,11,premium,29.99,paid,29.99,True
520,11,basic,9.99,paid,9.99,True
521,11,pro,19.99,paid,19.99,True
522,11,basic,9.99,paid,9.99,True
523,11,premium,29.99,paid,29.99,True
524,11,pro,19.99,paid,19.99,True
525,11,pro,19.99,failed,0.0,True
526,11,basic,9.99,paid,9.99,True
527,11,basic,9.99,failed,0.0,False
528,11,basic,9.99,failed,0.0,False
529,11,basic,9.99,failed,0.0,False
530,11,premium,29.99,paid,29.99,True
531,11,pro,19.99,paid,19.99,True
532,11,premium,29.99,failed,0.0,True
533,11,premium,29.99,paid,29.99,True
534,11,pro,19.99,failed,0.0,False
535,11,pro,19.99,paid,19.99,True
536,11,premium,29.99,paid,29.99,True
537,11,pro,19.99,paid,19.99,True
538,11,basic,9.99,paid,9.99,True
539,11,basic,9.99,paid,9.99,True
540,11,basic,9.99,paid,9.99,True
541,11,premium,29.99,paid,29.99,True
542,11,pro,19.99,paid,19.99,True
543,11,basic,9.99,failed,0.0,False
544,11,pro,19.99,paid,19.99,True
545,11,pro,19.99,paid,19.99,True
546,11,basic,9.99,paid,9.99,True
547,11,basic,9.99,paid,9.99,True
548,11,pro,19.99,paid,19.99,True
549,11,pro,19.99,paid,19.99,True
550,11,pro,19.99,paid,19.99,True
551,11,pro,19.99,failed,0.0,False
552,11,premium,29.99,paid,29.99,True
553,11,pro,19.99,failed,0.0,False
554,11,pro,19.99,failed,0.0,False
555,11,premium,29.99,paid,29.99,True
556,11,basic,9.99,paid,9.99,True
557,11,basic,9.99,paid,9.99,True
558,11,basic,9.99,failed,0.0,False
559,11,pro,19.99,paid,19.99,True
560,11,pro,19.99,paid,19.99,True
561,11,pro,19.99,paid,19.99,True
562,11,basic,9.99,paid,9.99,True
563,11,basic,9.99,paid,9.99,True
564,11,basic,9.99,failed,0.0,False
565,11,basic,9.99,paid,9.99,True
566,11,pro,19.99,paid,19.99,True
567,11,basic,9.99,failed,0.0,False
568,11,basic,9.99,paid,9.99,True
569,11,premium,29.99,paid,29.99,True
570,11,basic,9.99,paid,9.99,True
571,11,pro,19.99,failed,0.0,False
572,11,pro,19.99,failed,0.0,False
573,11,basic,9.99,paid,9.99,True
574,11,pro,19.99,paid,19.99,True
575,11,premium,29.99,paid,29.99,True
576,11,premium,29.99,paid,29.99,True
577,11,basic,9.99,paid,9.99,True
578,11,premium,29.99,paid,29.99,True
579,11,basic,9.99,paid,9.99,True
580,11,basic,9.99,paid,9.99,True
581,11,basic,9.99,failed,0.0,False
582,11,premium,29.99,failed,0.0,False
583,11,basic,9.99,failed,0.0,False
584,11,basic,9.99,paid,9.99,True
585,11,pro,19.99,failed,0.0,False
586,11,basic,9.99,paid,9.99,True
587,11,basic,9.99,paid,9.99,True
588,11,basic,9.99,paid,9.99,True
589,11,basic,9.99,failed,0.0,False
590,11,basic,9.99,paid,9.99,True
591,11,basic,9.99,paid,9.99,True
592,11,pro,19.99,paid,19.99,True
593,11,basic,9.99,paid,9.99,True
594,11,basic,9.99,failed,0.0,False
595,11,premium,29.99,paid,29.99,True
596,11,basic,9.99,paid,9.99,True
597,11,pro,19.99,failed,0.0,False
598,11,basic,9.99,failed,0.0,False
599,11,basic,9.99,paid,9.99,True
600,11,basic,9.99,failed,0.0,False
601,11,basic,9.99,paid,9.99,True
602,11,basic,9.99,failed,0.0,False
603,11,basic,9.99,failed,0.0,False
604,11,basic,9.99,paid,9.99,True
605,11,basic,9.99,paid,9.99,True
606,11,basic,9.99,paid,9.99,True
607,11,basic,9.99,paid,9.99,True
608,11,basic,9.99,paid,9.99,True
609,11,pro,19.99,failed,0.0,False
610,11,pro,19.99,paid,19.99,True
611,11,basic,9.99,failed,0.0,False
612,11,pro,19.99,paid,19.99,True
613,11,pro,19.99,paid,19.99,True
614,11,basic,9.99,failed,0.0,False
615,11,premium,29.99,paid,29.99,True
616,11,premium,29.99,paid,29.99,True
617,11,basic,9.99,failed,0.0,False
618,11,basic,9.99,paid,9.99,True
619,11,pro,19.99,paid,19.99,True
620,11,pro,19.99,failed,0.0,False
621,11,basic,9.99,paid,9.99,True
622,11,basic,9.99,failed,0.0,False
623,11,basic,9.99,paid,9.99,True
624,11,basic,9.99,paid,9.99,True
625,11,pro,19.99,paid,19.99,True
626,11,basic,9.99,failed,0.0,False
627,11,basic,9.99,paid,9.99,True
628,11,pro,19.99,paid,19.99,True
629,11,basic,9.99,paid,9.99,True
630,11,basic,9.99,failed,0.0,False
631,11,pro,19.99,paid,19.99,True
632,11,premium,29.99,failed,0.0,False
633,11,pro,19.99,paid,19.99,True
634,11,pro,19.99,failed,0.0,False
635,11,basic,9.99,failed,0.0,False
636,11,basic,9.99,failed,0.0,False
637,11,pro,19.99,failed,0.0,False
638,11,basic,9.99,paid,9.99,True
639,11,basic,9.99,failed,0.0,True
640,11,basic,9.99,failed,0.0,False
641,11,basic,9.99,failed,0.0,False
642,11,basic,9.99,failed,0.0,False
643,11,basic,9.99,paid,9.99,True
644,11,basic,9.99,failed,0.0,False
645,11,basic,9.99,failed,0.0,False
646,11,premium,29.99,paid,29.99,True
647,11,pro,19.99,paid,19.99,True
648,11,pro,19.99,failed,0.0,False
649,11,pro,19.99,paid,19.99,True
650,11,basic,9.99,failed,0.0,False
651,11,basic,9.99,paid,9.99,True
652,11,pro,19.99,paid,19.99,True
653,11,pro,19.99,paid,19.99,True
654,11,pro,19.99,failed,0.0,False
655,11,basic,9.99,paid,9.99,True
656,11,basic,9.99,paid,9.99,True
657,11,basic,9.99,failed,0.0,False
658,11,basic,9.99,paid,9.99,True
659,11,pro,19.99,paid,19.99,True
660,11,pro,19.99,paid,19.99,True
661,11,basic,9.99,failed,0.0,False
662,11,premium,29.99,paid,29.99,True
663,11,pro,19.99,paid,19.99,True
664,11,basic,9.99,failed,0.0,False
665,11,basic,9.99,paid,9.99,True
666,11,basic,9.99,failed,0.0,False
667,11,basic,9.99,paid,9.99,True
668,11,basic,9.99,paid,9.99,True
669,11,basic,9.99,failed,0.0,False
670,11,basic,9.99,failed,0.0,True
671,11,basic,9.99,paid,9.99,True
672,11,premium,29.99,paid,29.99,True
673,11,basic,9.99,paid,9.99,True
674,11,pro,19.99,paid,19.99,True
675,11,basic,9.99,failed,0.0,False
676,11,premium,29.99,paid,29.99,True
677,11,basic,9.99,paid,9.99,True
678,11,basic,9.99,failed,0.0,False
679,11,premium,29.99,paid,29.99,True
680,11,premium,29.99,paid,29.99,True
681,11,pro,19.99,failed,0.0,False
682,11,basic,9.99,paid,9.99,True
683,11,basic,9.99,failed,0.0,True
684,11,pro,19.99,paid,19.99,True
685,11,premium,29.99,paid,29.99,True
686,11,pro,19.99,paid,19.99,True
687,11,pro,19.99,paid,19.99,True
688,11,basic,9.99,paid,9.99,True
689,11,pro,19.99,failed,0.0,False
690,11,basic,9.99,failed,0.0,False
691,11,basic,9.99,failed,0.0,False
692,11,basic,9.99,failed,0.0,False
693,11,pro,19.99,paid,19.99,True
694,11,basic,9.99,failed,0.0,False
695,11,basic,9.99,paid,9.99,True
696,11,pro,19.99,paid,19.99,True
697,11,basic,9.99,failed,0.0,False
698,11,pro,19.99,failed,0.0,False
699,11,basic,9.99,paid,9.99,True
700,11,basic,9.99,paid,9.99,True
701,11,pro,19.99,paid,19.99,True
702,11,basic,9.99,failed,0.0,False
703,11,basic,9.99,paid,9.99,True
704,11,basic,9.99,paid,9.99,True
705,11,basic,9.99,paid,9.99,True
706,11,premium,29.99,failed,0.0,False
707,11,basic,9.99,failed,0.0,False
708,11,pro,19.99,failed,0.0,False
709,11,basic,9.99,failed,0.0,False
710,11,pro,19.99,paid,19.99,True
711,11,pro,19.99,paid,19.99,True
712,11,pro,19.99,paid,19.99,True
713,11,basic,9.99,failed,0.0,False
714,11,basic,9.99,failed,0.0,False
715,11,basic,9.99,failed,0.0,False
716,11,premium,29.99,paid,29.99,True
717,11,pro,19.99,paid,19.99,True
718,11,premium,29.99,failed,0.0,False
719,11,basic,9.99,paid,9.99,True
720,11,pro,19.99,paid,19.99,True
721,11,premium,29.99,paid,29.99,True
722,11,basic,9.99,failed,0.0,False
723,11,basic,9.99,paid,9.99,True
724,11,pro,19.99,paid,19.99,True
725,11,pro,19.99,paid,19.99,True
726,11,pro,19.99,paid,19.99,True
727,11,basic,9.99,failed,0.0,False
728,11,pro,19.99,failed,0.0,False
729,11,basic,9.99,failed,0.0,False
730,11,basic,9.99,paid,9.99,True
731,11,basic,9.99,paid,9.99,True
732,11,pro,19.99,paid,19.99,True
733,11,pro,19.99,failed,0.0,False
734,11,pro,19.99,paid,19.99,True
735,11,basic,9.99,failed,0.0,False
736,11,premium,29.99,paid,29.99,True
737,11,basic,9.99,paid,9.99,True
738,11,pro,19.99,paid,19.99,True
739,11,basic,9.99,paid,9.99,True
740,11,basic,9.99,paid,9.99,True
741,11,basic,9.99,paid,9.99,True
742,11,basic,9.99,paid,9.99,True
743,11,pro,19.99,paid,19.99,True
744,11,pro,19.99,failed,0.0,False
745,11,basic,9.99,paid,9.99,True
746,11,premium,29.99,paid,29.99,True
747,11,basic,9.99,failed,0.0,False
748,11,pro,19.99,paid,19.99,True
749,11,premium,29.99,paid,29.99,True
750,11,pro,19.99,paid,19.99,True
751,11,basic,9.99,failed,0.0,False
752,11,premium,29.99,paid,29.99,True
753,11,pro,19.99,paid,19.99,True
754,11,basic,9.99,failed,0.0,False
755,11,basic,9.99,paid,9.99,True
756,11,pro,19.99,paid,19.99,True
757,11,pro,19.99,failed,0.0,False
758,11,pro,19.99,paid,19.99,True
759,11,premium,29.99,paid,29.99,True
760,11,pro,19.99,paid,19.99,True
761,11,basic,9.99,paid,9.99,True
762,11,basic,9.99,failed,0.0,False
763,11,basic,9.99,paid,9.99,True
764,11,pro,19.99,failed,0.0,False
765,11,basic,9.99,paid,9.99,True
766,11,pro,19.99,failed,0.0,True
767,11,pro,19.99,paid,19.99,True
768,11,premium,29.99,paid,29.99,True
769,11,basic,9.99,paid,9.99,True
770,11,pro,19.99,paid,19.99,True
771,11,basic,9.99,failed,0.0,False
772,11,pro,19.99,paid,19.99,True
773,11,basic,9.99,paid,9.99,True
774,11,basic,9.99,paid,9.99,True
775,11,pro,19.99,failed,0.0,True
776,11,basic,9.99,failed,0.0,False
777,11,basic,9.99,failed,0.0,True
778,11,pro,19.99,failed,0.0,False
779,11,pro,19.99,paid,19.99,True
780,11,pro,19.99,failed,0.0,False
781,11,pro,19.99,paid,19.99,True
782,11,pro,19.99,failed,0.0,False
783,11,basic,9.99,paid,9.99,True
784,11,basic,9.99,paid,9.99,True
785,11,basic,9.99,failed,0.0,False
786,11,premium,29.99,paid,29.99,True
787,11,pro,19.99,paid,19.99,True
788,11,basic,9.99,failed,0.0,False
789,11,basic,9.99,paid,9.99,True
790,11,premium,29.99,paid,29.99,True
791,11,basic,9.99,paid,9.99,True
792,11,pro,19.99,paid,19.99,True
793,11,pro,19.99,paid,19.99,True
794,11,pro,19.99,paid,19.99,True
795,11,basic,9.99,failed,0.0,False
796,11,premium,29.99,paid,29.99,True
797,11,premium,29.99,failed,0.0,False
798,11,pro,19.99,paid,19.99,True
799,11,pro,19.99,failed,0.0,True
800,11,premium,29.99,paid,29.99,True
801,11,pro,19.99,paid,19.99,True
802,11,basic,9.99,failed,0.0,False
803,11,pro,19.99,paid,19.99,True
804,11,pro,19.99,paid,19.99,True
805,11,basic,9.99,failed,0.0,False
806,11,pro,19.99,paid,19.99,True
807,11,premium,29.99,paid,29.99,True
808,11,premium,29.99,paid,29.99,True
809,11,basic,9.99,paid,9.99,True
810,11,basic,9.99,failed,0.0,False
811,11,premium,29.99,paid,29.99,True
812,11,pro,19.99,paid,19.99,True
813,11,basic,9.99,paid,9.99,True
814,11,premium,29.99,paid,29.99,True
815,11,premium,29.99,paid,29.99,True
816,11,pro,19.99,failed,0.0,False
817,11,pro,19.99,paid,19.99,True
818,11,basic,9.99,paid,9.99,True
819,11,basic,9.99,failed,0.0,False
820,11,basic,9.99,failed,0.0,False
821,11,pro,19.99,failed,0.0,False
822,11,basic,9.99,failed,0.0,False
823,11,basic,9.99,failed,0.0,False
824,11,basic,9.99,paid,9.99,True
825,11,pro,19.99,paid,19.99,True
826,11,premium,29.99,failed,0.0,False
827,11,basic,9.99,paid,9.99,True
828,11,basic,9.99,paid,9.99,True
829,11,pro,19.99,paid,19.99,True
830,11,basic,9.99,paid,9.99,True
831,11,basic,9.99,paid,9.99,True
832,11,basic,9.99,paid,9.99,True
833,11,basic,9.99,paid,9.99,True
834,11,basic,9.99,failed,0.0,False
835,11,basic,9.99,failed,0.0,False
836,11,basic,9.99,paid,9.99,True
837,11,premium,29.99,failed,0.0,False
838,11,basic,9.99,failed,0.0,False
839,11,pro,19.99,paid,19.99,True
840,11,pro,19.99,paid,19.99,True
841,11,basic,9.99,paid,9.99,True
842,11,pro,19.99,paid,19.99,True
843,11,basic,9.99,failed,0.0,False
844,11,premium,29.99,paid,29.99,True
845,11,basic,9.99,paid,9.99,True
846,11,basic,9.99,paid,9.99,True
847,11,basic,9.99,failed,0.0,False
848,11,premium,29.99,paid,29.99,True
849,11,pro,19.99,paid,19.99,True
850,11,pro,19.99,failed,0.0,False
851,11,basic,9.99,failed,0.0,False
852,11,pro,19.99,paid,19.99,True
853,11,basic,9.99,paid,9.99,True
854,11,premium,29.99,paid,29.99,True
855,11,basic,9.99,failed,0.0,False
856,11,basic,9.99,failed,0.0,False
857,11,basic,9.99,failed,0.0,False
858,11,basic,9.99,paid,9.99,True
859,11,pro,19.99,failed,0.0,False
860,11,basic,9.99,paid,9.99,True
861,11,pro,19.99,paid,19.99,True
862,11,basic,9.99,paid,9.99,True
863,11,pro,19.99,paid,19.99,True
864,11,basic,9.99,paid,9.99,True
865,11,basic,9.99,paid,9.99,True
866,11,pro,19.99,paid,19.99,True
867,11,basic,9.99,paid,9.99,True
868,11,basic,9.99,failed,0.0,False
869,11,premium,29.99,paid,29.99,True
870,11,premium,29.99,failed,0.0,False
871,11,basic,9.99,paid,9.99,True
872,11,basic,9.99,failed,0.0,False
873,11,pro,19.99,paid,19.99,True
874,11,basic,9.99,paid,9.99,True
875,11,basic,9.99,failed,0.0,False
876,11,basic,9.99,failed,0.0,True
877,11,pro,19.99,paid,19.99,True
878,11,pro,19.99,failed,0.0,True
879,11,basic,9.99,failed,0.0,False
880,11,basic,9.99,failed,0.0,True
881,11,basic,9.99,failed,0.0,False
882,11,pro,19.99,paid,19.99,True
883,11,basic,9.99,paid,9.99,True
884,11,basic,9.99,failed,0.0,False
885,11,pro,19.99,failed,0.0,False
886,11,basic,9.99,paid,9.99,True
887,11,pro,19.99,paid,19.99,True
888,11,basic,9.99,failed,0.0,False
889,11,basic,9.99,paid,9.99,True
890,11,basic,9.99,failed,0.0,False
891,11,pro,19.99,failed,0.0,False
892,11,premium,29.99,paid,29.99,True
893,11,pro,19.99,failed,0.0,False
894,11,basic,9.99,paid,9.99,True
895,11,pro,19.99,paid,19.99,True
896,11,basic,9.99,failed,0.0,False
897,11,basic,9.99,paid,9.99,True
898,11,premium,29.99,paid,29.99,True
899,11,basic,9.99,failed,0.0,False
900,11,basic,9.99,paid,9.99,True
901,11,basic,9.99,failed,0.0,False
902,11,basic,9.99,paid,9.99,True
903,11,basic,9.99,paid,9.99,True
904,11,pro,19.99,paid,19.99,True
905,11,basic,9.99,failed,0.0,False
906,11,premium,29.99,failed,0.0,False
907,11,pro,19.99,paid,19.99,True
908,11,basic,9.99,paid,9.99,True
909,11,basic,9.99,failed,0.0,False
910,11,basic,9.99,failed,0.0,False
911,11,pro,19.99,failed,0.0,False
912,11,basic,9.99,paid,9.99,True
913,11,pro,19.99,failed,0.0,False
914,11,basic,9.99,paid,9.99,True
915,11,pro,19.99,failed,0.0,False
916,11,basic,9.99,paid,9.99,True
917,11,basic,9.99,paid,9.99,True
918,11,premium,29.99,paid,29.99,True
919,11,pro,19.99,paid,19.99,True
920,11,basic,9.99,failed,0.0,False
921,11,premium,29.99,failed,0.0,False
922,11,basic,9.99,paid,9.99,True
923,11,premium,29.99,paid,29.99,True
924,11,pro,19.99,failed,0.0,False
925,11,basic,9.99,paid,9.99,True
926,11,basic,9.99,paid,9.99,True
927,11,basic,9.99,paid,9.99,True
928,11,pro,19.99,paid,19.99,True
929,11,pro,19.99,paid,19.99,True
930,11,basic,9.99,paid,9.99,True
931,11,basic,9.99,paid,9.99,True
932,11,pro,19.99,failed,0.0,False
933,11,premium,29.99,paid,29.99,True
934,11,pro,19.99,paid,19.99,True
935,11,basic,9.99,paid,9.99,True
936,11,basic,9.99,failed,0.0,False
937,11,basic,9.99,paid,9.99,True
938,11,premium,29.99,paid,29.99,True
939,11,basic,9.99,paid,9.99,True
940,11,pro,19.99,paid,19.99,True
941,11,basic,9.99,paid,9.99,True
942,11,pro,19.99,failed,0.0,True
943,11,pro,19.99,paid,19.99,True
944,11,pro,19.99,paid,19.99,True
945,11,basic,9.99,paid,9.99,True
946,11,basic,9.99,paid,9.99,True
947,11,basic,9.99,paid,9.99,True
948,11,premium,29.99,failed,0.0,True
949,11,premium,29.99,paid,29.99,True
950,11,pro,19.99,paid,19.99,True
951,11,pro,19.99,failed,0.0,False
952,11,pro,19.99,failed,0.0,False
953,11,basic,9.99,paid,9.99,True
954,11,premium,29.99,paid,29.99,True
955,11,basic,9.99,paid,9.99,True
956,11,basic,9.99,failed,0.0,False
957,11,pro,19.99,paid,19.99,True
958,11,basic,9.99,failed,0.0,False
959,11,basic,9.99,paid,9.99,True
960,11,pro,19.99,failed,0.0,False
961,11,basic,9.99,paid,9.99,True
962,11,pro,19.99,paid,19.99,True
963,11,basic,9.99,paid,9.99,True
964,11,basic,9.99,paid,9.99,True
965,11,basic,9.99,paid,9.99,True
966,11,basic,9.99,paid,9.99,True
967,11,pro,19.99,paid,19.99,True
968,11,basic,9.99,failed,0.0,False
969,11,pro,19.99,paid,19.99,True
970,11,basic,9.99,failed,0.0,False
971,11,pro,19.99,paid,19.99,True
972,11,premium,29.99,paid,29.99,True
973,11,pro,19.99,failed,0.0,False
974,11,basic,9.99,failed,0.0,False
975,11,basic,9.99,failed,0.0,False
976,11,basic,9.99,failed,0.0,False
977,11,pro,19.99,failed,0.0,False
978,11,basic,9.99,paid,9.99,True
979,11,basic,9.99,paid,9.99,True
980,11,pro,19.99,paid,19.99,True
981,11,basic,9.99,paid,9.99,True
982,11,pro,19.99,paid,19.99,True
983,11,basic,9.99,paid,9.99,True
984,11,basic,9.99,paid,9.99,True
985,11,pro,19.99,failed,0.0,True
986,11,basic,9.99,paid,9.99,True
987,11,pro,19.99,paid,19.99,True
988,11,basic,9.99,paid,9.99,True
989,11,basic,9.99,paid,9.99,True
990,11,pro,19.99,paid,19.99,True
991,11,pro,19.99,paid,19.99,True
992,11,pro,19.99,failed,0.0,False
993,11,basic,9.99,failed,0.0,False
994,11,pro,19.99,failed,0.0,False
995,11,basic,9.99,paid,9.99,True
996,11,basic,9.99,paid,9.99,True
997,11,premium,29.99,failed,0.0,False
998,11,basic,9.99,paid,9.99,True
999,11,premium,29.99,paid,29.99,True
1000,11,basic,9.99,paid,9.99,True
1,12,basic,9.99,paid,9.99,True
2,12,premium,29.99,paid,29.99,True
3,12,pro,19.99,failed,0.0,False
4,12,pro,19.99,paid,19.99,True
5,12,basic,9.99,failed,0.0,False
6,12,basic,9.99,failed,0.0,False
7,12,basic,9.99,paid,9.99,True
8,12,premium,29.99,failed,0.0,False
9,12,pro,19.99,failed,0.0,True
10,12,pro,19.99,paid,19.99,True
11,12,basic,9.99,paid,9.99,True
12,12,premium,29.99,failed,0.0,False
13,12,pro,19.99,failed,0.0,False
14,12,basic,9.99,failed,0.0,False
15,12,basic,9.99,paid,9.99,True
16,12,basic,9.99,failed,0.0,False
17,12,basic,9.99,paid,9.99,True
18,12,pro,19.99,paid,19.99,True
19,12,basic,9.99,paid,9.99,True
20,12,basic,9.99,failed,0.0,False
21,12,pro,19.99,failed,0.0,False
22,12,basic,9.99,paid,9.99,True
23,12,basic,9.99,failed,0.0,False
24,12,basic,9.99,paid,9.99,True
25,12,basic,9.99,failed,0.0,False
26,12,pro,19.99,paid,19.99,True
27,12,basic,9.99,paid,9.99,True
28,12,pro,19.99,paid,19.99,True
29,12,pro,19.99,paid,19.99,True
30,12,basic,9.99,failed,0.0,False
31,12,pro,19.99,paid,19.99,True
32,12,basic,9.99,paid,9.99,True
33,12,basic,9.99,failed,0.0,False
34,12,premium,29.99,paid,29.99,True
35,12,premium,29.99,paid,29.99,True
36,12,pro,19.99,paid,19.99,True
37,12,basic,9.99,paid,9.99,True
38,12,basic,9.99,failed,0.0,False
39,12,pro,19.99,paid,19.99,True
40,12,basic,9.99,paid,9.99,True
41,12,basic,9.99,failed,0.0,False
42,12,basic,9.99,failed,0.0,False
43,12,basic,9.99,failed,0.0,False
44,12,premium,29.99,paid,29.99,True
45,12,basic,9.99,paid,9.99,True
46,12,pro,19.99,paid,19.99,True
47,12,basic,9.99,paid,9.99,True
48,12,pro,19.99,failed,0.0,False
49,12,pro,19.99,paid,19.99,True
50,12,basic,9.99,failed,0.0,False
51,12,premium,29.99,paid,29.99,True
52,12,pro,19.99,failed,0.0,False
53,12,premium,29.99,paid,29.99,True
54,12,premium,29.99,paid,29.99,True
55,12,pro,19.99,paid,19.99,True
56,12,premium,29.99,paid,29.99,True
57,12,basic,9.99,paid,9.99,True
58,12,basic,9.99,failed,0.0,False
59,12,basic,9.99,paid,9.99,True
60,12,basic,9.99,failed,0.0,False
61,12,basic,9.99,paid,9.99,True
62,12,basic,9.99,paid,9.99,True
63,12,pro,19.99,paid,19.99,True
64,12,basic,9.99,failed,0.0,False
65,12,basic,9.99,paid,9.99,True
66,12,pro,19.99,paid,19.99,True
67,12,basic,9.99,paid,9.99,True
68,12,pro,19.99,paid,19.99,True
69,12,basic,9.99,failed,0.0,False
70,12,premium,29.99,paid,29.99,True
71,12,pro,19.99,paid,19.99,True
72,12,basic,9.99,paid,9.99,True
73,12,basic,9.99,paid,9.99,True
74,12,pro,19.99,paid,19.99,True
75,12,pro,19.99,failed,0.0,True
76,12,pro,19.99,failed,0.0,False
77,12,pro,19.99,failed,0.0,False
78,12,basic,9.99,paid,9.99,True
79,12,basic,9.99,paid,9.99,True
80,12,basic,9.99,paid,9.99,True
81,12,premium,29.99,paid,29.99,True
82,12,pro,19.99,paid,19.99,True
83,12,basic,9.99,failed,0.0,False
84,12,basic,9.99,paid,9.99,True
85,12,basic,9.99,paid,9.99,True
86,12,basic,9.99,paid,9.99,True
87,12,pro,19.99,paid,19.99,True
88,12,pro,19.99,failed,0.0,False
89,12,premium,29.99,failed,0.0,False
90,12,basic,9.99,failed,0.0,False
91,12,basic,9.99,paid,9.99,True
92,12,pro,19.99,failed,0.0,False
93,12,pro,19.99,failed,0.0,False
94,12,pro,19.99,paid,19.99,True
95,12,pro,19.99,paid,19.99,True
96,12,basic,9.99,paid,9.99,True
97,12,pro,19.99,paid,19.99,True
98,12,basic,9.99,failed,0.0,False
99,12,basic,9.99,failed,0.0,False
100,12,basic,9.99,failed,0.0,False
101,12,basic,9.99,paid,9.99,True
102,12,pro,19.99,failed,0.0,False
103,12,basic,9.99,failed,0.0,False
104,12,pro,19.99,paid,19.99,True
105,12,premium,29.99,paid,29.99,True
106,12,basic,9.99,failed,0.0,False
107,12,basic,9.99,failed,0.0,False
108,12,pro,19.99,failed,0.0,True
109,12,basic,9.99,failed,0.0,False
110,12,basic,9.99,paid,9.99,True
111,12,basic,9.99,paid,9.99,True
112,12,basic,9.99,failed,0.0,False
113,12,premium,29.99,paid,29.99,True
114,12,pro,19.99,paid,19.99,True
115,12,pro,19.99,failed,0.0,False
116,12,premium,29.99,paid,29.99,True
117,12,pro,19.99,failed,0.0,False
118,12,basic,9.99,failed,0.0,False
119,12,premium,29.99,failed,0.0,False
120,12,pro,19.99,failed,0.0,False
121,12,pro,19.99,paid,19.99,True
122,12,premium,29.99,paid,29.99,True
123,12,basic,9.99,failed,0.0,False
124,12,basic,9.99,failed,0.0,False
125,12,basic,9.99,failed,0.0,False
126,12,basic,9.99,paid,9.99,True
127,12,pro,19.99,paid,19.99,True
128,12,premium,29.99,failed,0.0,False
129,12,basic,9.99,failed,0.0,False
130,12,pro,19.99,paid,19.99,True
131,12,basic,9.99,paid,9.99,True
132,12,basic,9.99,paid,9.99,True
133,12,basic,9.99,paid,9.99,True
134,12,basic,9.99,failed,0.0,False
135,12,premium,29.99,paid,29.99,True
136,12,basic,9.99,paid,9.99,True
137,12,pro,19.99,failed,0.0,False
138,12,pro,19.99,paid,19.99,True
139,12,basic,9.99,paid,9.99,True
140,12,premium,29.99,paid,29.99,True
141,12,premium,29.99,paid,29.99,True
142,12,basic,9.99,paid,9.99,True
143,12,basic,9.99,failed,0.0,False
144,12,basic,9.99,paid,9.99,True
145,12,basic,9.99,paid,9.99,True
146,12,basic,9.99,paid,9.99,True
147,12,pro,19.99,failed,0.0,False
148,12,pro,19.99,paid,19.99,True
149,12,basic,9.99,paid,9.99,True
150,12,basic,9.99,paid,9.99,True
151,12,premium,29.99,paid,29.99,True
152,12,basic,9.99,paid,9.99,True
153,12,basic,9.99,paid,9.99,True
154,12,basic,9.99,paid,9.99,True
155,12,premium,29.99,paid,29.99,True
156,12,basic,9.99,paid,9.99,True
157,12,pro,19.99,paid,19.99,True
158,12,pro,19.99,paid,19.99,True
159,12,basic,9.99,paid,9.99,True
160,12,pro,19.99,paid,19.99,True
161,12,basic,9.99,failed,0.0,False
162,12,pro,19.99,paid,19.99,True
163,12,pro,19.99,paid,19.99,True
164,12,pro,19.99,failed,0.0,False
165,12,basic,9.99,failed,0.0,False
166,12,pro,19.99,failed,0.0,False
167,12,basic,9.99,failed,0.0,False
168,12,basic,9.99,paid,9.99,True
169,12,basic,9.99,failed,0.0,False
170,12,pro,19.99,failed,0.0,False
171,12,pro,19.99,paid,19.99,True
172,12,basic,9.99,paid,9.99,True
173,12,pro,19.99,paid,19.99,True
174,12,basic,9.99,paid,9.99,True
175,12,pro,19.99,paid,19.99,True
176,12,basic,9.99,paid,9.99,True
177,12,pro,19.99,failed,0.0,False
178,12,basic,9.99,paid,9.99,True
179,12,premium,29.99,paid,29.99,True
180,12,basic,9.99,paid,9.99,True
181,12,basic,9.99,failed,0.0,False
182,12,basic,9.99,paid,9.99,True
183,12,premium,29.99,failed,0.0,False
184,12,premium,29.99,paid,29.99,True
185,12,basic,9.99,failed,0.0,False
186,12,pro,19.99,failed,0.0,False
187,12,pro,19.99,paid,19.99,True
188,12,pro,19.99,paid,19.99,True
189,12,pro,19.99,paid,19.99,True
190,12,basic,9.99,paid,9.99,True
191,12,basic,9.99,failed,0.0,False
192,12,premium,29.99,paid,29.99,True
193,12,premium,29.99,paid,29.99,True
194,12,pro,19.99,paid,19.99,True
195,12,basic,9.99,paid,9.99,True
196,12,basic,9.99,failed,0.0,False
197,12,pro,19.99,failed,0.0,False
198,12,premium,29.99,paid,29.99,True
199,12,premium,29.99,failed,0.0,False
200,12,pro,19.99,failed,0.0,False
201,12,pro,19.99,failed,0.0,False
202,12,basic,9.99,failed,0.0,False
203,12,basic,9.99,failed,0.0,False
204,12,premium,29.99,failed,0.0,True
205,12,pro,19.99,paid,19.99,True
206,12,basic,9.99,paid,9.99,True
207,12,basic,9.99,failed,0.0,False
208,12,pro,19.99,failed,0.0,False
209,12,basic,9.99,paid,9.99,True
210,12,basic,9.99,paid,9.99,True
211,12,pro,19.99,paid,19.99,True
212,12,pro,19.99,paid,19.99,True
213,12,pro,19.99,paid,19.99,True
214,12,basic,9.99,paid,9.99,True
215,12,pro,19.99,paid,19.99,True
216,12,basic,9.99,failed,0.0,False
217,12,basic,9.99,paid,9.99,True
218,12,pro,19.99,failed,0.0,False
219,12,pro,19.99,paid,19.99,True
220,12,pro,19.99,paid,19.99,True
221,12,pro,19.99,paid,19.99,True
222,12,pro,19.99,failed,0.0,False
223,12,basic,9.99,failed,0.0,False
224,12,basic,9.99,paid,9.99,True
225,12,basic,9.99,paid,9.99,True
226,12,basic,9.99,failed,0.0,False
227,12,premium,29.99,paid,29.99,True
228,12,basic,9.99,failed,0.0,False
229,12,premium,29.99,paid,29.99,True
230,12,pro,19.99,paid,19.99,True
231,12,pro,19.99,paid,19.99,True
232,12,pro,19.99,paid,19.99,True
233,12,pro,19.99,paid,19.99,True
234,12,basic,9.99,failed,0.0,False
235,12,basic,9.99,paid,9.99,True
236,12,pro,19.99,paid,19.99,True
237,12,basic,9.99,failed,0.0,False
238,12,basic,9.99,failed,0.0,False
239,12,pro,19.99,failed,0.0,False
240,12,basic,9.99,paid,9.99,True
241,12,premium,29.99,paid,29.99,True
242,12,premium,29.99,paid,29.99,True
243,12,premium,29.99,paid,29.99,True
244,12,basic,9.99,failed,0.0,False
245,12,basic,9.99,paid,9.99,True
246,12,premium,29.99,paid,29.99,True
247,12,basic,9.99,paid,9.99,True
248,12,premium,29.99,failed,0.0,False
249,12,premium,29.99,paid,29.99,True
250,12,premium,29.99,paid,29.99,True
251,12,basic,9.99,paid,9.99,True
252,12,basic,9.99,paid,9.99,True
253,12,premium,29.99,paid,29.99,True
254,12,basic,9.99,paid,9.99,True
255,12,basic,9.99,paid,9.99,True
256,12,pro,19.99,failed,0.0,False
257,12,premium,29.99,failed,0.0,False
258,12,pro,19.99,paid,19.99,True
259,12,pro,19.99,failed,0.0,False
260,12,basic,9.99,paid,9.99,True
261,12,pro,19.99,failed,0.0,False
262,12,premium,29.99,paid,29.99,True
263,12,basic,9.99,paid,9.99,True
264,12,pro,19.99,failed,0.0,False
265,12,premium,29.99,failed,0.0,False
266,12,pro,19.99,failed,0.0,False
267,12,pro,19.99,paid,19.99,True
268,12,pro,19.99,paid,19.99,True
269,12,basic,9.99,paid,9.99,True
270,12,basic,9.99,failed,0.0,False
271,12,pro,19.99,paid,19.99,True
272,12,pro,19.99,failed,0.0,True
273,12,premium,29.99,paid,29.99,True
274,12,premium,29.99,paid,29.99,True
275,12,pro,19.99,failed,0.0,False
276,12,pro,19.99,paid,19.99,True
277,12,pro,19.99,failed,0.0,False
278,12,pro,19.99,paid,19.99,True
279,12,pro,19.99,paid,19.99,True
280,12,pro,19.99,failed,0.0,False
281,12,premium,29.99,paid,29.99,True
282,12,basic,9.99,failed,0.0,False
283,12,basic,9.99,failed,0.0,True
284,12,basic,9.99,failed,0.0,False
285,12,pro,19.99,paid,19.99,True
286,12,basic,9.99,paid,9.99,True
287,12,basic,9.99,failed,0.0,False
288,12,pro,19.99,failed,0.0,False
289,12,basic,9.99,paid,9.99,True
290,12,pro,19.99,paid,19.99,True
291,12,basic,9.99,paid,9.99,True
292,12,basic,9.99,paid,9.99,True
293,12,pro,19.99,failed,0.0,False
294,12,basic,9.99,failed,0.0,False
295,12,basic,9.99,paid,9.99,True
296,12,pro,19.99,paid,19.99,True
297,12,pro,19.99,paid,19.99,True
298,12,basic,9.99,paid,9.99,True
299,12,pro,19.99,failed,0.0,False
300,12,basic,9.99,paid,9.99,True
301,12,basic,9.99,paid,9.99,True
302,12,pro,19.99,paid,19.99,True
303,12,pro,19.99,paid,19.99,True
304,12,pro,19.99,paid,19.99,True
305,12,pro,19.99,failed,0.0,False
306,12,premium,29.99,failed,0.0,False
307,12,pro,19.99,failed,0.0,False
308,12,basic,9.99,paid,9.99,True
309,12,pro,19.99,paid,19.99,True
310,12,basic,9.99,paid,9.99,True
311,12,basic,9.99,failed,0.0,False
312,12,basic,9.99,failed,0.0,False
313,12,basic,9.99,paid,9.99,True
314,12,premium,29.99,failed,0.0,False
315,12,pro,19.99,failed,0.0,False
316,12,pro,19.99,failed,0.0,False
317,12,basic,9.99,paid,9.99,True
318,12,basic,9.99,failed,0.0,False
319,12,basic,9.99,failed,0.0,False
320,12,basic,9.99,failed,0.0,False
321,12,pro,19.99,failed,0.0,False
322,12,pro,19.99,paid,19.99,True
323,12,pro,19.99,paid,19.99,True
324,12,basic,9.99,failed,0.0,False
325,12,premium,29.99,paid,29.99,True
326,12,pro,19.99,paid,19.99,True
327,12,pro,19.99,paid,19.99,True
328,12,pro,19.99,paid,19.99,True
329,12,basic,9.99,paid,9.99,True
330,12,basic,9.99,paid,9.99,True
331,12,basic,9.99,paid,9.99,True
332,12,pro,19.99,paid,19.99,True
333,12,basic,9.99,failed,0.0,False
334,12,basic,9.99,paid,9.99,True
335,12,basic,9.99,failed,0.0,False
336,12,basic,9.99,paid,9.99,True
337,12,premium,29.99,paid,29.99,True
338,12,pro,19.99,paid,19.99,True
339,12,basic,9.99,paid,9.99,True
340,12,basic,9.99,paid,9.99,True
341,12,basic,9.99,paid,9.99,True
342,12,basic,9.99,failed,0.0,False
343,12,basic,9.99,paid,9.99,True
344,12,basic,9.99,failed,0.0,False
345,12,basic,9.99,failed,0.0,False
346,12,pro,19.99,paid,19.99,True
347,12,pro,19.99,paid,19.99,True
348,12,basic,9.99,paid,9.99,True
349,12,basic,9.99,failed,0.0,False
350,12,pro,19.99,paid,19.99,True
351,12,pro,19.99,paid,19.99,True
352,12,premium,29.99,paid,29.99,True
353,12,pro,19.99,failed,0.0,False
354,12,basic,9.99,paid,9.99,True
355,12,basic,9.99,failed,0.0,True
356,12,pro,19.99,paid,19.99,True
357,12,basic,9.99,failed,0.0,False
358,12,pro,19.99,paid,19.99,True
359,12,premium,29.99,failed,0.0,False
360,12,pro,19.99,paid,19.99,True
361,12,basic,9.99,paid,9.99,True
362,12,pro,19.99,paid,19.99,True
363,12,basic,9.99,paid,9.99,True
364,12,pro,19.99,paid,19.99,True
365,12,premium,29.99,paid,29.99,True
366,12,basic,9.99,failed,0.0,False
367,12,premium,29.99,paid,29.99,True
368,12,premium,29.99,paid,29.99,True
369,12,basic,9.99,failed,0.0,False
370,12,basic,9.99,failed,0.0,False
371,12,basic,9.99,paid,9.99,True
372,12,basic,9.99,failed,0.0,False
373,12,basic,9.99,paid,9.99,True
374,12,pro,19.99,failed,0.0,False
375,12,basic,9.99,failed,0.0,False
376,12,basic,9.99,failed,0.0,False
377,12,pro,19.99,paid,19.99,True
378,12,basic,9.99,paid,9.99,True
379,12,pro,19.99,failed,0.0,False
380,12,basic,9.99,failed,0.0,False
381,12,basic,9.99,failed,0.0,False
382,12,pro,19.99,paid,19.99,True
383,12,pro,19.99,paid,19.99,True
384,12,premium,29.99,paid,29.99,True
385,12,pro,19.99,failed,0.0,False
386,12,pro,19.99,paid,19.99,True
387,12,basic,9.99,paid,9.99,True
388,12,basic,9.99,paid,9.99,True
389,12,pro,19.99,paid,19.99,True
390,12,pro,19.99,paid,19.99,True
391,12,premium,29.99,paid,29.99,True
392,12,basic,9.99,paid,9.99,True
393,12,basic,9.99,paid,9.99,True
394,12,pro,19.99,paid,19.99,True
395,12,basic,9.99,paid,9.99,True
396,12,premium,29.99,paid,29.99,True
397,12,premium,29.99,paid,29.99,True
398,12,basic,9.99,failed,0.0,False
399,12,pro,19.99,failed,0.0,True
400,12,pro,19.99,paid,19.99,True
401,12,basic,9.99,paid,9.99,True
402,12,premium,29.99,failed,0.0,False
403,12,pro,19.99,failed,0.0,False
404,12,pro,19.99,paid,19.99,True
405,12,basic,9.99,failed,0.0,False
406,12,premium,29.99,paid,29.99,True
407,12,basic,9.99,paid,9.99,True
408,12,basic,9.99,paid,9.99,True
409,12,premium,29.99,paid,29.99,True
410,12,basic,9.99,paid,9.99,True
411,12,basic,9.99,failed,0.0,False
412,12,premium,29.99,paid,29.99,True
413,12,premium,29.99,paid,29.99,True
414,12,pro,19.99,paid,19.99,True
415,12,pro,19.99,paid,19.99,True
416,12,basic,9.99,paid,9.99,True
417,12,basic,9.99,paid,9.99,True
418,12,basic,9.99,paid,9.99,True
419,12,pro,19.99,failed,0.0,True
420,12,pro,19.99,paid,19.99,True
421,12,pro,19.99,failed,0.0,False
422,12,pro,19.99,paid,19.99,True
423,12,basic,9.99,failed,0.0,False
424,12,basic,9.99,failed,0.0,False
425,12,basic,9.99,failed,0.0,False
426,12,pro,19.99,failed,0.0,False
427,12,basic,9.99,paid,9.99,True
428,12,premium,29.99,paid,29.99,True
429,12,basic,9.99,paid,9.99,True
430,12,basic,9.99,failed,0.0,False
431,12,basic,9.99,paid,9.99,True
432,12,pro,19.99,failed,0.0,False
433,12,pro,19.99,paid,19.99,True
434,12,basic,9.99,failed,0.0,False
435,12,basic,9.99,paid,9.99,True
436,12,pro,19.99,failed,0.0,False
437,12,basic,9.99,failed,0.0,False
438,12,pro,19.99,failed,0.0,False
439,12,pro,19.99,paid,19.99,True
440,12,basic,9.99,failed,0.0,False
441,12,basic,9.99,failed,0.0,False
442,12,premium,29.99,paid,29.99,True
443,12,basic,9.99,failed,0.0,False
444,12,basic,9.99,failed,0.0,False
445,12,pro,19.99,failed,0.0,False
446,12,premium,29.99,failed,0.0,False
447,12,premium,29.99,failed,0.0,True
448,12,pro,19.99,paid,19.99,True
449,12,basic,9.99,failed,0.0,False
450,12,basic,9.99,failed,0.0,False
451,12,pro,19.99,failed,0.0,True
452,12,pro,19.99,paid,19.99,True
453,12,basic,9.99,paid,9.99,True
454,12,premium,29.99,failed,0.0,False
455,12,basic,9.99,paid,9.99,True
456,12,basic,9.99,paid,9.99,True
457,12,basic,9.99,paid,9.99,True
458,12,basic,9.99,paid,9.99,True
459,12,basic,9.99,failed,0.0,False
460,12,basic,9.99,failed,0.0,False
461,12,basic,9.99,paid,9.99,True
462,12,pro,19.99,failed,0.0,False
463,12,pro,19.99,paid,19.99,True
464,12,pro,19.99,paid,19.99,True
465,12,premium,29.99,failed,0.0,False
466,12,basic,9.99,paid,9.99,True
467,12,basic,9.99,failed,0.0,False
468,12,premium,29.99,paid,29.99,True
469,12,basic,9.99,failed,0.0,False
470,12,premium,29.99,paid,29.99,True
471,12,basic,9.99,paid,9.99,True
472,12,premium,29.99,failed,0.0,False
473,12,basic,9.99,paid,9.99,True
474,12,premium,29.99,paid,29.99,True
475,12,pro,19.99,paid,19.99,True
476,12,premium,29.99,paid,29.99,True
477,12,basic,9.99,paid,9.99,True
478,12,pro,19.99,paid,19.99,True
479,12,premium,29.99,paid,29.99,True
480,12,pro,19.99,paid,19.99,True
481,12,pro,19.99,paid,19.99,True
482,12,pro,19.99,paid,19.99,True
483,12,basic,9.99,paid,9.99,True
484,12,pro,19.99,paid,19.99,True
485,12,pro,19.99,paid,19.99,True
486,12,premium,29.99,paid,29.99,True
487,12,basic,9.99,paid,9.99,True
488,12,basic,9.99,failed,0.0,False
489,12,premium,29.99,paid,29.99,True
490,12,premium,29.99,paid,29.99,True
491,12,basic,9.99,paid,9.99,True
492,12,pro,19.99,paid,19.99,True
493,12,basic,9.99,paid,9.99,True
494,12,basic,9.99,paid,9.99,True
495,12,basic,9.99,failed,0.0,False
496,12,basic,9.99,failed,0.0,False
497,12,pro,19.99,paid,19.99,True
498,12,basic,9.99,paid,9.99,True
499,12,premium,29.99,paid,29.99,True
500,12,premium,29.99,failed,0.0,True
501,12,pro,19.99,failed,0.0,True
502,12,pro,19.99,paid,19.99,True
503,12,basic,9.99,paid,9.99,True
504,12,pro,19.99,paid,19.99,True
505,12,pro,19.99,paid,19.99,True
506,12,basic,9.99,failed,0.0,False
507,12,premium,29.99,failed,0.0,False
508,12,pro,19.99,paid,19.99,True
509,12,premium,29.99,failed,0.0,False
510,12,pro,19.99,paid,19.99,True
511,12,pro,19.99,failed,0.0,False
512,12,basic,9.99,paid,9.99,True
513,12,premium,29.99,paid,29.99,True
514,12,premium,29.99,paid,29.99,True
515,12,basic,9.99,failed,0.0,False
516,12,basic,9.99,failed,0.0,False
517,12,basic,9.99,paid,9.99,True
518,12,pro,19.99,paid,19.99,True
519,12,premium,29.99,paid,29.99,True
520,12,basic,9.99,paid,9.99,True
521,12,pro,19.99,paid,19.99,True
522,12,basic,9.99,paid,9.99,True
523,12,premium,29.99,paid,29.99,True
524,12,pro,19.99,paid,19.99,True
525,12,pro,19.99,failed,0.0,False
526,12,basic,9.99,paid,9.99,True
527,12,basic,9.99,failed,0.0,False
528,12,basic,9.99,failed,0.0,False
529,12,basic,9.99,failed,0.0,False
530,12,premium,29.99,failed,0.0,False
531,12,pro,19.99,paid,19.99,True
532,12,premium,29.99,paid,29.99,True
533,12,premium,29.99,paid,29.99,True
534,12,pro,19.99,failed,0.0,False
535,12,pro,19.99,paid,19.99,True
536,12,premium,29.99,paid,29.99,True
537,12,pro,19.99,paid,19.99,True
538,12,basic,9.99,failed,0.0,True
539,12,basic,9.99,paid,9.99,True
540,12,basic,9.99,paid,9.99,True
541,12,premium,29.99,paid,29.99,True
542,12,pro,19.99,paid,19.99,True
543,12,basic,9.99,failed,0.0,False
544,12,pro,19.99,paid,19.99,True
545,12,pro,19.99,failed,0.0,True
546,12,basic,9.99,paid,9.99,True
547,12,basic,9.99,paid,9.99,True
548,12,pro,19.99,paid,19.99,True
549,12,pro,19.99,paid,19.99,True
550,12,pro,19.99,paid,19.99,True
551,12,pro,19.99,failed,0.0,False
552,12,premium,29.99,paid,29.99,True
553,12,pro,19.99,failed,0.0,False
554,12,pro,19.99,failed,0.0,False
555,12,premium,29.99,paid,29.99,True
556,12,basic,9.99,paid,9.99,True
557,12,basic,9.99,paid,9.99,True
558,12,basic,9.99,failed,0.0,False
559,12,pro,19.99,paid,19.99,True
560,12,pro,19.99,paid,19.99,True
561,12,pro,19.99,paid,19.99,True
562,12,basic,9.99,paid,9.99,True
563,12,basic,9.99,paid,9.99,True
564,12,basic,9.99,failed,0.0,False
565,12,basic,9.99,paid,9.99,True
566,12,pro,19.99,paid,19.99,True
567,12,basic,9.99,failed,0.0,False
568,12,basic,9.99,paid,9.99,True
569,12,premium,29.99,paid,29.99,True
570,12,basic,9.99,paid,9.99,True
571,12,pro,19.99,failed,0.0,False
572,12,pro,19.99,failed,0.0,False
573,12,basic,9.99,paid,9.99,True
574,12,pro,19.99,failed,0.0,True
575,12,premium,29.99,paid,29.99,True
576,12,premium,29.99,paid,29.99,True
577,12,basic,9.99,paid,9.99,True
578,12,premium,29.99,paid,29.99,True
579,12,basic,9.99,paid,9.99,True
580,12,basic,9.99,failed,0.0,True
581,12,basic,9.99,failed,0.0,False
582,12,premium,29.99,failed,0.0,False
583,12,basic,9.99,failed,0.0,False
584,12,basic,9.99,paid,9.99,True
585,12,pro,19.99,failed,0.0,False
586,12,basic,9.99,paid,9.99,True
587,12,basic,9.99,failed,0.0,True
588,12,basic,9.99,paid,9.99,True
589,12,basic,9.99,failed,0.0,False
590,12,basic,9.99,paid,9.99,True
591,12,basic,9.99,failed,0.0,True
592,12,pro,19.99,paid,19.99,True
593,12,basic,9.99,paid,9.99,True
594,12,basic,9.99,failed,0.0,False
595,12,premium,29.99,paid,29.99,True
596,12,basic,9.99,paid,9.99,True
597,12,pro,19.99,failed,0.0,False
598,12,basic,9.99,failed,0.0,False
599,12,basic,9.99,paid,9.99,True
600,12,basic,9.99,failed,0.0,False
601,12,basic,9.99,paid,9.99,True
602,12,basic,9.99,failed,0.0,False
603,12,basic,9.99,failed,0.0,False
604,12,basic,9.99,paid,9.99,True
605,12,basic,9.99,paid,9.99,True
606,12,basic,9.99,paid,9.99,True
607,12,basic,9.99,paid,9.99,True
608,12,basic,9.99,failed,0.0,False
609,12,pro,19.99,failed,0.0,False
610,12,pro,19.99,paid,19.99,True
611,12,basic,9.99,failed,0.0,False
612,12,pro,19.99,failed,0.0,False
613,12,pro,19.99,paid,19.99,True
614,12,basic,9.99,failed,0.0,False
615,12,premium,29.99,paid,29.99,True
616,12,premium,29.99,paid,29.99,True
617,12,basic,9.99,failed,0.0,False
618,12,basic,9.99,paid,9.99,True
619,12,pro,19.99,failed,0.0,True
620,12,pro,19.99,failed,0.0,False
621,12,basic,9.99,paid,9.99,True
622,12,basic,9.99,failed,0.0,False
623,12,basic,9.99,paid,9.99,True
624,12,basic,9.99,paid,9.99,True
625,12,pro,19.99,paid,19.99,True
626,12,basic,9.99,failed,0.0,False
627,12,basic,9.99,paid,9.99,True
628,12,pro,19.99,paid,19.99,True
629,12,basic,9.99,paid,9.99,True
630,12,basic,9.99,failed,0.0,False
631,12,pro,19.99,paid,19.99,True
632,12,premium,29.99,failed,0.0,False
633,12,pro,19.99,paid,19.99,True
634,12,pro,19.99,failed,0.0,False
635,12,basic,9.99,failed,0.0,False
636,12,basic,9.99,failed,0.0,False
637,12,pro,19.99,failed,0.0,False
638,12,basic,9.99,paid,9.99,True
639,12,basic,9.99,paid,9.99,True
640,12,basic,9.99,failed,0.0,False
641,12,basic,9.99,failed,0.0,False
642,12,basic,9.99,failed,0.0,False
643,12,basic,9.99,paid,9.99,True
644,12,basic,9.99,failed,0.0,False
645,12,basic,9.99,failed,0.0,False
646,12,premium,29.99,paid,29.99,True
647,12,pro,19.99,failed,0.0,True
648,12,pro,19.99,failed,0.0,False
649,12,pro,19.99,failed,0.0,True
650,12,basic,9.99,failed,0.0,False
651,12,basic,9.99,paid,9.99,True
652,12,pro,19.99,paid,19.99,True
653,12,pro,19.99,paid,19.99,True
654,12,pro,19.99,failed,0.0,False
655,12,basic,9.99,failed,0.0,True
656,12,basic,9.99,paid,9.99,True
657,12,basic,9.99,failed,0.0,False
658,12,basic,9.99,failed,0.0,False
659,12,pro,19.99,paid,19.99,True
660,12,pro,19.99,paid,19.99,True
661,12,basic,9.99,failed,0.0,False
662,12,premium,29.99,paid,29.99,True
663,12,pro,19.99,paid,19.99,True
664,12,basic,9.99,failed,0.0,False
665,12,basic,9.99,paid,9.99,True
666,12,basic,9.99,failed,0.0,False
667,12,basic,9.99,paid,9.99,True
668,12,basic,9.99,paid,9.99,True
669,12,basic,9.99,failed,0.0,False
670,12,basic,9.99,failed,0.0,True
671,12,basic,9.99,paid,9.99,True
672,12,premium,29.99,paid,29.99,True
673,12,basic,9.99,failed,0.0,False
674,12,pro,19.99,paid,19.99,True
675,12,basic,9.99,failed,0.0,False
676,12,premium,29.99,paid,29.99,True
677,12,basic,9.99,paid,9.99,True
678,12,basic,9.99,failed,0.0,False
679,12,premium,29.99,paid,29.99,True
680,12,premium,29.99,paid,29.99,True
681,12,pro,19.99,failed,0.0,False
682,12,basic,9.99,failed,0.0,False
683,12,basic,9.99,failed,0.0,True
684,12,pro,19.99,paid,19.99,True
685,12,premium,29.99,paid,29.99,True
686,12,pro,19.99,failed,0.0,False
687,12,pro,19.99,paid,19.99,True
688,12,basic,9.99,paid,9.99,True
689,12,pro,19.99,failed,0.0,False
690,12,basic,9.99,failed,0.0,False
691,12,basic,9.99,failed,0.0,False
692,12,basic,9.99,failed,0.0,False
693,12,pro,19.99,paid,19.99,True
694,12,basic,9.99,failed,0.0,False
695,12,basic,9.99,paid,9.99,True
696,12,pro,19.99,paid,19.99,True
697,12,basic,9.99,failed,0.0,False
698,12,pro,19.99,failed,0.0,False
699,12,basic,9.99,paid,9.99,True
700,12,basic,9.99,paid,9.99,True
701,12,pro,19.99,paid,19.99,True
702,12,basic,9.99,failed,0.0,False
703,12,basic,9.99,paid,9.99,True
704,12,basic,9.99,paid,9.99,True
705,12,basic,9.99,paid,9.99,True
706,12,premium,29.99,failed,0.0,False
707,12,basic,9.99,failed,0.0,False
708,12,pro,19.99,failed,0.0,False
709,12,basic,9.99,failed,0.0,False
710,12,pro,19.99,paid,19.99,True
711,12,pro,19.99,paid,19.99,True
712,12,pro,19.99,paid,19.99,True
713,12,basic,9.99,failed,0.0,False
714,12,basic,9.99,failed,0.0,False
715,12,basic,9.99,failed,0.0,False
716,12,premium,29.99,paid,29.99,True
717,12,pro,19.99,paid,19.99,True
718,12,premium,29.99,failed,0.0,False
719,12,basic,9.99,paid,9.99,True
720,12,pro,19.99,paid,19.99,True
721,12,premium,29.99,paid,29.99,True
722,12,basic,9.99,failed,0.0,False
723,12,basic,9.99,paid,9.99,True
724,12,pro,19.99,paid,19.99,True
725,12,pro,19.99,paid,19.99,True
726,12,pro,19.99,paid,19.99,True
727,12,basic,9.99,failed,0.0,False
728,12,pro,19.99,failed,0.0,False
729,12,basic,9.99,failed,0.0,False
730,12,basic,9.99,paid,9.99,True
731,12,basic,9.99,failed,0.0,True
732,12,pro,19.99,paid,19.99,True
733,12,pro,19.99,failed,0.0,False
734,12,pro,19.99,paid,19.99,True
735,12,basic,9.99,failed,0.0,False
736,12,premium,29.99,paid,29.99,True
737,12,basic,9.99,paid,9.99,True
738,12,pro,19.99,paid,19.99,True
739,12,basic,9.99,paid,9.99,True
740,12,basic,9.99,paid,9.99,True
741,12,basic,9.99,paid,9.99,True
742,12,basic,9.99,paid,9.99,True
743,12,pro,19.99,paid,19.99,True
744,12,pro,19.99,failed,0.0,False
745,12,basic,9.99,failed,0.0,False
746,12,premium,29.99,paid,29.99,True
747,12,basic,9.99,failed,0.0,False
748,12,pro,19.99,paid,19.99,True
749,12,premium,29.99,paid,29.99,True
750,12,pro,19.99,paid,19.99,True
751,12,basic,9.99,failed,0.0,False
752,12,premium,29.99,paid,29.99,True
753,12,pro,19.99,paid,19.99,True
754,12,basic,9.99,failed,0.0,False
755,12,basic,9.99,paid,9.99,True
756,12,pro,19.99,paid,19.99,True
757,12,pro,19.99,failed,0.0,False
758,12,pro,19.99,paid,19.99,True
759,12,premium,29.99,paid,29.99,True
760,12,pro,19.99,paid,19.99,True
761,12,basic,9.99,paid,9.99,True
762,12,basic,9.99,failed,0.0,False
763,12,basic,9.99,paid,9.99,True
764,12,pro,19.99,failed,0.0,False
765,12,basic,9.99,failed,0.0,True
766,12,pro,19.99,paid,19.99,True
767,12,pro,19.99,paid,19.99,True
768,12,premium,29.99,paid,29.99,True
769,12,basic,9.99,paid,9.99,True
770,12,pro,19.99,paid,19.99,True
771,12,basic,9.99,failed,0.0,False
772,12,pro,19.99,paid,19.99,True
773,12,basic,9.99,paid,9.99,True
774,12,basic,9.99,paid,9.99,True
775,12,pro,19.99,paid,19.99,True
776,12,basic,9.99,failed,0.0,False
777,12,basic,9.99,paid,9.99,True
778,12,pro,19.99,failed,0.0,False
779,12,pro,19.99,paid,19.99,True
780,12,pro,19.99,failed,0.0,False
781,12,pro,19.99,paid,19.99,True
782,12,pro,19.99,failed,0.0,False
783,12,basic,9.99,paid,9.99,True
784,12,basic,9.99,paid,9.99,True
785,12,basic,9.99,failed,0.0,False
786,12,premium,29.99,paid,29.99,True
787,12,pro,19.99,paid,19.99,True
788,12,basic,9.99,failed,0.0,False
789,12,basic,9.99,paid,9.99,True
790,12,premium,29.99,paid,29.99,True
791,12,basic,9.99,paid,9.99,True
792,12,pro,19.99,paid,19.99,True
793,12,pro,19.99,paid,19.99,True
794,12,pro,19.99,failed,0.0,True
795,12,basic,9.99,failed,0.0,False
796,12,premium,29.99,paid,29.99,True
797,12,premium,29.99,failed,0.0,False
798,12,pro,19.99,paid,19.99,True
799,12,pro,19.99,paid,19.99,True
800,12,premium,29.99,paid,29.99,True
801,12,pro,19.99,paid,19.99,True
802,12,basic,9.99,failed,0.0,False
803,12,pro,19.99,paid,19.99,True
804,12,pro,19.99,paid,19.99,True
805,12,basic,9.99,failed,0.0,False
806,12,pro,19.99,paid,19.99,True
807,12,premium,29.99,paid,29.99,True
808,12,premium,29.99,paid,29.99,True
809,12,basic,9.99,paid,9.99,True
810,12,basic,9.99,failed,0.0,False
811,12,premium,29.99,failed,0.0,True
812,12,pro,19.99,paid,19.99,True
813,12,basic,9.99,failed,0.0,True
814,12,premium,29.99,paid,29.99,True
815,12,premium,29.99,failed,0.0,False
816,12,pro,19.99,failed,0.0,False
817,12,pro,19.99,paid,19.99,True
818,12,basic,9.99,paid,9.99,True
819,12,basic,9.99,failed,0.0,False
820,12,basic,9.99,failed,0.0,False
821,12,pro,19.99,failed,0.0,False
822,12,basic,9.99,failed,0.0,False
823,12,basic,9.99,failed,0.0,False
824,12,basic,9.99,paid,9.99,True
825,12,pro,19.99,paid,19.99,True
826,12,premium,29.99,failed,0.0,False
827,12,basic,9.99,paid,9.99,True
828,12,basic,9.99,paid,9.99,True
829,12,pro,19.99,paid,19.99,True
830,12,basic,9.99,paid,9.99,True
831,12,basic,9.99,paid,9.99,True
832,12,basic,9.99,paid,9.99,True
833,12,basic,9.99,paid,9.99,True
834,12,basic,9.99,failed,0.0,False
835,12,basic,9.99,failed,0.0,False
836,12,basic,9.99,paid,9.99,True
837,12,premium,29.99,failed,0.0,False
838,12,basic,9.99,failed,0.0,False
839,12,pro,19.99,paid,19.99,True
840,12,pro,19.99,paid,19.99,True
841,12,basic,9.99,paid,9.99,True
842,12,pro,19.99,paid,19.99,True
843,12,basic,9.99,failed,0.0,False
844,12,premium,29.99,paid,29.99,True
845,12,basic,9.99,paid,9.99,True
846,12,basic,9.99,paid,9.99,True
847,12,basic,9.99,failed,0.0,False
848,12,premium,29.99,paid,29.99,True
849,12,pro,19.99,paid,19.99,True
850,12,pro,19.99,failed,0.0,False
851,12,basic,9.99,failed,0.0,False
852,12,pro,19.99,paid,19.99,True
853,12,basic,9.99,failed,0.0,False
854,12,premium,29.99,paid,29.99,True
855,12,basic,9.99,failed,0.0,False
856,12,basic,9.99,failed,0.0,False
857,12,basic,9.99,failed,0.0,False
858,12,basic,9.99,paid,9.99,True
859,12,pro,19.99,failed,0.0,False
860,12,basic,9.99,paid,9.99,True
861,12,pro,19.99,paid,19.99,True
862,12,basic,9.99,paid,9.99,True
863,12,pro,19.99,paid,19.99,True
864,12,basic,9.99,paid,9.99,True
865,12,basic,9.99,paid,9.99,True
866,12,pro,19.99,paid,19.99,True
867,12,basic,9.99,paid,9.99,True
868,12,basic,9.99,failed,0.0,False
869,12,premium,29.99,paid,29.99,True
870,12,premium,29.99,failed,0.0,False
871,12,basic,9.99,paid,9.99,True
872,12,basic,9.99,failed,0.0,False
873,12,pro,19.99,paid,19.99,True
874,12,basic,9.99,paid,9.99,True
875,12,basic,9.99,failed,0.0,False
876,12,basic,9.99,failed,0.0,False
877,12,pro,19.99,paid,19.99,True
878,12,pro,19.99,paid,19.99,True
879,12,basic,9.99,failed,0.0,False
880,12,basic,9.99,paid,9.99,True
881,12,basic,9.99,failed,0.0,False
882,12,pro,19.99,paid,19.99,True
883,12,basic,9.99,failed,0.0,False
884,12,basic,9.99,failed,0.0,False
885,12,pro,19.99,failed,0.0,False
886,12,basic,9.99,failed,0.0,False
887,12,pro,19.99,paid,19.99,True
888,12,basic,9.99,failed,0.0,False
889,12,basic,9.99,paid,9.99,True
890,12,basic,9.99,failed,0.0,False
891,12,pro,19.99,failed,0.0,False
892,12,premium,29.99,paid,29.99,True
893,12,pro,19.99,failed,0.0,False
894,12,basic,9.99,paid,9.99,True
895,12,pro,19.99,paid,19.99,True
896,12,basic,9.99,failed,0.0,False
897,12,basic,9.99,paid,9.99,True
898,12,premium,29.99,paid,29.99,True
899,12,basic,9.99,failed,0.0,False
900,12,basic,9.99,paid,9.99,True
901,12,basic,9.99,failed,0.0,False
902,12,basic,9.99,paid,9.99,True
903,12,basic,9.99,paid,9.99,True
904,12,pro,19.99,paid,19.99,True
905,12,basic,9.99,failed,0.0,False
906,12,premium,29.99,failed,0.0,False
907,12,pro,19.99,failed,0.0,False
908,12,basic,9.99,paid,9.99,True
909,12,basic,9.99,failed,0.0,False
910,12,basic,9.99,failed,0.0,False
911,12,pro,19.99,failed,0.0,False
912,12,basic,9.99,paid,9.99,True
913,12,pro,19.99,failed,0.0,False
914,12,basic,9.99,paid,9.99,True
915,12,pro,19.99,failed,0.0,False
916,12,basic,9.99,paid,9.99,True
917,12,basic,9.99,failed,0.0,True
918,12,premium,29.99,paid,29.99,True
919,12,pro,19.99,failed,0.0,False
920,12,basic,9.99,failed,0.0,False
921,12,premium,29.99,failed,0.0,False
922,12,basic,9.99,paid,9.99,True
923,12,premium,29.99,paid,29.99,True
924,12,pro,19.99,failed,0.0,False
925,12,basic,9.99,paid,9.99,True
926,12,basic,9.99,paid,9.99,True
927,12,basic,9.99,paid,9.99,True
928,12,pro,19.99,paid,19.99,True
929,12,pro,19.99,paid,19.99,True
930,12,basic,9.99,paid,9.99,True
931,12,basic,9.99,paid,9.99,True
932,12,pro,19.99,failed,0.0,False
933,12,premium,29.99,paid,29.99,True
934,12,pro,19.99,paid,19.99,True
935,12,basic,9.99,failed,0.0,True
936,12,basic,9.99,failed,0.0,False
937,12,basic,9.99,paid,9.99,True
938,12,premium,29.99,paid,29.99,True
939,12,basic,9.99,failed,0.0,False
940,12,pro,19.99,paid,19.99,True
941,12,basic,9.99,failed,0.0,False
942,12,pro,19.99,paid,19.99,True
943,12,pro,19.99,paid,19.99,True
944,12,pro,19.99,paid,19.99,True
945,12,basic,9.99,paid,9.99,True
946,12,basic,9.99,paid,9.99,True
947,12,basic,9.99,paid,9.99,True
948,12,premium,29.99,failed,0.0,True
949,12,premium,29.99,paid,29.99,True
950,12,pro,19.99,failed,0.0,True
951,12,pro,19.99,failed,0.0,False
952,12,pro,19.99,failed,0.0,False
953,12,basic,9.99,paid,9.99,True
954,12,premium,29.99,paid,29.99,True
955,12,basic,9.99,paid,9.99,True
956,12,basic,9.99,failed,0.0,False
957,12,pro,19.99,paid,19.99,True
958,12,basic,9.99,failed,0.0,False
959,12,basic,9.99,paid,9.99,True
960,12,pro,19.99,failed,0.0,False
961,12,basic,9.99,failed,0.0,True
962,12,pro,19.99,paid,19.99,True
963,12,basic,9.99,paid,9.99,True
964,12,basic,9.99,paid,9.99,True
965,12,basic,9.99,paid,9.99,True
966,12,basic,9.99,paid,9.99,True
967,12,pro,19.99,paid,19.99,True
968,12,basic,9.99,failed,0.0,False
969,12,pro,19.99,paid,19.99,True
970,12,basic,9.99,failed,0.0,False
971,12,pro,19.99,paid,19.99,True
972,12,premium,29.99,failed,0.0,False
973,12,pro,19.99,failed,0.0,False
974,12,basic,9.99,failed,0.0,False
975,12,basic,9.99,failed,0.0,False
976,12,basic,9.99,failed,0.0,False
977,12,pro,19.99,failed,0.0,False
978,12,basic,9.99,paid,9.99,True
979,12,basic,9.99,paid,9.99,True
980,12,pro,19.99,failed,0.0,False
981,12,basic,9.99,paid,9.99,True
982,12,pro,19.99,paid,19.99,True
983,12,basic,9.99,failed,0.0,True
984,12,basic,9.99,failed,0.0,False
985,12,pro,19.99,paid,19.99,True
986,12,basic,9.99,paid,9.99,True
987,12,pro,19.99,paid,19.99,True
988,12,basic,9.99,paid,9.99,True
989,12,basic,9.99,paid,9.99,True
990,12,pro,19.99,failed,0.0,False
991,12,pro,19.99,failed,0.0,True
992,12,pro,19.99,failed,0.0,False
993,12,basic,9.99,failed,0.0,False
994,12,pro,19.99,failed,0.0,False
995,12,basic,9.99,paid,9.99,True
996,12,basic,9.99,paid,9.99,True
997,12,premium,29.99,failed,0.0,False
998,12,basic,9.99,paid,9.99,True
999,12,premium,29.99,paid,29.99,True
1000,12,basic,9.99,paid,9.99,True
